{
  "best_epoch": 0,
  "best_val_loss": null,
  "total_seconds": 4.439785173017299,
  "epochs": [],
  "train_metrics": {
    "classification": {
      "labels": [
        0,
        1,
        2
      ],
      "accuracy": 0.4684865496627836,
      "balanced_accuracy": 0.4289700488226756,
      "precision_macro": 0.43247268444063636,
      "precision_micro": 0.4684865496627836,
      "precision_weighted": 0.4647131584074003,
      "recall_macro": 0.4289700488226756,
      "recall_micro": 0.4684865496627836,
      "recall_weighted": 0.4684865496627836,
      "f1_macro": 0.42964408488643885,
      "f1_micro": 0.4684865496627836,
      "f1_weighted": 0.46545789093315926,
      "confusion_matrix": [
        [
          9650,
          11576,
          14712
        ],
        [
          11901,
          38881,
          34171
        ],
        [
          10691,
          27912,
          49274
        ]
      ]
    }
  },
  "test_metrics": {
    "classification": {
      "labels": [
        0,
        1,
        2
      ],
      "accuracy": 0.46640289699570814,
      "balanced_accuracy": 0.42765635429453736,
      "precision_macro": 0.4316202684522121,
      "precision_micro": 0.46640289699570814,
      "precision_weighted": 0.461884390019849,
      "recall_macro": 0.42765635429453736,
      "recall_micro": 0.46640289699570814,
      "recall_weighted": 0.46640289699570814,
      "f1_macro": 0.42856734868672913,
      "f1_micro": 0.46640289699570814,
      "f1_weighted": 0.46308377854044863,
      "confusion_matrix": [
        [
          4218,
          5088,
          6482
        ],
        [
          5100,
          16453,
          14421
        ],
        [
          4579,
          12072,
          21059
        ]
      ]
    }
  },
  "run_timestamp": "20251226_200758_608544",
  "params_hash": "77da8517c9c2cf069d4e8125d6f78ce4a516713e52f3f61c6c2396f44ef4da94"
}