{
  "best_epoch": 0,
  "best_val_loss": null,
  "total_seconds": 0.02123695900081657,
  "epochs": [],
  "train_metrics": {
    "classification": {
      "labels": [
        0,
        1,
        2,
        3,
        4,
        5,
        6,
        7,
        8
      ],
      "accuracy": 0.15922619047619047,
      "balanced_accuracy": 0.14594445611272053,
      "precision_macro": 0.14526443848887471,
      "precision_micro": 0.15922619047619047,
      "precision_weighted": 0.16806755367244072,
      "recall_macro": 0.14594445611272053,
      "recall_micro": 0.15922619047619047,
      "recall_weighted": 0.15922619047619047,
      "f1_macro": 0.12025790769805583,
      "f1_micro": 0.15922619047619047,
      "f1_weighted": 0.14025554759542025,
      "confusion_matrix": [
        [
          151,
          144,
          13,
          91,
          103,
          69,
          125,
          0,
          11
        ],
        [
          130,
          263,
          34,
          109,
          118,
          99,
          166,
          0,
          20
        ],
        [
          210,
          245,
          44,
          205,
          124,
          183,
          433,
          2,
          52
        ],
        [
          317,
          317,
          34,
          234,
          129,
          285,
          473,
          2,
          33
        ],
        [
          365,
          459,
          54,
          278,
          263,
          185,
          633,
          3,
          73
        ],
        [
          203,
          218,
          33,
          185,
          99,
          246,
          469,
          2,
          22
        ],
        [
          287,
          384,
          85,
          342,
          225,
          286,
          921,
          2,
          56
        ],
        [
          191,
          205,
          47,
          237,
          132,
          132,
          466,
          3,
          56
        ],
        [
          71,
          124,
          16,
          98,
          78,
          70,
          153,
          0,
          15
        ]
      ]
    }
  },
  "test_metrics": {
    "classification": {
      "labels": [
        0,
        1,
        2,
        3,
        4,
        5,
        6,
        7,
        8
      ],
      "accuracy": 0.15815972222222222,
      "balanced_accuracy": 0.14932529986736426,
      "precision_macro": 0.1194308311648858,
      "precision_micro": 0.15815972222222222,
      "precision_weighted": 0.1438897250635362,
      "recall_macro": 0.14932529986736426,
      "recall_micro": 0.15815972222222222,
      "recall_weighted": 0.15815972222222222,
      "f1_macro": 0.1197824276059846,
      "f1_micro": 0.15815972222222222,
      "f1_weighted": 0.13957705529325762,
      "confusion_matrix": [
        [
          68,
          57,
          8,
          20,
          46,
          24,
          39,
          0,
          6
        ],
        [
          60,
          120,
          11,
          36,
          48,
          38,
          74,
          0,
          9
        ],
        [
          85,
          109,
          19,
          95,
          47,
          91,
          177,
          2,
          22
        ],
        [
          131,
          128,
          20,
          108,
          55,
          128,
          216,
          1,
          14
        ],
        [
          156,
          184,
          24,
          116,
          118,
          85,
          286,
          0,
          33
        ],
        [
          86,
          104,
          21,
          94,
          44,
          101,
          175,
          0,
          13
        ],
        [
          123,
          195,
          35,
          136,
          123,
          119,
          373,
          3,
          25
        ],
        [
          82,
          77,
          21,
          95,
          72,
          66,
          209,
          0,
          24
        ],
        [
          20,
          58,
          3,
          36,
          33,
          20,
          56,
          0,
          4
        ]
      ]
    }
  },
  "run_timestamp": "20251208_103154_549921",
  "params_hash": "a1a579e116550ba0767dbe87fe4fa26487e377e721a7311fad8947958ca07cb7"
}