{
  "best_epoch": 0,
  "best_val_loss": null,
  "total_seconds": 6.108552416000748,
  "epochs": [],
  "train_metrics": {
    "classification": {
      "labels": [
        0,
        1,
        2,
        3,
        4
      ],
      "accuracy": 0.317040925812385,
      "balanced_accuracy": 0.3039181740699751,
      "precision_macro": 0.29636661518856905,
      "precision_micro": 0.317040925812385,
      "precision_weighted": 0.32126218839492415,
      "recall_macro": 0.3039181740699751,
      "recall_micro": 0.317040925812385,
      "recall_weighted": 0.317040925812385,
      "f1_macro": 0.29463083931198336,
      "f1_micro": 0.317040925812385,
      "f1_weighted": 0.3152909631861172,
      "confusion_matrix": [
        [
          5620,
          3632,
          1822,
          2617,
          4555
        ],
        [
          5827,
          13542,
          4030,
          7988,
          10039
        ],
        [
          4624,
          6849,
          5855,
          7110,
          9163
        ],
        [
          7304,
          10586,
          5337,
          16227,
          17240
        ],
        [
          6964,
          8780,
          6063,
          12050,
          24944
        ]
      ]
    }
  },
  "test_metrics": {
    "classification": {
      "labels": [
        0,
        1,
        2,
        3,
        4
      ],
      "accuracy": 0.31840128755364805,
      "balanced_accuracy": 0.30480529516065136,
      "precision_macro": 0.2965696759407364,
      "precision_micro": 0.31840128755364805,
      "precision_weighted": 0.32110272315429034,
      "recall_macro": 0.30480529516065136,
      "recall_micro": 0.31840128755364805,
      "recall_weighted": 0.31840128755364805,
      "f1_macro": 0.2957452764905585,
      "f1_micro": 0.31840128755364805,
      "f1_weighted": 0.3163284963028307,
      "confusion_matrix": [
        [
          2553,
          1611,
          799,
          1154,
          1966
        ],
        [
          2496,
          5689,
          1827,
          3490,
          4254
        ],
        [
          1921,
          2876,
          2403,
          3087,
          3877
        ],
        [
          3184,
          4443,
          2313,
          6989,
          7228
        ],
        [
          2923,
          3723,
          2610,
          5202,
          10854
        ]
      ]
    }
  },
  "run_timestamp": "20251227_012156_172725",
  "params_hash": "6fddd029725dac7d12cd0677fa963392e9ca681916b1590a7b99f938194d378f"
}