{
  "best_epoch": 0,
  "best_val_loss": null,
  "total_seconds": 0.016102146997582167,
  "epochs": [],
  "train_metrics": {
    "classification": {
      "labels": [
        0,
        1,
        2,
        3,
        4
      ],
      "accuracy": 0.27626488095238094,
      "balanced_accuracy": 0.24509237927086155,
      "precision_macro": 0.24045165050861064,
      "precision_micro": 0.27626488095238094,
      "precision_weighted": 0.26181756650096055,
      "recall_macro": 0.24509237927086155,
      "recall_micro": 0.27626488095238094,
      "recall_weighted": 0.27626488095238094,
      "f1_macro": 0.21660601353131365,
      "f1_micro": 0.27626488095238094,
      "f1_weighted": 0.24453320516961155,
      "confusion_matrix": [
        [
          332,
          42,
          40,
          281,
          510
        ],
        [
          419,
          124,
          139,
          766,
          1211
        ],
        [
          312,
          67,
          156,
          637,
          966
        ],
        [
          593,
          170,
          231,
          1153,
          1507
        ],
        [
          528,
          183,
          145,
          980,
          1948
        ]
      ]
    }
  },
  "test_metrics": {
    "classification": {
      "labels": [
        0,
        1,
        2,
        3,
        4
      ],
      "accuracy": 0.26493055555555556,
      "balanced_accuracy": 0.23975483976146794,
      "precision_macro": 0.22575089026312659,
      "precision_micro": 0.26493055555555556,
      "precision_weighted": 0.24879729643971674,
      "recall_macro": 0.23975483976146794,
      "recall_micro": 0.26493055555555556,
      "recall_weighted": 0.26493055555555556,
      "f1_macro": 0.20780468786309209,
      "f1_micro": 0.26493055555555556,
      "f1_weighted": 0.23428190369434043,
      "confusion_matrix": [
        [
          147,
          23,
          21,
          117,
          182
        ],
        [
          199,
          64,
          56,
          295,
          537
        ],
        [
          164,
          35,
          51,
          286,
          401
        ],
        [
          263,
          92,
          116,
          435,
          645
        ],
        [
          239,
          80,
          63,
          420,
          829
        ]
      ]
    }
  },
  "run_timestamp": "20251208_141449_612104",
  "params_hash": "7760feefeb4482b12317a8937bf85518b502cc9d0a250f2a6b10b05365228cd8"
}