{
  "best_epoch": 0,
  "best_val_loss": null,
  "total_seconds": 0.00346915700356476,
  "epochs": [],
  "train_metrics": {
    "classification": {
      "labels": [
        0,
        1,
        2
      ],
      "accuracy": 0.41577380952380955,
      "balanced_accuracy": 0.33284069053121096,
      "precision_macro": 0.1892595880912397,
      "precision_micro": 0.41577380952380955,
      "precision_weighted": 0.20282738095238095,
      "recall_macro": 0.33284069053121096,
      "recall_micro": 0.41577380952380955,
      "recall_weighted": 0.41577380952380955,
      "f1_macro": 0.20613840112243167,
      "f1_micro": 0.41577380952380955,
      "f1_weighted": 0.25286510731052986,
      "confusion_matrix": [
        [
          38,
          0,
          2330
        ],
        [
          122,
          0,
          5301
        ],
        [
          99,
          0,
          5550
        ]
      ]
    }
  },
  "test_metrics": {
    "classification": {
      "labels": [
        0,
        1,
        2
      ],
      "accuracy": 0.41996527777777776,
      "balanced_accuracy": 0.3347810675396882,
      "precision_macro": 0.1981554773934188,
      "precision_micro": 0.41996527777777776,
      "precision_weighted": 0.20795457326365485,
      "recall_macro": 0.3347810675396882,
      "recall_micro": 0.41996527777777776,
      "recall_weighted": 0.41996527777777776,
      "f1_macro": 0.20909339222140433,
      "f1_micro": 0.41996527777777776,
      "f1_weighted": 0.25666130505131873,
      "confusion_matrix": [
        [
          18,
          0,
          944
        ],
        [
          53,
          0,
          2309
        ],
        [
          35,
          0,
          2401
        ]
      ]
    }
  },
  "run_timestamp": "20251208_141433_858413",
  "params_hash": "112011c55b84bcd011d660e6bab23147c7b2fcc8f2fb605936dbdf1f5deb43a3"
}