{
  "best_epoch": 0,
  "best_val_loss": null,
  "total_seconds": 13.607399660977535,
  "epochs": [],
  "train_metrics": {
    "classification": {
      "labels": [
        0,
        1,
        2,
        3,
        4,
        5,
        6,
        7,
        8
      ],
      "accuracy": 0.1934060775597793,
      "balanced_accuracy": 0.22379449150816022,
      "precision_macro": 0.19431037496105205,
      "precision_micro": 0.1934060775597793,
      "precision_weighted": 0.2192561057148026,
      "recall_macro": 0.22379449150816022,
      "recall_micro": 0.1934060775597793,
      "recall_weighted": 0.1934060775597793,
      "f1_macro": 0.1845370632381328,
      "f1_micro": 0.1934060775597793,
      "f1_weighted": 0.19130675917244977,
      "confusion_matrix": [
        [
          3507,
          961,
          516,
          746,
          872,
          864,
          631,
          500,
          1962
        ],
        [
          1673,
          3317,
          834,
          1015,
          676,
          1151,
          2214,
          1393,
          2094
        ],
        [
          2648,
          2528,
          1810,
          2655,
          1861,
          2901,
          3849,
          1702,
          3340
        ],
        [
          2954,
          2596,
          1334,
          4359,
          3568,
          3942,
          3228,
          1599,
          5179
        ],
        [
          4960,
          2851,
          1644,
          3641,
          5501,
          3798,
          4110,
          2485,
          7145
        ],
        [
          2680,
          2373,
          929,
          2489,
          1789,
          4620,
          3254,
          974,
          3793
        ],
        [
          3992,
          3388,
          2066,
          3028,
          3682,
          4179,
          9939,
          3000,
          7185
        ],
        [
          2773,
          1862,
          1104,
          1591,
          2046,
          2137,
          3665,
          2538,
          5223
        ],
        [
          774,
          370,
          145,
          620,
          849,
          499,
          568,
          744,
          4786
        ]
      ]
    }
  },
  "test_metrics": {
    "classification": {
      "labels": [
        0,
        1,
        2,
        3,
        4,
        5,
        6,
        7,
        8
      ],
      "accuracy": 0.1921271459227468,
      "balanced_accuracy": 0.22320564522284092,
      "precision_macro": 0.19247815636451837,
      "precision_micro": 0.1921271459227468,
      "precision_weighted": 0.21636093391051198,
      "recall_macro": 0.22320564522284092,
      "recall_micro": 0.1921271459227468,
      "recall_weighted": 0.1921271459227468,
      "f1_macro": 0.18324297908070253,
      "f1_micro": 0.1921271459227468,
      "f1_weighted": 0.18949148635470142,
      "confusion_matrix": [
        [
          1493,
          427,
          216,
          342,
          417,
          383,
          236,
          210,
          862
        ],
        [
          700,
          1500,
          331,
          416,
          311,
          549,
          990,
          614,
          959
        ],
        [
          1133,
          1137,
          757,
          1196,
          843,
          1225,
          1585,
          739,
          1410
        ],
        [
          1238,
          1071,
          597,
          1790,
          1477,
          1669,
          1364,
          633,
          2177
        ],
        [
          2173,
          1203,
          685,
          1531,
          2379,
          1620,
          1821,
          1012,
          2934
        ],
        [
          1160,
          1067,
          405,
          1068,
          773,
          1955,
          1496,
          430,
          1598
        ],
        [
          1725,
          1484,
          878,
          1293,
          1589,
          1747,
          4217,
          1281,
          3111
        ],
        [
          1191,
          866,
          494,
          668,
          921,
          918,
          1617,
          1045,
          2194
        ],
        [
          321,
          148,
          75,
          252,
          316,
          213,
          227,
          320,
          2054
        ]
      ]
    }
  },
  "run_timestamp": "20251226_200734_955585",
  "params_hash": "bafe5cbaab324dccae2b411e919e99f782fbb22bdc17bff661dc62c309c730ff"
}