{
  "best_epoch": 0,
  "best_val_loss": null,
  "total_seconds": 4.444610944017768,
  "epochs": [],
  "train_metrics": {
    "classification": {
      "labels": [
        0,
        1,
        2,
        3,
        4
      ],
      "accuracy": 0.3273154889638259,
      "balanced_accuracy": 0.31523605469355415,
      "precision_macro": 0.30022120980471934,
      "precision_micro": 0.3273154889638259,
      "precision_weighted": 0.33934462212147354,
      "recall_macro": 0.31523605469355415,
      "recall_micro": 0.3273154889638259,
      "recall_weighted": 0.3273154889638259,
      "f1_macro": 0.2874121316725239,
      "f1_micro": 0.3273154889638259,
      "f1_weighted": 0.3208050576009839,
      "confusion_matrix": [
        [
          8650,
          1936,
          1073,
          3118,
          3083
        ],
        [
          8464,
          6523,
          3492,
          16376,
          8458
        ],
        [
          5612,
          2651,
          4756,
          9939,
          4319
        ],
        [
          12978,
          6187,
          7124,
          34449,
          12007
        ],
        [
          11514,
          3982,
          3435,
          14687,
          13955
        ]
      ]
    }
  },
  "test_metrics": {
    "classification": {
      "labels": [
        0,
        1,
        2,
        3,
        4
      ],
      "accuracy": 0.32358726752503575,
      "balanced_accuracy": 0.3107935646822921,
      "precision_macro": 0.29805158772110707,
      "precision_micro": 0.32358726752503575,
      "precision_weighted": 0.3355271301313019,
      "recall_macro": 0.3107935646822921,
      "recall_micro": 0.32358726752503575,
      "recall_weighted": 0.32358726752503575,
      "f1_macro": 0.2846998023905135,
      "f1_micro": 0.32358726752503575,
      "f1_weighted": 0.3170317558605361,
      "confusion_matrix": [
        [
          3637,
          918,
          439,
          1477,
          1299
        ],
        [
          3722,
          2805,
          1447,
          7103,
          3588
        ],
        [
          2309,
          1103,
          2027,
          4319,
          1876
        ],
        [
          5543,
          2587,
          3042,
          14495,
          5040
        ],
        [
          5032,
          1772,
          1499,
          6405,
          5988
        ]
      ]
    }
  },
  "run_timestamp": "20251226_200332_730281",
  "params_hash": "a2c6351ba4b6ec5cc0ddef234cb55c7b09b6d6f58609897f3ebfeffff81b8b45"
}