{
  "best_epoch": 0,
  "best_val_loss": null,
  "total_seconds": 4.164659548987402,
  "epochs": [],
  "train_metrics": {
    "classification": {
      "labels": [
        0,
        1,
        2,
        3,
        4,
        5,
        6,
        7,
        8
      ],
      "accuracy": 0.18158913243408953,
      "balanced_accuracy": 0.19369480478250245,
      "precision_macro": 0.1773288799198838,
      "precision_micro": 0.18158913243408953,
      "precision_weighted": 0.20142803692577232,
      "recall_macro": 0.19369480478250245,
      "recall_micro": 0.18158913243408953,
      "recall_weighted": 0.18158913243408953,
      "f1_macro": 0.16895078234652042,
      "f1_micro": 0.18158913243408953,
      "f1_weighted": 0.17938948021434453,
      "confusion_matrix": [
        [
          2185,
          1584,
          279,
          1069,
          1261,
          1139,
          1191,
          418,
          1433
        ],
        [
          1380,
          3743,
          588,
          1137,
          983,
          1347,
          2854,
          837,
          1498
        ],
        [
          2052,
          3279,
          1358,
          2316,
          2073,
          3823,
          4119,
          1315,
          2959
        ],
        [
          2796,
          2971,
          1190,
          4022,
          3291,
          5652,
          3407,
          1751,
          3679
        ],
        [
          3841,
          4124,
          1284,
          3181,
          5613,
          5189,
          4458,
          2413,
          6032
        ],
        [
          1892,
          2698,
          800,
          2549,
          2136,
          6298,
          2804,
          1262,
          2462
        ],
        [
          2941,
          4910,
          1609,
          3385,
          3593,
          6111,
          9428,
          3071,
          5411
        ],
        [
          2099,
          2339,
          785,
          1867,
          2666,
          2867,
          4442,
          2343,
          3531
        ],
        [
          497,
          1172,
          215,
          508,
          1235,
          1061,
          1173,
          574,
          2920
        ]
      ]
    }
  },
  "test_metrics": {
    "classification": {
      "labels": [
        0,
        1,
        2,
        3,
        4,
        5,
        6,
        7,
        8
      ],
      "accuracy": 0.180179273962804,
      "balanced_accuracy": 0.1926207563659582,
      "precision_macro": 0.17600284644485317,
      "precision_micro": 0.180179273962804,
      "precision_weighted": 0.19908430784922793,
      "recall_macro": 0.1926207563659582,
      "recall_micro": 0.180179273962804,
      "recall_weighted": 0.180179273962804,
      "f1_macro": 0.16783152060802875,
      "f1_micro": 0.180179273962804,
      "f1_weighted": 0.17769442367762608,
      "confusion_matrix": [
        [
          944,
          743,
          127,
          468,
          541,
          511,
          436,
          169,
          647
        ],
        [
          564,
          1677,
          253,
          471,
          443,
          645,
          1248,
          395,
          674
        ],
        [
          842,
          1441,
          581,
          1047,
          874,
          1665,
          1736,
          534,
          1305
        ],
        [
          1200,
          1261,
          504,
          1664,
          1398,
          2393,
          1357,
          746,
          1493
        ],
        [
          1738,
          1702,
          574,
          1398,
          2268,
          2291,
          1868,
          1029,
          2490
        ],
        [
          825,
          1192,
          337,
          1126,
          939,
          2639,
          1267,
          589,
          1038
        ],
        [
          1275,
          2090,
          644,
          1450,
          1569,
          2563,
          4087,
          1288,
          2359
        ],
        [
          900,
          997,
          342,
          747,
          1145,
          1234,
          2017,
          1018,
          1514
        ],
        [
          189,
          495,
          88,
          223,
          518,
          454,
          468,
          248,
          1243
        ]
      ]
    }
  },
  "run_timestamp": "20251226_201749_891355",
  "params_hash": "9e998d4f41b6be926a45f9f010d85e1377107965a7aa14d63006d058cdaf1165"
}