{
  "best_epoch": 0,
  "best_val_loss": null,
  "total_seconds": 0.0350029889959842,
  "epochs": [],
  "train_metrics": {
    "classification": {
      "labels": [
        0,
        1,
        2,
        3,
        4
      ],
      "accuracy": 0.28348214285714285,
      "balanced_accuracy": 0.26778290925701953,
      "precision_macro": 0.2606581735439397,
      "precision_micro": 0.28348214285714285,
      "precision_weighted": 0.2818287581625878,
      "recall_macro": 0.26778290925701953,
      "recall_micro": 0.28348214285714285,
      "recall_weighted": 0.28348214285714285,
      "f1_macro": 0.2498500298143302,
      "f1_micro": 0.28348214285714285,
      "f1_weighted": 0.2719765068478673,
      "confusion_matrix": [
        [
          382,
          193,
          41,
          238,
          351
        ],
        [
          451,
          724,
          93,
          567,
          824
        ],
        [
          374,
          379,
          125,
          466,
          794
        ],
        [
          547,
          684,
          141,
          1021,
          1261
        ],
        [
          476,
          640,
          188,
          922,
          1558
        ]
      ]
    }
  },
  "test_metrics": {
    "classification": {
      "labels": [
        0,
        1,
        2,
        3,
        4
      ],
      "accuracy": 0.28715277777777776,
      "balanced_accuracy": 0.2702698153730062,
      "precision_macro": 0.2753729492302421,
      "precision_micro": 0.28715277777777776,
      "precision_weighted": 0.29576725718021013,
      "recall_macro": 0.2702698153730062,
      "recall_micro": 0.28715277777777776,
      "recall_weighted": 0.28715277777777776,
      "f1_macro": 0.25542682884055296,
      "f1_micro": 0.28715277777777776,
      "f1_weighted": 0.2783188663573866,
      "confusion_matrix": [
        [
          145,
          90,
          13,
          103,
          139
        ],
        [
          186,
          312,
          53,
          226,
          374
        ],
        [
          156,
          178,
          82,
          222,
          299
        ],
        [
          235,
          305,
          56,
          418,
          537
        ],
        [
          215,
          251,
          68,
          400,
          697
        ]
      ]
    }
  },
  "run_timestamp": "20251208_141606_150010",
  "params_hash": "0a4e1cc054bbb63d391bce3ec9886e9a63de24eb91136e120638790cc0d621b1"
}