{
  "best_epoch": 0,
  "best_val_loss": null,
  "total_seconds": 0.032213345999480225,
  "epochs": [],
  "train_metrics": {
    "classification": {
      "labels": [
        0,
        1,
        2,
        3,
        4,
        5,
        6,
        7,
        8
      ],
      "accuracy": 0.15989583333333332,
      "balanced_accuracy": 0.1608961122176413,
      "precision_macro": 0.15235361193852573,
      "precision_micro": 0.15989583333333332,
      "precision_weighted": 0.1789169457656446,
      "recall_macro": 0.1608961122176413,
      "recall_micro": 0.15989583333333332,
      "recall_weighted": 0.15989583333333332,
      "f1_macro": 0.14070434373060095,
      "f1_micro": 0.15989583333333332,
      "f1_weighted": 0.15859083666366844,
      "confusion_matrix": [
        [
          84,
          74,
          27,
          31,
          137,
          77,
          93,
          22,
          162
        ],
        [
          74,
          131,
          85,
          31,
          155,
          51,
          156,
          28,
          228
        ],
        [
          109,
          144,
          164,
          84,
          176,
          184,
          273,
          40,
          324
        ],
        [
          176,
          213,
          134,
          145,
          223,
          234,
          288,
          78,
          333
        ],
        [
          230,
          214,
          173,
          110,
          482,
          237,
          366,
          87,
          414
        ],
        [
          122,
          123,
          143,
          104,
          166,
          251,
          221,
          63,
          284
        ],
        [
          179,
          250,
          202,
          114,
          396,
          292,
          626,
          91,
          438
        ],
        [
          136,
          176,
          108,
          66,
          228,
          122,
          295,
          49,
          289
        ],
        [
          35,
          21,
          34,
          18,
          109,
          88,
          92,
          11,
          217
        ]
      ]
    }
  },
  "test_metrics": {
    "classification": {
      "labels": [
        0,
        1,
        2,
        3,
        4,
        5,
        6,
        7,
        8
      ],
      "accuracy": 0.15104166666666666,
      "balanced_accuracy": 0.15869647301681486,
      "precision_macro": 0.14499762955959894,
      "precision_micro": 0.15104166666666666,
      "precision_weighted": 0.17117052378916195,
      "recall_macro": 0.15869647301681486,
      "recall_micro": 0.15104166666666666,
      "recall_weighted": 0.15104166666666666,
      "f1_macro": 0.13446098262218137,
      "f1_micro": 0.15104166666666666,
      "f1_weighted": 0.15067376016039383,
      "confusion_matrix": [
        [
          38,
          23,
          11,
          14,
          50,
          31,
          29,
          11,
          61
        ],
        [
          31,
          52,
          35,
          14,
          67,
          20,
          73,
          15,
          89
        ],
        [
          45,
          71,
          69,
          42,
          90,
          81,
          112,
          15,
          122
        ],
        [
          92,
          72,
          69,
          60,
          109,
          91,
          119,
          43,
          146
        ],
        [
          123,
          100,
          56,
          58,
          184,
          116,
          161,
          55,
          149
        ],
        [
          42,
          54,
          56,
          43,
          75,
          104,
          84,
          36,
          144
        ],
        [
          81,
          116,
          75,
          54,
          205,
          113,
          256,
          36,
          196
        ],
        [
          58,
          65,
          38,
          35,
          91,
          52,
          138,
          23,
          146
        ],
        [
          14,
          11,
          17,
          2,
          44,
          31,
          25,
          2,
          84
        ]
      ]
    }
  },
  "run_timestamp": "20251208_103552_798529",
  "params_hash": "de7b8ae5dbd7cbcecbec576d81eb7359fe45acf0237fdff2b0be308892e3a718"
}