{
  "best_epoch": 0,
  "best_val_loss": null,
  "total_seconds": 0.2696518190059578,
  "epochs": [],
  "train_metrics": {
    "classification": {
      "labels": [
        0,
        1,
        2,
        3,
        4,
        5,
        6,
        7,
        8
      ],
      "accuracy": 0.19107142857142856,
      "balanced_accuracy": 0.22574050426255216,
      "precision_macro": 0.2018384922040351,
      "precision_micro": 0.19107142857142856,
      "precision_weighted": 0.2292199447868604,
      "recall_macro": 0.22574050426255216,
      "recall_micro": 0.19107142857142856,
      "recall_weighted": 0.19107142857142856,
      "f1_macro": 0.18676011738891835,
      "f1_micro": 0.19107142857142856,
      "f1_weighted": 0.1896668852332683,
      "confusion_matrix": [
        [
          237,
          111,
          39,
          33,
          47,
          78,
          17,
          29,
          116
        ],
        [
          150,
          267,
          93,
          39,
          52,
          65,
          86,
          68,
          119
        ],
        [
          211,
          202,
          164,
          131,
          129,
          216,
          132,
          118,
          195
        ],
        [
          256,
          215,
          136,
          211,
          178,
          271,
          132,
          134,
          291
        ],
        [
          339,
          280,
          142,
          137,
          375,
          282,
          194,
          161,
          403
        ],
        [
          157,
          156,
          97,
          98,
          97,
          405,
          125,
          108,
          234
        ],
        [
          300,
          284,
          106,
          138,
          269,
          358,
          436,
          223,
          474
        ],
        [
          204,
          146,
          86,
          82,
          130,
          152,
          171,
          190,
          308
        ],
        [
          62,
          28,
          28,
          18,
          77,
          37,
          49,
          43,
          283
        ]
      ]
    }
  },
  "test_metrics": {
    "classification": {
      "labels": [
        0,
        1,
        2,
        3,
        4,
        5,
        6,
        7,
        8
      ],
      "accuracy": 0.17135416666666667,
      "balanced_accuracy": 0.2044891595174208,
      "precision_macro": 0.18102613520435337,
      "precision_micro": 0.17135416666666667,
      "precision_weighted": 0.2103470670616765,
      "recall_macro": 0.2044891595174208,
      "recall_micro": 0.17135416666666667,
      "recall_weighted": 0.17135416666666667,
      "f1_macro": 0.16656782997966552,
      "f1_micro": 0.17135416666666667,
      "f1_weighted": 0.1725398918288731,
      "confusion_matrix": [
        [
          78,
          40,
          19,
          16,
          26,
          25,
          5,
          19,
          40
        ],
        [
          68,
          114,
          35,
          20,
          23,
          27,
          40,
          22,
          47
        ],
        [
          106,
          92,
          57,
          56,
          47,
          96,
          71,
          33,
          89
        ],
        [
          113,
          126,
          61,
          79,
          61,
          110,
          68,
          67,
          116
        ],
        [
          162,
          104,
          59,
          65,
          146,
          111,
          87,
          79,
          189
        ],
        [
          50,
          79,
          45,
          60,
          38,
          152,
          63,
          46,
          105
        ],
        [
          135,
          122,
          54,
          58,
          131,
          140,
          189,
          97,
          206
        ],
        [
          75,
          59,
          46,
          34,
          60,
          62,
          78,
          80,
          152
        ],
        [
          26,
          13,
          12,
          6,
          32,
          18,
          17,
          14,
          92
        ]
      ]
    }
  },
  "run_timestamp": "20251208_105151_350811",
  "params_hash": "1f7bedc53e16dbc49bc911940e26eac16e5c5bbd69e278a9b109f94f9240d7a3"
}