{
  "best_epoch": 0,
  "best_val_loss": null,
  "total_seconds": 2.9496784070215654,
  "epochs": [],
  "train_metrics": {
    "classification": {
      "labels": [
        0,
        1,
        2,
        3,
        4
      ],
      "accuracy": 0.2973683706315144,
      "balanced_accuracy": 0.2905765909264342,
      "precision_macro": 0.2813183593392645,
      "precision_micro": 0.2973683706315144,
      "precision_weighted": 0.3060072196180858,
      "recall_macro": 0.2905765909264342,
      "recall_micro": 0.2973683706315144,
      "recall_weighted": 0.2973683706315144,
      "f1_macro": 0.27560485127727,
      "f1_micro": 0.2973683706315144,
      "f1_weighted": 0.2946146267476451,
      "confusion_matrix": [
        [
          6614,
          2436,
          2007,
          2340,
          4849
        ],
        [
          7181,
          8234,
          4927,
          8148,
          12936
        ],
        [
          5946,
          4464,
          6126,
          6809,
          10256
        ],
        [
          9161,
          7227,
          5834,
          16179,
          18293
        ],
        [
          8916,
          7001,
          6404,
          11552,
          24928
        ]
      ]
    }
  },
  "test_metrics": {
    "classification": {
      "labels": [
        0,
        1,
        2,
        3,
        4
      ],
      "accuracy": 0.298719152360515,
      "balanced_accuracy": 0.290149083935549,
      "precision_macro": 0.281905214833934,
      "precision_micro": 0.298719152360515,
      "precision_weighted": 0.3069049152188241,
      "recall_macro": 0.290149083935549,
      "recall_micro": 0.298719152360515,
      "recall_weighted": 0.298719152360515,
      "f1_macro": 0.2762317267495541,
      "f1_micro": 0.298719152360515,
      "f1_weighted": 0.29602420420067727,
      "confusion_matrix": [
        [
          2889,
          1036,
          941,
          1086,
          2131
        ],
        [
          3036,
          3595,
          2167,
          3514,
          5444
        ],
        [
          2607,
          1843,
          2508,
          2970,
          4236
        ],
        [
          3996,
          3026,
          2425,
          6955,
          7755
        ],
        [
          3856,
          2879,
          2820,
          4977,
          10780
        ]
      ]
    }
  },
  "run_timestamp": "20251226_200106_647752",
  "params_hash": "5dd09e02fc50415cce6921421cfd61c90be83399e9f14f20a0e909fefb713fd8"
}