{
  "best_epoch": 0,
  "best_val_loss": null,
  "total_seconds": 1.9761831420182716,
  "epochs": [],
  "train_metrics": {
    "classification": {
      "labels": [
        0,
        1,
        2,
        3,
        4,
        5,
        6,
        7,
        8
      ],
      "accuracy": 0.17337427191906807,
      "balanced_accuracy": 0.17465563371034937,
      "precision_macro": 0.15461581655656162,
      "precision_micro": 0.17337427191906807,
      "precision_weighted": 0.18719354622287457,
      "recall_macro": 0.17465563371034937,
      "recall_micro": 0.17337427191906807,
      "recall_weighted": 0.17337427191906807,
      "f1_macro": 0.14075232282741165,
      "f1_micro": 0.17337427191906807,
      "f1_weighted": 0.16146366506192192,
      "confusion_matrix": [
        [
          5655,
          637,
          442,
          743,
          628,
          1840,
          492,
          713,
          61
        ],
        [
          3618,
          1502,
          1158,
          1000,
          523,
          2240,
          1010,
          1600,
          41
        ],
        [
          5292,
          2280,
          2388,
          2668,
          1374,
          4960,
          2683,
          3712,
          183
        ],
        [
          4793,
          2058,
          1910,
          3726,
          1193,
          6950,
          2765,
          2461,
          237
        ],
        [
          8635,
          1821,
          1893,
          3261,
          1783,
          8370,
          2465,
          3542,
          267
        ],
        [
          8150,
          2194,
          2082,
          4228,
          1890,
          13296,
          4183,
          5125,
          202
        ],
        [
          9254,
          2409,
          2597,
          4000,
          1351,
          8764,
          4715,
          5428,
          178
        ],
        [
          2567,
          1158,
          847,
          1148,
          636,
          4054,
          1381,
          3084,
          68
        ],
        [
          1548,
          524,
          487,
          984,
          174,
          1349,
          489,
          605,
          46
        ]
      ]
    }
  },
  "test_metrics": {
    "classification": {
      "labels": [
        0,
        1,
        2,
        3,
        4,
        5,
        6,
        7,
        8
      ],
      "accuracy": 0.1694273068669528,
      "balanced_accuracy": 0.17108627660084838,
      "precision_macro": 0.14994984258388716,
      "precision_micro": 0.1694273068669528,
      "precision_weighted": 0.1813886896546734,
      "recall_macro": 0.17108627660084838,
      "recall_micro": 0.1694273068669528,
      "recall_weighted": 0.1694273068669528,
      "f1_macro": 0.13738340604328422,
      "f1_micro": 0.1694273068669528,
      "f1_weighted": 0.15694453350759047,
      "confusion_matrix": [
        [
          2412,
          286,
          187,
          333,
          253,
          806,
          250,
          318,
          21
        ],
        [
          1530,
          635,
          514,
          471,
          249,
          966,
          380,
          715,
          22
        ],
        [
          2289,
          1069,
          933,
          1122,
          608,
          2227,
          1142,
          1568,
          83
        ],
        [
          2048,
          904,
          878,
          1560,
          553,
          2938,
          1164,
          1039,
          103
        ],
        [
          3610,
          728,
          793,
          1402,
          734,
          3529,
          1092,
          1613,
          130
        ],
        [
          3533,
          927,
          929,
          1704,
          856,
          5564,
          1666,
          2097,
          90
        ],
        [
          4068,
          1076,
          1085,
          1802,
          601,
          3723,
          1968,
          2350,
          85
        ],
        [
          1157,
          473,
          355,
          471,
          278,
          1820,
          571,
          1334,
          34
        ],
        [
          651,
          231,
          194,
          426,
          79,
          601,
          209,
          238,
          19
        ]
      ]
    }
  },
  "run_timestamp": "20251226_201516_856221",
  "params_hash": "36241cf22c8ced32b85acfb5c49d25b60c89bcedeb7069f68bbd192f9e08767f"
}