{
  "best_epoch": 0,
  "best_val_loss": null,
  "total_seconds": 0.005607921993942,
  "epochs": [],
  "train_metrics": {
    "classification": {
      "labels": [
        0,
        1,
        2,
        3,
        4
      ],
      "accuracy": 0.3060267857142857,
      "balanced_accuracy": 0.23824507259196803,
      "precision_macro": 0.1938697047341585,
      "precision_micro": 0.3060267857142857,
      "precision_weighted": 0.23761648813368763,
      "recall_macro": 0.23824507259196803,
      "recall_micro": 0.3060267857142857,
      "recall_weighted": 0.3060267857142857,
      "f1_macro": 0.18263797872040705,
      "f1_micro": 0.3060267857142857,
      "f1_weighted": 0.23254451072455726,
      "confusion_matrix": [
        [
          388,
          42,
          0,
          625,
          105
        ],
        [
          416,
          225,
          0,
          1944,
          215
        ],
        [
          275,
          130,
          0,
          1228,
          126
        ],
        [
          689,
          381,
          0,
          3300,
          268
        ],
        [
          743,
          196,
          0,
          1944,
          200
        ]
      ]
    }
  },
  "test_metrics": {
    "classification": {
      "labels": [
        0,
        1,
        2,
        3,
        4
      ],
      "accuracy": 0.30833333333333335,
      "balanced_accuracy": 0.2344558641651638,
      "precision_macro": 0.18897918495517732,
      "precision_micro": 0.30833333333333335,
      "precision_weighted": 0.23418429831651164,
      "recall_macro": 0.2344558641651638,
      "recall_micro": 0.30833333333333335,
      "recall_weighted": 0.30833333333333335,
      "f1_macro": 0.1802641424130258,
      "f1_micro": 0.30833333333333335,
      "f1_weighted": 0.23361066361592198,
      "confusion_matrix": [
        [
          155,
          16,
          0,
          270,
          49
        ],
        [
          162,
          102,
          0,
          818,
          108
        ],
        [
          126,
          62,
          0,
          521,
          37
        ],
        [
          304,
          148,
          0,
          1448,
          122
        ],
        [
          284,
          94,
          0,
          863,
          71
        ]
      ]
    }
  },
  "run_timestamp": "20251208_141433_901479",
  "params_hash": "b6c9afe329fa666ccf8d1917d1480dc77b11276c4f9dd5ca06a2238cd039252e"
}