{
  "best_epoch": 0,
  "best_val_loss": null,
  "total_seconds": 3.5643562379991636,
  "epochs": [],
  "train_metrics": {
    "classification": {
      "labels": [
        0,
        1,
        2,
        3,
        4,
        5,
        6,
        7,
        8
      ],
      "accuracy": 0.16973386725935008,
      "balanced_accuracy": 0.175630400205257,
      "precision_macro": 0.16144312514990328,
      "precision_micro": 0.16973386725935008,
      "precision_weighted": 0.18812866454497051,
      "recall_macro": 0.175630400205257,
      "recall_micro": 0.16973386725935008,
      "recall_weighted": 0.16973386725935008,
      "f1_macro": 0.14684569066752653,
      "f1_micro": 0.16973386725935008,
      "f1_weighted": 0.16302717890140242,
      "confusion_matrix": [
        [
          2964,
          823,
          361,
          1064,
          876,
          925,
          1535,
          372,
          1639
        ],
        [
          3325,
          966,
          742,
          1231,
          684,
          992,
          3500,
          793,
          2134
        ],
        [
          3360,
          999,
          1259,
          3081,
          1343,
          2730,
          5531,
          1158,
          3833
        ],
        [
          2957,
          1452,
          877,
          5339,
          2171,
          4383,
          4479,
          1279,
          5822
        ],
        [
          5836,
          1936,
          1188,
          4674,
          3092,
          4605,
          6210,
          1670,
          6924
        ],
        [
          2650,
          1484,
          808,
          3066,
          1231,
          4510,
          4411,
          886,
          3855
        ],
        [
          4328,
          1666,
          1559,
          4217,
          2421,
          4921,
          12742,
          2038,
          6567
        ],
        [
          2566,
          1003,
          895,
          2176,
          1538,
          2269,
          5822,
          1456,
          5214
        ],
        [
          1230,
          287,
          167,
          957,
          578,
          841,
          1535,
          653,
          3107
        ]
      ]
    }
  },
  "test_metrics": {
    "classification": {
      "labels": [
        0,
        1,
        2,
        3,
        4,
        5,
        6,
        7,
        8
      ],
      "accuracy": 0.16862258583690987,
      "balanced_accuracy": 0.17717940994117232,
      "precision_macro": 0.16140253163287877,
      "precision_micro": 0.16862258583690987,
      "precision_weighted": 0.18560273638230307,
      "recall_macro": 0.17717940994117232,
      "recall_micro": 0.16862258583690987,
      "recall_weighted": 0.16862258583690987,
      "f1_macro": 0.14709035284399757,
      "f1_micro": 0.16862258583690987,
      "f1_weighted": 0.16130818825450055,
      "confusion_matrix": [
        [
          1318,
          351,
          153,
          471,
          441,
          380,
          632,
          143,
          697
        ],
        [
          1431,
          455,
          308,
          539,
          306,
          467,
          1552,
          357,
          955
        ],
        [
          1456,
          418,
          577,
          1387,
          595,
          1171,
          2277,
          496,
          1648
        ],
        [
          1292,
          606,
          374,
          2184,
          913,
          1910,
          1877,
          504,
          2356
        ],
        [
          2526,
          809,
          490,
          2033,
          1247,
          1927,
          2709,
          697,
          2920
        ],
        [
          1121,
          667,
          345,
          1307,
          549,
          1939,
          1983,
          364,
          1677
        ],
        [
          1896,
          746,
          674,
          1730,
          1094,
          2031,
          5374,
          903,
          2877
        ],
        [
          1084,
          464,
          369,
          965,
          687,
          984,
          2557,
          633,
          2171
        ],
        [
          502,
          131,
          74,
          409,
          235,
          345,
          601,
          269,
          1360
        ]
      ]
    }
  },
  "run_timestamp": "20251226_195856_339312",
  "params_hash": "44ced57c880452d5f4d83e48320e9d3cd5c6a294500f05f3377aae661f630d86"
}