{
  "best_epoch": 0,
  "best_val_loss": null,
  "total_seconds": 2.853338905988494,
  "epochs": [],
  "train_metrics": {
    "classification": {
      "labels": [
        0,
        1,
        2,
        3,
        4,
        5,
        6,
        7,
        8
      ],
      "accuracy": 0.16660599325567138,
      "balanced_accuracy": 0.1855283146035368,
      "precision_macro": 0.1625545770078086,
      "precision_micro": 0.16660599325567138,
      "precision_weighted": 0.18439161472116494,
      "recall_macro": 0.1855283146035368,
      "recall_micro": 0.16660599325567138,
      "recall_weighted": 0.16660599325567138,
      "f1_macro": 0.15145545931501117,
      "f1_micro": 0.16660599325567138,
      "f1_weighted": 0.1598815291688496,
      "confusion_matrix": [
        [
          3175,
          1291,
          434,
          1214,
          844,
          241,
          977,
          523,
          1860
        ],
        [
          1701,
          3379,
          639,
          1418,
          1020,
          373,
          3019,
          978,
          1840
        ],
        [
          3253,
          2753,
          1299,
          3388,
          1719,
          947,
          4742,
          1773,
          3420
        ],
        [
          4035,
          3226,
          1327,
          5353,
          2109,
          1062,
          4809,
          2284,
          4554
        ],
        [
          6468,
          4148,
          897,
          4669,
          3670,
          1302,
          5346,
          3824,
          5811
        ],
        [
          3410,
          2880,
          868,
          2943,
          1562,
          927,
          4640,
          1915,
          3756
        ],
        [
          5020,
          4193,
          1485,
          4328,
          3193,
          1412,
          10519,
          4266,
          6043
        ],
        [
          3147,
          1586,
          709,
          2745,
          1622,
          1151,
          4980,
          3169,
          3830
        ],
        [
          941,
          522,
          308,
          988,
          857,
          337,
          1195,
          916,
          3291
        ]
      ]
    }
  },
  "test_metrics": {
    "classification": {
      "labels": [
        0,
        1,
        2,
        3,
        4,
        5,
        6,
        7,
        8
      ],
      "accuracy": 0.1666219599427754,
      "balanced_accuracy": 0.1863950399381111,
      "precision_macro": 0.16432012145390418,
      "precision_micro": 0.1666219599427754,
      "precision_weighted": 0.18565029472596303,
      "recall_macro": 0.1863950399381111,
      "recall_micro": 0.1666219599427754,
      "recall_weighted": 0.1666219599427754,
      "f1_macro": 0.1522296097487819,
      "f1_micro": 0.1666219599427754,
      "f1_weighted": 0.160086710798269,
      "confusion_matrix": [
        [
          1359,
          570,
          183,
          555,
          371,
          76,
          394,
          242,
          836
        ],
        [
          770,
          1503,
          305,
          620,
          436,
          156,
          1304,
          459,
          817
        ],
        [
          1334,
          1179,
          627,
          1452,
          741,
          435,
          1983,
          750,
          1524
        ],
        [
          1751,
          1313,
          571,
          2224,
          848,
          445,
          1947,
          975,
          1942
        ],
        [
          2735,
          1765,
          340,
          1989,
          1523,
          624,
          2308,
          1595,
          2479
        ],
        [
          1478,
          1310,
          388,
          1295,
          667,
          414,
          2014,
          830,
          1556
        ],
        [
          2159,
          1797,
          624,
          1897,
          1312,
          562,
          4496,
          1866,
          2612
        ],
        [
          1380,
          684,
          330,
          1168,
          679,
          510,
          2149,
          1340,
          1674
        ],
        [
          410,
          208,
          120,
          434,
          345,
          156,
          452,
          379,
          1422
        ]
      ]
    }
  },
  "run_timestamp": "20251227_011521_222867",
  "params_hash": "cd2a46572917940b7bdbe166524d7493aa20d59d488dfdf79dce003cbb9c780f"
}