{
  "best_epoch": 0,
  "best_val_loss": null,
  "total_seconds": 0.020748372000525706,
  "epochs": [],
  "train_metrics": {
    "classification": {
      "labels": [
        0,
        1,
        2,
        3,
        4,
        5,
        6,
        7,
        8
      ],
      "accuracy": 0.15677083333333333,
      "balanced_accuracy": 0.1701437497818296,
      "precision_macro": 0.12937919871333198,
      "precision_micro": 0.15677083333333333,
      "precision_weighted": 0.1564204803959376,
      "recall_macro": 0.1701437497818296,
      "recall_micro": 0.15677083333333333,
      "recall_weighted": 0.15677083333333333,
      "f1_macro": 0.10725036823291251,
      "f1_micro": 0.15677083333333333,
      "f1_weighted": 0.11918719165064025,
      "confusion_matrix": [
        [
          312,
          15,
          4,
          36,
          26,
          200,
          12,
          4,
          126
        ],
        [
          229,
          53,
          2,
          68,
          25,
          275,
          20,
          12,
          145
        ],
        [
          349,
          124,
          0,
          128,
          54,
          636,
          47,
          30,
          285
        ],
        [
          319,
          104,
          5,
          212,
          42,
          656,
          35,
          27,
          277
        ],
        [
          489,
          86,
          5,
          180,
          80,
          676,
          52,
          32,
          432
        ],
        [
          425,
          121,
          2,
          221,
          98,
          1193,
          69,
          50,
          464
        ],
        [
          419,
          122,
          10,
          175,
          91,
          982,
          85,
          38,
          554
        ],
        [
          116,
          25,
          1,
          73,
          34,
          469,
          34,
          21,
          214
        ],
        [
          49,
          13,
          1,
          14,
          13,
          134,
          22,
          11,
          151
        ]
      ]
    }
  },
  "test_metrics": {
    "classification": {
      "labels": [
        0,
        1,
        2,
        3,
        4,
        5,
        6,
        7,
        8
      ],
      "accuracy": 0.15555555555555556,
      "balanced_accuracy": 0.16682632072323567,
      "precision_macro": 0.15666599210575016,
      "precision_micro": 0.15555555555555556,
      "precision_weighted": 0.19256691894738678,
      "recall_macro": 0.16682632072323567,
      "recall_micro": 0.15555555555555556,
      "recall_weighted": 0.15555555555555556,
      "f1_macro": 0.1061796063017782,
      "f1_micro": 0.15555555555555556,
      "f1_weighted": 0.12151245357168658,
      "confusion_matrix": [
        [
          128,
          4,
          1,
          17,
          7,
          75,
          8,
          1,
          59
        ],
        [
          95,
          23,
          0,
          25,
          10,
          125,
          8,
          4,
          51
        ],
        [
          154,
          47,
          5,
          56,
          12,
          281,
          17,
          20,
          110
        ],
        [
          152,
          45,
          2,
          83,
          30,
          268,
          18,
          12,
          113
        ],
        [
          235,
          23,
          2,
          78,
          39,
          290,
          21,
          12,
          208
        ],
        [
          169,
          45,
          3,
          103,
          44,
          516,
          31,
          24,
          202
        ],
        [
          192,
          68,
          3,
          87,
          38,
          398,
          41,
          19,
          248
        ],
        [
          52,
          8,
          3,
          30,
          17,
          166,
          18,
          7,
          92
        ],
        [
          25,
          6,
          0,
          4,
          3,
          53,
          12,
          5,
          54
        ]
      ]
    }
  },
  "run_timestamp": "20251208_102943_192563",
  "params_hash": "07f7c835d9e02c2c98809209466a13fd0617d432fa9e3b80e506e0990bd758b2"
}