{
  "best_epoch": 0,
  "best_val_loss": null,
  "total_seconds": 0.017562545006512664,
  "epochs": [],
  "train_metrics": {
    "classification": {
      "labels": [
        0,
        1,
        2,
        3,
        4
      ],
      "accuracy": 0.2884672619047619,
      "balanced_accuracy": 0.271810261103395,
      "precision_macro": 0.26203178321118364,
      "precision_micro": 0.2884672619047619,
      "precision_weighted": 0.2915187769882975,
      "recall_macro": 0.271810261103395,
      "recall_micro": 0.2884672619047619,
      "recall_weighted": 0.2884672619047619,
      "f1_macro": 0.25916558826498737,
      "f1_micro": 0.2884672619047619,
      "f1_weighted": 0.28500188962019,
      "confusion_matrix": [
        [
          402,
          218,
          67,
          373,
          100
        ],
        [
          466,
          697,
          288,
          1028,
          321
        ],
        [
          214,
          369,
          276,
          644,
          256
        ],
        [
          598,
          860,
          479,
          1884,
          817
        ],
        [
          539,
          489,
          244,
          1193,
          618
        ]
      ]
    }
  },
  "test_metrics": {
    "classification": {
      "labels": [
        0,
        1,
        2,
        3,
        4
      ],
      "accuracy": 0.2769097222222222,
      "balanced_accuracy": 0.25750238190991726,
      "precision_macro": 0.24754652941003147,
      "precision_micro": 0.2769097222222222,
      "precision_weighted": 0.2784182636857959,
      "recall_macro": 0.25750238190991726,
      "recall_micro": 0.2769097222222222,
      "recall_weighted": 0.2769097222222222,
      "f1_macro": 0.24329485848091456,
      "f1_micro": 0.2769097222222222,
      "f1_weighted": 0.2716094162363735,
      "confusion_matrix": [
        [
          166,
          84,
          27,
          158,
          55
        ],
        [
          207,
          286,
          104,
          475,
          118
        ],
        [
          89,
          168,
          98,
          282,
          109
        ],
        [
          285,
          411,
          179,
          820,
          327
        ],
        [
          231,
          239,
          98,
          519,
          225
        ]
      ]
    }
  },
  "run_timestamp": "20251208_141449_723801",
  "params_hash": "aaf3b78bb102976f5246dc59d2df273cf9c1bd616dbc7b424d0e19b3df9fe70a"
}