{
  "best_epoch": 0,
  "best_val_loss": null,
  "total_seconds": 2.007222168002045,
  "epochs": [],
  "train_metrics": {
    "classification": {
      "labels": [
        0,
        1,
        2,
        3,
        4
      ],
      "accuracy": 0.2840521535867566,
      "balanced_accuracy": 0.2756126783576356,
      "precision_macro": 0.2685087445658515,
      "precision_micro": 0.2840521535867566,
      "precision_weighted": 0.2946795009768818,
      "recall_macro": 0.2756126783576356,
      "recall_micro": 0.2840521535867566,
      "recall_weighted": 0.2840521535867566,
      "f1_macro": 0.2627061175288897,
      "f1_micro": 0.2840521535867566,
      "f1_weighted": 0.2819569538810905,
      "confusion_matrix": [
        [
          5648,
          2841,
          2282,
          2269,
          5206
        ],
        [
          7090,
          9697,
          5029,
          6883,
          12727
        ],
        [
          5840,
          5469,
          6191,
          5729,
          10372
        ],
        [
          10361,
          8859,
          6537,
          12554,
          18383
        ],
        [
          8170,
          8945,
          6698,
          9777,
          25211
        ]
      ]
    }
  },
  "test_metrics": {
    "classification": {
      "labels": [
        0,
        1,
        2,
        3,
        4
      ],
      "accuracy": 0.28594420600858367,
      "balanced_accuracy": 0.27630661522833566,
      "precision_macro": 0.2696403920142834,
      "precision_micro": 0.28594420600858367,
      "precision_weighted": 0.2955978724882991,
      "recall_macro": 0.27630661522833566,
      "recall_micro": 0.28594420600858367,
      "recall_weighted": 0.28594420600858367,
      "f1_macro": 0.26414810440322967,
      "f1_micro": 0.28594420600858367,
      "f1_weighted": 0.2836926108498952,
      "confusion_matrix": [
        [
          2496,
          1248,
          1009,
          1019,
          2311
        ],
        [
          3076,
          4175,
          2077,
          2997,
          5431
        ],
        [
          2524,
          2308,
          2579,
          2443,
          4310
        ],
        [
          4386,
          3757,
          2788,
          5409,
          7817
        ],
        [
          3502,
          3830,
          2871,
          4184,
          10925
        ]
      ]
    }
  },
  "run_timestamp": "20251226_200029_212020",
  "params_hash": "23a24e7bfae44ae5444369eb31e7d30b166fd859ba9ea199ec9affeeb1a815db"
}