{
  "best_epoch": 0,
  "best_val_loss": null,
  "total_seconds": 1.6603929139964748,
  "epochs": [],
  "train_metrics": {
    "classification": {
      "labels": [
        0,
        1,
        2,
        3,
        4
      ],
      "accuracy": 0.316787055487431,
      "balanced_accuracy": 0.30002019035101046,
      "precision_macro": 0.2843153214589881,
      "precision_micro": 0.316787055487431,
      "precision_weighted": 0.32449209485112185,
      "recall_macro": 0.30002019035101046,
      "recall_micro": 0.316787055487431,
      "recall_weighted": 0.316787055487431,
      "f1_macro": 0.27475484329372546,
      "f1_micro": 0.316787055487431,
      "f1_weighted": 0.3112609494140882,
      "confusion_matrix": [
        [
          8075,
          3604,
          681,
          2963,
          2537
        ],
        [
          7951,
          12229,
          2288,
          15079,
          5766
        ],
        [
          6824,
          4870,
          2322,
          9692,
          3569
        ],
        [
          12939,
          10958,
          4297,
          32180,
          12371
        ],
        [
          9978,
          6473,
          2789,
          17004,
          11329
        ]
      ]
    }
  },
  "test_metrics": {
    "classification": {
      "labels": [
        0,
        1,
        2,
        3,
        4
      ],
      "accuracy": 0.31308118741058655,
      "balanced_accuracy": 0.296490894568201,
      "precision_macro": 0.28174559935082133,
      "precision_micro": 0.31308118741058655,
      "precision_weighted": 0.32003194967070825,
      "recall_macro": 0.296490894568201,
      "recall_micro": 0.31308118741058655,
      "recall_weighted": 0.31308118741058655,
      "f1_macro": 0.27213675983674823,
      "f1_micro": 0.31308118741058655,
      "f1_weighted": 0.30714822321948343,
      "confusion_matrix": [
        [
          3444,
          1653,
          261,
          1290,
          1122
        ],
        [
          3397,
          5280,
          966,
          6574,
          2448
        ],
        [
          2878,
          2036,
          1000,
          4103,
          1617
        ],
        [
          5481,
          4641,
          1819,
          13539,
          5227
        ],
        [
          4354,
          2899,
          1256,
          7438,
          4749
        ]
      ]
    }
  },
  "run_timestamp": "20251227_011559_924288",
  "params_hash": "739ce5acc250c0d10d048567df4573c2f404b8d01b8cea348ac0e7ab09fc01e6"
}