{
  "best_epoch": 0,
  "best_val_loss": null,
  "total_seconds": 9.24921420600731,
  "epochs": [],
  "train_metrics": {
    "classification": {
      "labels": [
        0,
        1,
        2,
        3,
        4
      ],
      "accuracy": 0.3389312538320049,
      "balanced_accuracy": 0.34131270412846537,
      "precision_macro": 0.3158520437857513,
      "precision_micro": 0.3389312538320049,
      "precision_weighted": 0.35049288375238224,
      "recall_macro": 0.34131270412846537,
      "recall_micro": 0.3389312538320049,
      "recall_weighted": 0.3389312538320049,
      "f1_macro": 0.31524023211905317,
      "f1_micro": 0.3389312538320049,
      "f1_weighted": 0.33767806997012434,
      "confusion_matrix": [
        [
          9268,
          1999,
          768,
          2216,
          3609
        ],
        [
          6903,
          9660,
          4479,
          13256,
          9015
        ],
        [
          5038,
          4122,
          5464,
          7935,
          4718
        ],
        [
          10493,
          9989,
          8052,
          28917,
          15294
        ],
        [
          8635,
          5651,
          3256,
          12582,
          17449
        ]
      ]
    }
  },
  "test_metrics": {
    "classification": {
      "labels": [
        0,
        1,
        2,
        3,
        4
      ],
      "accuracy": 0.33572514306151646,
      "balanced_accuracy": 0.3375850618283988,
      "precision_macro": 0.3134962739344643,
      "precision_micro": 0.33572514306151646,
      "precision_weighted": 0.34617326593624437,
      "recall_macro": 0.3375850618283988,
      "recall_micro": 0.33572514306151646,
      "recall_weighted": 0.33572514306151646,
      "f1_macro": 0.3128671722769415,
      "f1_micro": 0.33572514306151646,
      "f1_weighted": 0.3342179166185049,
      "confusion_matrix": [
        [
          3966,
          896,
          353,
          964,
          1591
        ],
        [
          2971,
          4107,
          1846,
          5731,
          4010
        ],
        [
          2093,
          1751,
          2349,
          3351,
          2090
        ],
        [
          4365,
          4226,
          3363,
          12205,
          6548
        ],
        [
          3797,
          2549,
          1450,
          5489,
          7411
        ]
      ]
    }
  },
  "run_timestamp": "20251227_012112_169879",
  "params_hash": "e0dfd3e0de6b86f3ac06ba8b9bcdde7ffbcd17a2be9d39cc8c0b8659ca7c6065"
}