{
  "best_epoch": 0,
  "best_val_loss": null,
  "total_seconds": 3.5935846389911603,
  "epochs": [],
  "train_metrics": {
    "classification": {
      "labels": [
        0,
        1,
        2,
        3,
        4
      ],
      "accuracy": 0.33999463519313305,
      "balanced_accuracy": 0.33540979479746813,
      "precision_macro": 0.31310521577249617,
      "precision_micro": 0.33999463519313305,
      "precision_weighted": 0.35172848119062,
      "recall_macro": 0.33540979479746813,
      "recall_micro": 0.33999463519313305,
      "recall_weighted": 0.33999463519313305,
      "f1_macro": 0.30722259978249294,
      "f1_micro": 0.33999463519313305,
      "f1_weighted": 0.33723833336595677,
      "confusion_matrix": [
        [
          9496,
          2370,
          738,
          2456,
          2800
        ],
        [
          8382,
          10680,
          3660,
          13338,
          7253
        ],
        [
          6693,
          4220,
          3838,
          8589,
          3937
        ],
        [
          11241,
          9089,
          6257,
          31506,
          14652
        ],
        [
          8946,
          5435,
          2786,
          14946,
          15460
        ]
      ]
    }
  },
  "test_metrics": {
    "classification": {
      "labels": [
        0,
        1,
        2,
        3,
        4
      ],
      "accuracy": 0.33677575107296137,
      "balanced_accuracy": 0.3309258853797086,
      "precision_macro": 0.3097174880489068,
      "precision_micro": 0.33677575107296137,
      "precision_weighted": 0.3469698864197242,
      "recall_macro": 0.3309258853797086,
      "recall_micro": 0.33677575107296137,
      "recall_weighted": 0.33677575107296137,
      "f1_macro": 0.30378271005067276,
      "f1_micro": 0.33677575107296137,
      "f1_weighted": 0.3333483426876023,
      "confusion_matrix": [
        [
          4057,
          1091,
          289,
          1120,
          1213
        ],
        [
          3646,
          4520,
          1557,
          5827,
          3115
        ],
        [
          2841,
          1839,
          1588,
          3671,
          1695
        ],
        [
          4602,
          3885,
          2596,
          13391,
          6233
        ],
        [
          4007,
          2365,
          1214,
          6534,
          6576
        ]
      ]
    }
  },
  "run_timestamp": "20251227_011829_174496",
  "params_hash": "f4adcf5757c086a992c29392e519c0b8fc69fe9c0d75efc3cfe08cca99a7f6d4"
}