{
  "best_epoch": 0,
  "best_val_loss": null,
  "total_seconds": 1.4746036210271996,
  "epochs": [],
  "train_metrics": {
    "classification": {
      "labels": [
        0,
        1,
        2,
        3,
        4
      ],
      "accuracy": 0.2780454858982219,
      "balanced_accuracy": 0.26432856224535256,
      "precision_macro": 0.25848846028870914,
      "precision_micro": 0.2780454858982219,
      "precision_weighted": 0.28054423715168864,
      "recall_macro": 0.26432856224535256,
      "recall_micro": 0.2780454858982219,
      "recall_weighted": 0.2780454858982219,
      "f1_macro": 0.25076865277504934,
      "f1_micro": 0.2780454858982219,
      "f1_weighted": 0.26939555989132286,
      "confusion_matrix": [
        [
          5262,
          2783,
          1878,
          2615,
          5708
        ],
        [
          6827,
          8344,
          4529,
          6803,
          14923
        ],
        [
          5765,
          5135,
          5396,
          5455,
          11850
        ],
        [
          9062,
          7763,
          5485,
          11426,
          22958
        ],
        [
          6798,
          7576,
          5902,
          10906,
          27619
        ]
      ]
    }
  },
  "test_metrics": {
    "classification": {
      "labels": [
        0,
        1,
        2,
        3,
        4
      ],
      "accuracy": 0.2779640557939914,
      "balanced_accuracy": 0.26427530718942605,
      "precision_macro": 0.25767660156738914,
      "precision_micro": 0.2779640557939914,
      "precision_weighted": 0.27910537088578025,
      "recall_macro": 0.26427530718942605,
      "recall_micro": 0.2779640557939914,
      "recall_weighted": 0.2779640557939914,
      "f1_macro": 0.25065651169265657,
      "f1_micro": 0.2779640557939914,
      "f1_weighted": 0.26891200672377635,
      "confusion_matrix": [
        [
          2388,
          1207,
          815,
          1155,
          2518
        ],
        [
          2879,
          3577,
          1925,
          3026,
          6349
        ],
        [
          2506,
          2238,
          2203,
          2254,
          4963
        ],
        [
          4001,
          3256,
          2308,
          4822,
          9770
        ],
        [
          2920,
          3311,
          2573,
          4628,
          11880
        ]
      ]
    }
  },
  "run_timestamp": "20251227_011524_566116",
  "params_hash": "da9ec76e755a2ccc8a5326309c91e393c5fc58acbd4b152e23bcf72cde89aa50"
}