{
  "best_epoch": 0,
  "best_val_loss": null,
  "total_seconds": 1.578224828990642,
  "epochs": [],
  "train_metrics": {
    "classification": {
      "labels": [
        0,
        1,
        2,
        3,
        4
      ],
      "accuracy": 0.31441600245248313,
      "balanced_accuracy": 0.2904632565574033,
      "precision_macro": 0.2815774352035389,
      "precision_micro": 0.31441600245248313,
      "precision_weighted": 0.3197464805874716,
      "recall_macro": 0.2904632565574033,
      "recall_micro": 0.31441600245248313,
      "recall_weighted": 0.31441600245248313,
      "f1_macro": 0.2666045548457813,
      "f1_micro": 0.31441600245248313,
      "f1_weighted": 0.30553343296013163,
      "confusion_matrix": [
        [
          7561,
          2866,
          413,
          3885,
          3135
        ],
        [
          8126,
          8470,
          2419,
          16769,
          7529
        ],
        [
          6725,
          3257,
          2140,
          10575,
          4580
        ],
        [
          13560,
          7475,
          3764,
          33388,
          14558
        ],
        [
          8809,
          5555,
          1732,
          17396,
          14081
        ]
      ]
    }
  },
  "test_metrics": {
    "classification": {
      "labels": [
        0,
        1,
        2,
        3,
        4
      ],
      "accuracy": 0.3102311337625179,
      "balanced_accuracy": 0.2863234066709707,
      "precision_macro": 0.2782546593825448,
      "precision_micro": 0.3102311337625179,
      "precision_weighted": 0.3146831217784447,
      "recall_macro": 0.2863234066709707,
      "recall_micro": 0.3102311337625179,
      "recall_weighted": 0.3102311337625179,
      "f1_macro": 0.2635196127407654,
      "f1_micro": 0.3102311337625179,
      "f1_weighted": 0.30106800651593524,
      "confusion_matrix": [
        [
          3215,
          1274,
          156,
          1781,
          1344
        ],
        [
          3589,
          3582,
          1013,
          7250,
          3231
        ],
        [
          2825,
          1418,
          926,
          4475,
          1990
        ],
        [
          5535,
          3232,
          1641,
          14072,
          6227
        ],
        [
          3921,
          2454,
          777,
          7582,
          5962
        ]
      ]
    }
  },
  "run_timestamp": "20251227_011437_897076",
  "params_hash": "7af7023e185e73f1911d622fef0f0593237d52ee24df2927bedb872d90363922"
}