{
  "best_epoch": 0,
  "best_val_loss": null,
  "total_seconds": 8.212247357994784,
  "epochs": [],
  "train_metrics": {
    "classification": {
      "labels": [
        0,
        1,
        2,
        3,
        4
      ],
      "accuracy": 0.29927958307786634,
      "balanced_accuracy": 0.3026044300700641,
      "precision_macro": 0.29197574793851844,
      "precision_micro": 0.29927958307786634,
      "precision_weighted": 0.3194517447326047,
      "recall_macro": 0.3026044300700641,
      "recall_micro": 0.29927958307786634,
      "recall_weighted": 0.29927958307786634,
      "f1_macro": 0.2873589048745267,
      "f1_micro": 0.29927958307786634,
      "f1_weighted": 0.3040821982927372,
      "confusion_matrix": [
        [
          6943,
          3140,
          1446,
          2996,
          3721
        ],
        [
          7342,
          11681,
          5404,
          7900,
          9099
        ],
        [
          6536,
          5718,
          7373,
          7112,
          6862
        ],
        [
          10389,
          9774,
          7227,
          16852,
          12452
        ],
        [
          11332,
          8679,
          6808,
          12351,
          19631
        ]
      ]
    }
  },
  "test_metrics": {
    "classification": {
      "labels": [
        0,
        1,
        2,
        3,
        4
      ],
      "accuracy": 0.2970761802575107,
      "balanced_accuracy": 0.2986421336777794,
      "precision_macro": 0.28912479358401233,
      "precision_micro": 0.2970761802575107,
      "precision_weighted": 0.3162396898089701,
      "recall_macro": 0.2986421336777794,
      "recall_micro": 0.2970761802575107,
      "recall_weighted": 0.2970761802575107,
      "f1_macro": 0.28478512926619326,
      "f1_micro": 0.2970761802575107,
      "f1_weighted": 0.3016965822895475,
      "confusion_matrix": [
        [
          2996,
          1390,
          671,
          1340,
          1686
        ],
        [
          3138,
          4912,
          2353,
          3422,
          3931
        ],
        [
          2839,
          2461,
          3045,
          2992,
          2827
        ],
        [
          4386,
          4145,
          3107,
          7179,
          5340
        ],
        [
          4864,
          3734,
          2831,
          5435,
          8448
        ]
      ]
    }
  },
  "run_timestamp": "20251227_012041_013893",
  "params_hash": "8aebc4c8def4435e899f44f860fc8cde8f0b0da81e6d6164e9e7e5be1111cea8"
}