{
  "best_epoch": 0,
  "best_val_loss": null,
  "total_seconds": 0.02830292900034692,
  "epochs": [],
  "train_metrics": {
    "classification": {
      "labels": [
        0,
        1,
        2,
        3,
        4,
        5,
        6,
        7,
        8
      ],
      "accuracy": 0.16875,
      "balanced_accuracy": 0.16615322596472887,
      "precision_macro": 0.14909819875971747,
      "precision_micro": 0.16875,
      "precision_weighted": 0.16872929456709843,
      "recall_macro": 0.16615322596472887,
      "recall_micro": 0.16875,
      "recall_weighted": 0.16875,
      "f1_macro": 0.142061358086962,
      "f1_micro": 0.16875,
      "f1_weighted": 0.15465932950787772,
      "confusion_matrix": [
        [
          206,
          107,
          28,
          10,
          110,
          65,
          132,
          21,
          28
        ],
        [
          122,
          217,
          64,
          32,
          125,
          64,
          258,
          40,
          17
        ],
        [
          255,
          202,
          67,
          27,
          160,
          237,
          360,
          103,
          87
        ],
        [
          266,
          255,
          82,
          48,
          180,
          306,
          400,
          139,
          148
        ],
        [
          338,
          274,
          78,
          48,
          376,
          376,
          468,
          165,
          190
        ],
        [
          169,
          176,
          80,
          35,
          176,
          337,
          319,
          73,
          112
        ],
        [
          238,
          275,
          110,
          66,
          335,
          399,
          831,
          147,
          187
        ],
        [
          214,
          77,
          52,
          24,
          206,
          211,
          461,
          117,
          107
        ],
        [
          89,
          17,
          35,
          15,
          127,
          73,
          146,
          54,
          69
        ]
      ]
    }
  },
  "test_metrics": {
    "classification": {
      "labels": [
        0,
        1,
        2,
        3,
        4,
        5,
        6,
        7,
        8
      ],
      "accuracy": 0.16197916666666667,
      "balanced_accuracy": 0.16211258824125863,
      "precision_macro": 0.14751761788805762,
      "precision_micro": 0.16197916666666667,
      "precision_weighted": 0.16712689072449838,
      "recall_macro": 0.16211258824125863,
      "recall_micro": 0.16197916666666667,
      "recall_weighted": 0.16197916666666667,
      "f1_macro": 0.13904728846239306,
      "f1_micro": 0.16197916666666667,
      "f1_weighted": 0.15049322565572537,
      "confusion_matrix": [
        [
          63,
          37,
          10,
          1,
          49,
          35,
          42,
          15,
          16
        ],
        [
          49,
          104,
          25,
          4,
          53,
          41,
          103,
          14,
          3
        ],
        [
          107,
          79,
          32,
          25,
          64,
          85,
          177,
          35,
          43
        ],
        [
          125,
          105,
          39,
          28,
          77,
          119,
          177,
          69,
          62
        ],
        [
          142,
          115,
          29,
          24,
          147,
          157,
          240,
          75,
          73
        ],
        [
          71,
          80,
          30,
          21,
          68,
          132,
          149,
          36,
          51
        ],
        [
          93,
          135,
          53,
          28,
          171,
          168,
          342,
          63,
          79
        ],
        [
          83,
          31,
          29,
          19,
          118,
          81,
          192,
          53,
          40
        ],
        [
          33,
          13,
          15,
          7,
          39,
          29,
          42,
          20,
          32
        ]
      ]
    }
  },
  "run_timestamp": "20251208_104443_834311",
  "params_hash": "d0b9718c16f7034f16c732d14410946415fb1edcf6cf270d059fb30dba516acd"
}