{
  "best_epoch": 0,
  "best_val_loss": null,
  "total_seconds": 6.258375635021366,
  "epochs": [],
  "train_metrics": {
    "classification": {
      "labels": [
        0,
        1,
        2,
        3,
        4,
        5,
        6,
        7,
        8
      ],
      "accuracy": 0.17980246014714898,
      "balanced_accuracy": 0.20486883580237658,
      "precision_macro": 0.18191472922854302,
      "precision_micro": 0.17980246014714898,
      "precision_weighted": 0.2062139514118313,
      "recall_macro": 0.20486883580237658,
      "recall_micro": 0.17980246014714898,
      "recall_weighted": 0.17980246014714898,
      "f1_macro": 0.1719671923283238,
      "f1_micro": 0.17980246014714898,
      "f1_weighted": 0.18000977924558753,
      "confusion_matrix": [
        [
          2292,
          1421,
          561,
          1282,
          969,
          437,
          936,
          493,
          2168
        ],
        [
          1279,
          3480,
          1122,
          1412,
          1475,
          644,
          1849,
          1056,
          2050
        ],
        [
          2103,
          3637,
          2228,
          3087,
          2092,
          2193,
          2724,
          1517,
          3713
        ],
        [
          2510,
          3287,
          1837,
          4949,
          3241,
          2755,
          3375,
          2053,
          4752
        ],
        [
          3832,
          4743,
          1799,
          3656,
          5683,
          2333,
          4891,
          2134,
          7064
        ],
        [
          1882,
          2818,
          1704,
          2598,
          1842,
          3117,
          2956,
          1438,
          4546
        ],
        [
          3570,
          4717,
          2252,
          3839,
          4173,
          3348,
          8426,
          3193,
          6941
        ],
        [
          2471,
          2628,
          1097,
          2365,
          2037,
          1238,
          4072,
          2714,
          4317
        ],
        [
          435,
          596,
          260,
          506,
          770,
          525,
          814,
          801,
          4648
        ]
      ]
    }
  },
  "test_metrics": {
    "classification": {
      "labels": [
        0,
        1,
        2,
        3,
        4,
        5,
        6,
        7,
        8
      ],
      "accuracy": 0.17845806509298998,
      "balanced_accuracy": 0.203497983250088,
      "precision_macro": 0.1800415430011486,
      "precision_micro": 0.17845806509298998,
      "precision_weighted": 0.2037241011767814,
      "recall_macro": 0.203497983250088,
      "recall_micro": 0.17845806509298998,
      "recall_weighted": 0.17845806509298998,
      "f1_macro": 0.1703963008670295,
      "f1_micro": 0.17845806509298998,
      "f1_weighted": 0.17831911591805866,
      "confusion_matrix": [
        [
          953,
          597,
          249,
          553,
          429,
          211,
          397,
          224,
          973
        ],
        [
          541,
          1512,
          478,
          673,
          643,
          293,
          846,
          476,
          908
        ],
        [
          865,
          1622,
          949,
          1367,
          874,
          909,
          1187,
          664,
          1588
        ],
        [
          1116,
          1385,
          793,
          2046,
          1295,
          1191,
          1416,
          792,
          1982
        ],
        [
          1688,
          2027,
          798,
          1561,
          2337,
          1017,
          2135,
          933,
          2862
        ],
        [
          845,
          1212,
          788,
          1154,
          814,
          1310,
          1313,
          629,
          1887
        ],
        [
          1434,
          2087,
          921,
          1661,
          1772,
          1360,
          3699,
          1377,
          3014
        ],
        [
          1021,
          1201,
          496,
          946,
          901,
          551,
          1752,
          1177,
          1869
        ],
        [
          185,
          217,
          106,
          205,
          315,
          232,
          353,
          329,
          1984
        ]
      ]
    }
  },
  "run_timestamp": "20251227_011853_125535",
  "params_hash": "bc9af5fa34ccc57108ef6f203c23e7b5dc181d2b49facd35397f9015b721ea4a"
}