{
  "best_epoch": 0,
  "best_val_loss": null,
  "total_seconds": 3.712304693995975,
  "epochs": [],
  "train_metrics": {
    "classification": {
      "labels": [
        0,
        1,
        2,
        3,
        4
      ],
      "accuracy": 0.32504981606376454,
      "balanced_accuracy": 0.3194633774085451,
      "precision_macro": 0.29699095866170633,
      "precision_micro": 0.32504981606376454,
      "precision_weighted": 0.33675840125847323,
      "recall_macro": 0.3194633774085451,
      "recall_micro": 0.32504981606376454,
      "recall_weighted": 0.32504981606376454,
      "f1_macro": 0.2848224988911547,
      "f1_micro": 0.32504981606376454,
      "f1_weighted": 0.31783586335069713,
      "confusion_matrix": [
        [
          9899,
          1570,
          1012,
          2922,
          2457
        ],
        [
          9238,
          8170,
          3156,
          15089,
          7660
        ],
        [
          6714,
          3158,
          3603,
          10285,
          3517
        ],
        [
          13342,
          8492,
          5977,
          34170,
          10764
        ],
        [
          12065,
          5125,
          3066,
          15299,
          12018
        ]
      ]
    }
  },
  "test_metrics": {
    "classification": {
      "labels": [
        0,
        1,
        2,
        3,
        4
      ],
      "accuracy": 0.3193401287553648,
      "balanced_accuracy": 0.312916486919597,
      "precision_macro": 0.2915985867781009,
      "precision_micro": 0.3193401287553648,
      "precision_weighted": 0.3295502280481524,
      "recall_macro": 0.312916486919597,
      "recall_micro": 0.3193401287553648,
      "recall_weighted": 0.3193401287553648,
      "f1_macro": 0.2799745161340418,
      "f1_micro": 0.3193401287553648,
      "f1_weighted": 0.31167032445118004,
      "confusion_matrix": [
        [
          4162,
          715,
          437,
          1340,
          1116
        ],
        [
          4004,
          3379,
          1391,
          6579,
          3312
        ],
        [
          2813,
          1309,
          1536,
          4427,
          1549
        ],
        [
          5515,
          3688,
          2496,
          14353,
          4655
        ],
        [
          5297,
          2240,
          1374,
          6643,
          5142
        ]
      ]
    }
  },
  "run_timestamp": "20251226_201942_561757",
  "params_hash": "b944a8e0cbaf86741295cd2c60cb9724940faedd4bd52b1dc6c62a8284b1ddd5"
}