{
  "best_epoch": 0,
  "best_val_loss": null,
  "total_seconds": 0.012500598997576162,
  "epochs": [],
  "train_metrics": {
    "classification": {
      "labels": [
        0,
        1,
        2
      ],
      "accuracy": 0.42098214285714286,
      "balanced_accuracy": 0.3914618946044028,
      "precision_macro": 0.3906924659049862,
      "precision_micro": 0.42098214285714286,
      "precision_weighted": 0.41474172320671504,
      "recall_macro": 0.3914618946044028,
      "recall_micro": 0.42098214285714286,
      "recall_weighted": 0.42098214285714286,
      "f1_macro": 0.3844964494483187,
      "f1_micro": 0.42098214285714286,
      "f1_weighted": 0.40977854241599027,
      "confusion_matrix": [
        [
          656,
          655,
          1057
        ],
        [
          914,
          1612,
          2897
        ],
        [
          691,
          1568,
          3390
        ]
      ]
    }
  },
  "test_metrics": {
    "classification": {
      "labels": [
        0,
        1,
        2
      ],
      "accuracy": 0.41597222222222224,
      "balanced_accuracy": 0.38416687891125106,
      "precision_macro": 0.3832551415944232,
      "precision_micro": 0.41597222222222224,
      "precision_weighted": 0.4107404563957134,
      "recall_macro": 0.38416687891125106,
      "recall_micro": 0.41597222222222224,
      "recall_weighted": 0.41597222222222224,
      "f1_macro": 0.37767338382471066,
      "f1_micro": 0.41597222222222224,
      "f1_weighted": 0.40584500693824405,
      "confusion_matrix": [
        [
          254,
          280,
          428
        ],
        [
          370,
          712,
          1280
        ],
        [
          303,
          703,
          1430
        ]
      ]
    }
  },
  "run_timestamp": "20251208_141542_794945",
  "params_hash": "5d93daf001b4c61e9666a288935c0815e72c46a47be0a6de17a2bad671adf929"
}