{
  "best_epoch": 0,
  "best_val_loss": null,
  "total_seconds": 5.106191958009731,
  "epochs": [],
  "train_metrics": {
    "classification": {
      "labels": [
        0,
        1,
        2,
        3,
        4,
        5,
        6,
        7,
        8
      ],
      "accuracy": 0.17837982832618027,
      "balanced_accuracy": 0.1960315415172577,
      "precision_macro": 0.17693264205668757,
      "precision_micro": 0.17837982832618027,
      "precision_weighted": 0.2022273115494926,
      "recall_macro": 0.1960315415172577,
      "recall_micro": 0.17837982832618027,
      "recall_weighted": 0.17837982832618027,
      "f1_macro": 0.16331342335751395,
      "f1_micro": 0.17837982832618027,
      "f1_weighted": 0.17675427090617396,
      "confusion_matrix": [
        [
          2316,
          835,
          437,
          1210,
          989,
          530,
          1134,
          392,
          2716
        ],
        [
          1553,
          1985,
          869,
          1894,
          1464,
          753,
          2073,
          800,
          2976
        ],
        [
          2311,
          1579,
          1857,
          3875,
          2002,
          1977,
          4236,
          990,
          4467
        ],
        [
          3027,
          1870,
          1531,
          5854,
          3257,
          2823,
          3911,
          1299,
          5187
        ],
        [
          3894,
          2203,
          1357,
          4787,
          6048,
          2931,
          5262,
          1619,
          8034
        ],
        [
          2088,
          1681,
          1038,
          3623,
          2322,
          3217,
          3330,
          811,
          4791
        ],
        [
          4088,
          2779,
          2218,
          4688,
          4295,
          3380,
          9714,
          1763,
          7534
        ],
        [
          2932,
          1463,
          937,
          2478,
          2188,
          1295,
          4433,
          1460,
          5753
        ],
        [
          741,
          247,
          164,
          866,
          1019,
          496,
          607,
          426,
          4789
        ]
      ]
    }
  },
  "test_metrics": {
    "classification": {
      "labels": [
        0,
        1,
        2,
        3,
        4,
        5,
        6,
        7,
        8
      ],
      "accuracy": 0.17661391273247495,
      "balanced_accuracy": 0.1948295257943358,
      "precision_macro": 0.1749563137716843,
      "precision_micro": 0.17661391273247495,
      "precision_weighted": 0.19961380662793826,
      "recall_macro": 0.1948295257943358,
      "recall_micro": 0.17661391273247495,
      "recall_weighted": 0.17661391273247495,
      "f1_macro": 0.161191317752719,
      "f1_micro": 0.17661391273247495,
      "f1_weighted": 0.17447473651787143,
      "confusion_matrix": [
        [
          948,
          353,
          166,
          530,
          404,
          269,
          491,
          177,
          1248
        ],
        [
          699,
          843,
          321,
          890,
          710,
          343,
          939,
          310,
          1315
        ],
        [
          972,
          680,
          787,
          1687,
          887,
          852,
          1783,
          431,
          1946
        ],
        [
          1250,
          785,
          669,
          2416,
          1379,
          1225,
          1663,
          492,
          2137
        ],
        [
          1697,
          947,
          543,
          2091,
          2535,
          1303,
          2198,
          684,
          3360
        ],
        [
          919,
          741,
          443,
          1549,
          1053,
          1361,
          1505,
          306,
          2075
        ],
        [
          1732,
          1144,
          950,
          1977,
          1864,
          1432,
          4222,
          796,
          3208
        ],
        [
          1271,
          648,
          410,
          988,
          1038,
          594,
          1915,
          623,
          2427
        ],
        [
          308,
          104,
          71,
          341,
          427,
          208,
          223,
          177,
          2067
        ]
      ]
    }
  },
  "run_timestamp": "20251226_200143_481366",
  "params_hash": "70be98c18d77bdc32a00f6578b973f678117527dcca4f1145b652e1c6bf41a85"
}