{
  "best_epoch": 0,
  "best_val_loss": null,
  "total_seconds": 0.005469097988680005,
  "epochs": [],
  "train_metrics": {
    "classification": {
      "labels": [
        0,
        1,
        2,
        3,
        4
      ],
      "accuracy": 0.25885416666666666,
      "balanced_accuracy": 0.2251728481928037,
      "precision_macro": 0.22571437384943258,
      "precision_micro": 0.25885416666666666,
      "precision_weighted": 0.2479216855289729,
      "recall_macro": 0.2251728481928037,
      "recall_micro": 0.25885416666666666,
      "recall_weighted": 0.25885416666666666,
      "f1_macro": 0.20560751930453045,
      "f1_micro": 0.25885416666666666,
      "f1_weighted": 0.23612021622879517,
      "confusion_matrix": [
        [
          240,
          141,
          12,
          337,
          475
        ],
        [
          354,
          502,
          27,
          705,
          1071
        ],
        [
          262,
          258,
          22,
          584,
          1012
        ],
        [
          549,
          494,
          27,
          1076,
          1508
        ],
        [
          474,
          543,
          41,
          1087,
          1639
        ]
      ]
    }
  },
  "test_metrics": {
    "classification": {
      "labels": [
        0,
        1,
        2,
        3,
        4
      ],
      "accuracy": 0.24583333333333332,
      "balanced_accuracy": 0.21540178089433812,
      "precision_macro": 0.2248211272756156,
      "precision_micro": 0.24583333333333332,
      "precision_weighted": 0.2454020299957616,
      "recall_macro": 0.21540178089433812,
      "recall_micro": 0.24583333333333332,
      "recall_weighted": 0.24583333333333332,
      "f1_macro": 0.1964294804450833,
      "f1_micro": 0.24583333333333332,
      "f1_weighted": 0.22553486544827284,
      "confusion_matrix": [
        [
          92,
          47,
          2,
          161,
          188
        ],
        [
          151,
          237,
          7,
          297,
          459
        ],
        [
          151,
          134,
          8,
          237,
          407
        ],
        [
          242,
          219,
          9,
          419,
          662
        ],
        [
          212,
          216,
          13,
          530,
          660
        ]
      ]
    }
  },
  "run_timestamp": "20251208_141519_877467",
  "params_hash": "ca4099ea05b403395380c3ae807c2b7d6d6a8228c798a0d0635878d15c3b6ab7"
}