{
  "best_epoch": 0,
  "best_val_loss": null,
  "total_seconds": 4.300242733006598,
  "epochs": [],
  "train_metrics": {
    "classification": {
      "labels": [
        0,
        1,
        2,
        3,
        4
      ],
      "accuracy": 0.2940824264255058,
      "balanced_accuracy": 0.2861104095665745,
      "precision_macro": 0.27818199378983854,
      "precision_micro": 0.2940824264255058,
      "precision_weighted": 0.30456154748565584,
      "recall_macro": 0.2861104095665745,
      "recall_micro": 0.2940824264255058,
      "recall_weighted": 0.2940824264255058,
      "f1_macro": 0.27664070234943094,
      "f1_micro": 0.2940824264255058,
      "f1_weighted": 0.2963936418806678,
      "confusion_matrix": [
        [
          5670,
          3145,
          1804,
          3196,
          4431
        ],
        [
          6495,
          11249,
          5569,
          8622,
          9491
        ],
        [
          5150,
          6122,
          6372,
          7317,
          8640
        ],
        [
          8536,
          9955,
          6678,
          16773,
          14752
        ],
        [
          9028,
          8730,
          6784,
          12928,
          21331
        ]
      ]
    }
  },
  "test_metrics": {
    "classification": {
      "labels": [
        0,
        1,
        2,
        3,
        4
      ],
      "accuracy": 0.2918007868383405,
      "balanced_accuracy": 0.2826255989525246,
      "precision_macro": 0.2754807004451232,
      "precision_micro": 0.2918007868383405,
      "precision_weighted": 0.3014666553916244,
      "recall_macro": 0.2826255989525246,
      "recall_micro": 0.2918007868383405,
      "recall_weighted": 0.2918007868383405,
      "f1_macro": 0.2741446273333975,
      "f1_micro": 0.2918007868383405,
      "f1_weighted": 0.2940050305464774,
      "confusion_matrix": [
        [
          2453,
          1346,
          840,
          1412,
          2032
        ],
        [
          2807,
          4690,
          2401,
          3832,
          4026
        ],
        [
          2238,
          2525,
          2664,
          3114,
          3623
        ],
        [
          3736,
          4166,
          2923,
          7110,
          6222
        ],
        [
          3759,
          3758,
          2883,
          5721,
          9191
        ]
      ]
    }
  },
  "run_timestamp": "20251226_200407_357839",
  "params_hash": "59cf62ec1df58a65d5be62f8ed9c30880a4249752fcbfa1f9b62d02ac2e8360a"
}