{
  "best_epoch": 0,
  "best_val_loss": null,
  "total_seconds": 0.00602818799961824,
  "epochs": [],
  "train_metrics": {
    "classification": {
      "labels": [
        0,
        1,
        2,
        3,
        4
      ],
      "accuracy": 0.3047619047619048,
      "balanced_accuracy": 0.23670874357683475,
      "precision_macro": 0.13591154632319696,
      "precision_micro": 0.3047619047619048,
      "precision_weighted": 0.17423079316904647,
      "recall_macro": 0.23670874357683475,
      "recall_micro": 0.3047619047619048,
      "recall_weighted": 0.3047619047619048,
      "f1_macro": 0.14335229011847947,
      "f1_micro": 0.3047619047619048,
      "f1_weighted": 0.19192890712870073,
      "confusion_matrix": [
        [
          459,
          11,
          0,
          690,
          0
        ],
        [
          791,
          26,
          0,
          1983,
          0
        ],
        [
          480,
          20,
          0,
          1259,
          0
        ],
        [
          972,
          55,
          0,
          3611,
          0
        ],
        [
          620,
          33,
          0,
          2430,
          0
        ]
      ]
    }
  },
  "test_metrics": {
    "classification": {
      "labels": [
        0,
        1,
        2,
        3,
        4
      ],
      "accuracy": 0.315625,
      "balanced_accuracy": 0.24515092683957854,
      "precision_macro": 0.16295997939200896,
      "precision_micro": 0.315625,
      "precision_weighted": 0.20467280013196681,
      "recall_macro": 0.24515092683957854,
      "recall_micro": 0.315625,
      "recall_weighted": 0.315625,
      "f1_macro": 0.15045152964825093,
      "f1_micro": 0.315625,
      "f1_weighted": 0.2023762681857311,
      "confusion_matrix": [
        [
          207,
          6,
          0,
          277,
          0
        ],
        [
          296,
          19,
          0,
          875,
          0
        ],
        [
          246,
          11,
          0,
          489,
          0
        ],
        [
          416,
          14,
          0,
          1592,
          0
        ],
        [
          266,
          14,
          0,
          1032,
          0
        ]
      ]
    }
  },
  "run_timestamp": "20251208_141613_508390",
  "params_hash": "bf488c1ac5accedbd599fd8eb69042216721f0654d9ba105f2dc4df6001da0aa"
}