{
  "best_epoch": 0,
  "best_val_loss": null,
  "total_seconds": 0.0567383760062512,
  "epochs": [],
  "train_metrics": {
    "classification": {
      "labels": [
        0,
        1,
        2,
        3,
        4,
        5,
        6,
        7,
        8
      ],
      "accuracy": 0.3287760416666667,
      "balanced_accuracy": 0.3565896025982427,
      "precision_macro": 0.3246839359362272,
      "precision_micro": 0.3287760416666667,
      "precision_weighted": 0.3389104875477098,
      "recall_macro": 0.3565896025982427,
      "recall_micro": 0.3287760416666667,
      "recall_weighted": 0.3287760416666667,
      "f1_macro": 0.3281971098932752,
      "f1_micro": 0.3287760416666667,
      "f1_weighted": 0.3250305435954301,
      "confusion_matrix": [
        [
          293,
          108,
          26,
          80,
          64,
          31,
          50,
          44,
          91
        ],
        [
          38,
          514,
          68,
          87,
          88,
          39,
          109,
          70,
          57
        ],
        [
          96,
          272,
          348,
          243,
          221,
          128,
          212,
          104,
          84
        ],
        [
          97,
          166,
          142,
          679,
          368,
          218,
          200,
          134,
          93
        ],
        [
          175,
          212,
          121,
          320,
          974,
          211,
          283,
          197,
          169
        ],
        [
          78,
          152,
          73,
          204,
          229,
          571,
          152,
          137,
          96
        ],
        [
          119,
          395,
          161,
          298,
          463,
          312,
          822,
          232,
          173
        ],
        [
          115,
          188,
          88,
          153,
          250,
          111,
          190,
          439,
          136
        ],
        [
          21,
          25,
          15,
          46,
          70,
          26,
          44,
          42,
          410
        ]
      ]
    }
  },
  "test_metrics": {
    "classification": {
      "labels": [
        0,
        1,
        2,
        3,
        4,
        5,
        6,
        7,
        8
      ],
      "accuracy": 0.25078125,
      "balanced_accuracy": 0.273082813750433,
      "precision_macro": 0.24582329754237442,
      "precision_micro": 0.25078125,
      "precision_weighted": 0.2596603198351272,
      "recall_macro": 0.273082813750433,
      "recall_micro": 0.25078125,
      "recall_weighted": 0.25078125,
      "f1_macro": 0.24828828188792829,
      "f1_micro": 0.25078125,
      "f1_weighted": 0.24818198110157413,
      "confusion_matrix": [
        [
          51,
          36,
          3,
          20,
          20,
          11,
          7,
          13,
          27
        ],
        [
          9,
          97,
          18,
          25,
          31,
          14,
          41,
          16,
          14
        ],
        [
          34,
          61,
          78,
          57,
          61,
          35,
          50,
          32,
          29
        ],
        [
          21,
          51,
          37,
          145,
          90,
          55,
          62,
          47,
          20
        ],
        [
          40,
          49,
          35,
          87,
          188,
          62,
          90,
          57,
          45
        ],
        [
          23,
          36,
          26,
          66,
          63,
          94,
          52,
          42,
          21
        ],
        [
          29,
          111,
          46,
          63,
          123,
          83,
          163,
          65,
          62
        ],
        [
          34,
          53,
          23,
          43,
          76,
          27,
          72,
          73,
          44
        ],
        [
          9,
          10,
          4,
          8,
          28,
          4,
          6,
          13,
          74
        ]
      ]
    }
  },
  "run_timestamp": "20251224_102826_296015",
  "params_hash": "bc14b98a76cb47886df0cd104e4f1eb2343beb80c36e14e4164c06225131f873"
}