{
  "best_epoch": 0,
  "best_val_loss": null,
  "total_seconds": 0.009824069988098927,
  "epochs": [],
  "train_metrics": {
    "classification": {
      "labels": [
        0,
        1,
        2,
        3,
        4,
        5,
        6,
        7,
        8
      ],
      "accuracy": 0.16778273809523808,
      "balanced_accuracy": 0.16736251985667971,
      "precision_macro": 0.09821198656062458,
      "precision_micro": 0.16778273809523808,
      "precision_weighted": 0.11705006331205103,
      "recall_macro": 0.16736251985667971,
      "recall_micro": 0.16778273809523808,
      "recall_weighted": 0.16778273809523808,
      "f1_macro": 0.1079091232644404,
      "f1_micro": 0.16778273809523808,
      "f1_weighted": 0.12498033231839423,
      "confusion_matrix": [
        [
          385,
          0,
          0,
          10,
          0,
          105,
          150,
          53,
          32
        ],
        [
          343,
          0,
          0,
          13,
          1,
          171,
          225,
          50,
          26
        ],
        [
          516,
          0,
          0,
          34,
          1,
          397,
          479,
          141,
          85
        ],
        [
          487,
          0,
          0,
          38,
          0,
          484,
          478,
          89,
          101
        ],
        [
          593,
          0,
          0,
          44,
          0,
          488,
          647,
          134,
          126
        ],
        [
          634,
          0,
          0,
          61,
          2,
          748,
          764,
          255,
          179
        ],
        [
          554,
          0,
          0,
          48,
          1,
          677,
          890,
          150,
          156
        ],
        [
          216,
          0,
          0,
          17,
          1,
          223,
          359,
          110,
          61
        ],
        [
          95,
          0,
          0,
          15,
          2,
          82,
          115,
          15,
          84
        ]
      ]
    }
  },
  "test_metrics": {
    "classification": {
      "labels": [
        0,
        1,
        2,
        3,
        4,
        5,
        6,
        7,
        8
      ],
      "accuracy": 0.16684027777777777,
      "balanced_accuracy": 0.16235445806977297,
      "precision_macro": 0.10096361138606892,
      "precision_micro": 0.16684027777777777,
      "precision_weighted": 0.1259426751735175,
      "recall_macro": 0.16235445806977297,
      "recall_micro": 0.16684027777777777,
      "recall_weighted": 0.16684027777777777,
      "f1_macro": 0.10359732122917388,
      "f1_micro": 0.16684027777777777,
      "f1_weighted": 0.12609636318761946,
      "confusion_matrix": [
        [
          157,
          0,
          0,
          1,
          0,
          51,
          56,
          24,
          11
        ],
        [
          154,
          0,
          0,
          6,
          0,
          54,
          89,
          28,
          10
        ],
        [
          210,
          0,
          0,
          16,
          0,
          166,
          189,
          81,
          40
        ],
        [
          195,
          0,
          0,
          21,
          0,
          198,
          212,
          43,
          54
        ],
        [
          275,
          0,
          0,
          17,
          0,
          210,
          286,
          65,
          55
        ],
        [
          276,
          0,
          0,
          18,
          0,
          314,
          333,
          113,
          83
        ],
        [
          249,
          0,
          0,
          15,
          3,
          293,
          404,
          63,
          67
        ],
        [
          93,
          0,
          0,
          5,
          0,
          93,
          145,
          38,
          19
        ],
        [
          41,
          0,
          0,
          3,
          3,
          33,
          47,
          8,
          27
        ]
      ]
    }
  },
  "run_timestamp": "20251208_104144_348523",
  "params_hash": "ade519d5e6e613f361966eab814051aadf57e515cd7da3dbf9cf3a465a466e3b"
}