{
  "best_epoch": 0,
  "best_val_loss": null,
  "total_seconds": 25.91990352497669,
  "epochs": [],
  "train_metrics": {
    "classification": {
      "labels": [
        0,
        1,
        2,
        3,
        4
      ],
      "accuracy": 0.3941839745554874,
      "balanced_accuracy": 0.4000608150899322,
      "precision_macro": 0.37178578981133253,
      "precision_micro": 0.3941839745554874,
      "precision_weighted": 0.4095983442035012,
      "recall_macro": 0.4000608150899322,
      "recall_micro": 0.3941839745554874,
      "recall_weighted": 0.3941839745554874,
      "f1_macro": 0.3755045012755037,
      "f1_micro": 0.3941839745554874,
      "f1_weighted": 0.3962472935553932,
      "confusion_matrix": [
        [
          9966,
          2509,
          816,
          1478,
          3091
        ],
        [
          6290,
          15023,
          5101,
          9934,
          6965
        ],
        [
          4194,
          4763,
          7218,
          7176,
          3926
        ],
        [
          7620,
          11173,
          8924,
          30520,
          14508
        ],
        [
          7743,
          5512,
          3478,
          11274,
          19566
        ]
      ]
    }
  },
  "test_metrics": {
    "classification": {
      "labels": [
        0,
        1,
        2,
        3,
        4
      ],
      "accuracy": 0.3934750536480687,
      "balanced_accuracy": 0.3978254691934216,
      "precision_macro": 0.37132818924251937,
      "precision_micro": 0.3934750536480687,
      "precision_weighted": 0.40788682454410596,
      "recall_macro": 0.3978254691934216,
      "recall_micro": 0.3934750536480687,
      "recall_weighted": 0.3934750536480687,
      "f1_macro": 0.3748986474600379,
      "f1_micro": 0.3934750536480687,
      "f1_weighted": 0.39544442410397607,
      "confusion_matrix": [
        [
          4261,
          1141,
          345,
          675,
          1348
        ],
        [
          2639,
          6473,
          2218,
          4238,
          3097
        ],
        [
          1748,
          1973,
          3086,
          3111,
          1716
        ],
        [
          3123,
          4658,
          3698,
          12989,
          6239
        ],
        [
          3455,
          2458,
          1573,
          4814,
          8396
        ]
      ]
    }
  },
  "run_timestamp": "20251227_012524_736166",
  "params_hash": "28c5807729248bdedfab43814d187a46e018b762d8b65d30ee7c06d9cdb4753e"
}