{
  "best_epoch": 0,
  "best_val_loss": null,
  "total_seconds": 1.2081343899772037,
  "epochs": [],
  "train_metrics": {
    "classification": {
      "labels": [
        0,
        1,
        2,
        3,
        4,
        5,
        6,
        7,
        8
      ],
      "accuracy": 0.17293359135499695,
      "balanced_accuracy": 0.1709806816682476,
      "precision_macro": 0.1521032575276526,
      "precision_micro": 0.17293359135499695,
      "precision_weighted": 0.18570329359595605,
      "recall_macro": 0.1709806816682476,
      "recall_micro": 0.17293359135499695,
      "recall_weighted": 0.17293359135499695,
      "f1_macro": 0.12617507280472773,
      "f1_micro": 0.17293359135499695,
      "f1_weighted": 0.15484297794113233,
      "confusion_matrix": [
        [
          5685,
          173,
          446,
          195,
          1163,
          1899,
          733,
          1,
          916
        ],
        [
          4063,
          477,
          807,
          365,
          1386,
          2682,
          1591,
          6,
          1315
        ],
        [
          6957,
          685,
          1947,
          976,
          2372,
          7228,
          3028,
          29,
          2318
        ],
        [
          5987,
          679,
          2017,
          1357,
          2438,
          8285,
          2874,
          35,
          2421
        ],
        [
          9257,
          614,
          1668,
          1064,
          3916,
          8745,
          3122,
          17,
          3634
        ],
        [
          9610,
          794,
          2063,
          1739,
          3580,
          16151,
          4117,
          41,
          3255
        ],
        [
          11497,
          1079,
          1891,
          1444,
          2589,
          10254,
          5204,
          32,
          4706
        ],
        [
          3525,
          452,
          875,
          401,
          897,
          4511,
          2247,
          16,
          2019
        ],
        [
          1637,
          209,
          244,
          232,
          728,
          1089,
          714,
          3,
          1350
        ]
      ]
    }
  },
  "test_metrics": {
    "classification": {
      "labels": [
        0,
        1,
        2,
        3,
        4,
        5,
        6,
        7,
        8
      ],
      "accuracy": 0.16854434907010013,
      "balanced_accuracy": 0.16620736241029255,
      "precision_macro": 0.14887095566608038,
      "precision_micro": 0.16854434907010013,
      "precision_weighted": 0.18260047733410714,
      "recall_macro": 0.16620736241029255,
      "recall_micro": 0.16854434907010013,
      "recall_weighted": 0.16854434907010013,
      "f1_macro": 0.12346312437893074,
      "f1_micro": 0.16854434907010013,
      "f1_weighted": 0.15141832755729295,
      "confusion_matrix": [
        [
          2423,
          99,
          193,
          83,
          479,
          850,
          306,
          1,
          432
        ],
        [
          1728,
          193,
          376,
          148,
          617,
          1216,
          628,
          3,
          573
        ],
        [
          2983,
          304,
          866,
          408,
          999,
          3157,
          1307,
          8,
          1009
        ],
        [
          2563,
          310,
          865,
          605,
          1078,
          3503,
          1228,
          13,
          1022
        ],
        [
          3803,
          289,
          678,
          465,
          1662,
          3652,
          1388,
          10,
          1684
        ],
        [
          4209,
          339,
          835,
          727,
          1576,
          6611,
          1686,
          14,
          1369
        ],
        [
          4978,
          492,
          873,
          620,
          1172,
          4381,
          2196,
          18,
          2028
        ],
        [
          1557,
          165,
          357,
          191,
          392,
          1964,
          971,
          6,
          890
        ],
        [
          759,
          91,
          115,
          89,
          308,
          506,
          258,
          4,
          518
        ]
      ]
    }
  },
  "run_timestamp": "20251226_195746_508934",
  "params_hash": "979fc3f4544eea8b87575f83a48e86b0c557c1d3a9b2970e4f7e1315a14bdc50"
}