{
  "best_epoch": 0,
  "best_val_loss": null,
  "total_seconds": 5.107582074007951,
  "epochs": [],
  "train_metrics": {
    "classification": {
      "labels": [
        0,
        1,
        2,
        3,
        4,
        5,
        6,
        7,
        8
      ],
      "accuracy": 0.1788923589822195,
      "balanced_accuracy": 0.1940171528886013,
      "precision_macro": 0.1757012216684609,
      "precision_micro": 0.1788923589822195,
      "precision_weighted": 0.20160278887018135,
      "recall_macro": 0.1940171528886013,
      "recall_micro": 0.1788923589822195,
      "recall_weighted": 0.1788923589822195,
      "f1_macro": 0.16532611801225158,
      "f1_micro": 0.1788923589822195,
      "f1_weighted": 0.17743204738461768,
      "confusion_matrix": [
        [
          2176,
          1178,
          331,
          1141,
          1091,
          1167,
          1140,
          365,
          1970
        ],
        [
          1438,
          2977,
          633,
          1180,
          876,
          1209,
          2694,
          1007,
          2353
        ],
        [
          1648,
          2797,
          1539,
          3099,
          1708,
          2903,
          4512,
          1134,
          3954
        ],
        [
          2510,
          2506,
          1421,
          4753,
          2957,
          4694,
          3663,
          1264,
          4991
        ],
        [
          3860,
          3742,
          1395,
          3777,
          5826,
          4257,
          4465,
          1477,
          7336
        ],
        [
          1832,
          2388,
          1058,
          3076,
          2131,
          5115,
          3136,
          891,
          3274
        ],
        [
          3195,
          4020,
          1900,
          3988,
          3764,
          5028,
          9635,
          2148,
          6781
        ],
        [
          2134,
          1947,
          907,
          1923,
          2304,
          2509,
          4595,
          1430,
          5190
        ],
        [
          588,
          1035,
          138,
          467,
          1009,
          990,
          725,
          507,
          3896
        ]
      ]
    }
  },
  "test_metrics": {
    "classification": {
      "labels": [
        0,
        1,
        2,
        3,
        4,
        5,
        6,
        7,
        8
      ],
      "accuracy": 0.17757510729613735,
      "balanced_accuracy": 0.1936842917165754,
      "precision_macro": 0.17503914501559445,
      "precision_micro": 0.17757510729613735,
      "precision_weighted": 0.19941007248539808,
      "recall_macro": 0.1936842917165754,
      "recall_micro": 0.17757510729613735,
      "recall_weighted": 0.17757510729613735,
      "f1_macro": 0.16470679931537296,
      "f1_micro": 0.17757510729613735,
      "f1_weighted": 0.1756604928254662,
      "confusion_matrix": [
        [
          948,
          512,
          136,
          501,
          467,
          503,
          458,
          172,
          889
        ],
        [
          600,
          1395,
          266,
          533,
          322,
          566,
          1170,
          474,
          1044
        ],
        [
          693,
          1163,
          673,
          1385,
          724,
          1279,
          1922,
          464,
          1722
        ],
        [
          1042,
          1051,
          614,
          1924,
          1223,
          2072,
          1540,
          543,
          2007
        ],
        [
          1707,
          1564,
          562,
          1638,
          2417,
          1861,
          1899,
          657,
          3053
        ],
        [
          798,
          1014,
          437,
          1367,
          970,
          2170,
          1433,
          383,
          1380
        ],
        [
          1422,
          1743,
          770,
          1662,
          1649,
          2149,
          4120,
          923,
          2887
        ],
        [
          935,
          847,
          370,
          817,
          1010,
          1086,
          2023,
          610,
          2216
        ],
        [
          243,
          456,
          57,
          217,
          425,
          429,
          289,
          179,
          1631
        ]
      ]
    }
  },
  "run_timestamp": "20251226_200223_689921",
  "params_hash": "0a17c7360f551fd3c4b38fd6cae5ac3b8d4005ee12afe7416d8bbcb1b4c0eba3"
}