{
  "best_epoch": 0,
  "best_val_loss": null,
  "total_seconds": 0.014959049003664404,
  "epochs": [],
  "train_metrics": {
    "classification": {
      "labels": [
        0,
        1,
        2,
        3,
        4
      ],
      "accuracy": 0.27180059523809524,
      "balanced_accuracy": 0.2550550765285031,
      "precision_macro": 0.24330416969758,
      "precision_micro": 0.27180059523809524,
      "precision_weighted": 0.2646928146212695,
      "recall_macro": 0.2550550765285031,
      "recall_micro": 0.27180059523809524,
      "recall_weighted": 0.27180059523809524,
      "f1_macro": 0.22277654866732552,
      "f1_micro": 0.27180059523809524,
      "f1_weighted": 0.2451213454555477,
      "confusion_matrix": [
        [
          434,
          95,
          47,
          225,
          404
        ],
        [
          627,
          260,
          116,
          450,
          1206
        ],
        [
          461,
          197,
          136,
          438,
          906
        ],
        [
          639,
          308,
          182,
          817,
          1708
        ],
        [
          536,
          290,
          183,
          769,
          2006
        ]
      ]
    }
  },
  "test_metrics": {
    "classification": {
      "labels": [
        0,
        1,
        2,
        3,
        4
      ],
      "accuracy": 0.2647569444444444,
      "balanced_accuracy": 0.25099484257566046,
      "precision_macro": 0.23962841494041606,
      "precision_micro": 0.2647569444444444,
      "precision_weighted": 0.2599106713367743,
      "recall_macro": 0.25099484257566046,
      "recall_micro": 0.2647569444444444,
      "recall_weighted": 0.2647569444444444,
      "f1_macro": 0.21891505954145857,
      "f1_micro": 0.2647569444444444,
      "f1_weighted": 0.23965699705851587,
      "confusion_matrix": [
        [
          176,
          39,
          22,
          94,
          159
        ],
        [
          262,
          119,
          51,
          171,
          548
        ],
        [
          197,
          89,
          61,
          210,
          380
        ],
        [
          261,
          131,
          87,
          334,
          738
        ],
        [
          237,
          130,
          72,
          357,
          835
        ]
      ]
    }
  },
  "run_timestamp": "20251208_141636_783608",
  "params_hash": "e0526665aadc0613f51ed0f8636ba1ebf5f29eec151ffe07de66fd1ef6445ed7"
}