{
  "best_epoch": 0,
  "best_val_loss": null,
  "total_seconds": 9.2209621410002,
  "epochs": [],
  "train_metrics": {
    "classification": {
      "labels": [
        0,
        1,
        2,
        3,
        4,
        5,
        6,
        7,
        8
      ],
      "accuracy": 0.18131610208461066,
      "balanced_accuracy": 0.21417128389174486,
      "precision_macro": 0.18029803691625645,
      "precision_micro": 0.18131610208461066,
      "precision_weighted": 0.21755756275351973,
      "recall_macro": 0.21417128389174486,
      "recall_micro": 0.18131610208461066,
      "recall_weighted": 0.18131610208461066,
      "f1_macro": 0.16498428361432688,
      "f1_micro": 0.18131610208461066,
      "f1_weighted": 0.17983412485592598,
      "confusion_matrix": [
        [
          6262,
          633,
          776,
          535,
          612,
          737,
          245,
          303,
          1108
        ],
        [
          3165,
          1218,
          1618,
          1155,
          711,
          1507,
          921,
          687,
          1710
        ],
        [
          5301,
          1864,
          4035,
          2791,
          2022,
          3406,
          2029,
          1193,
          2899
        ],
        [
          4280,
          1392,
          3123,
          4925,
          2162,
          4290,
          1745,
          917,
          3259
        ],
        [
          7400,
          1414,
          2742,
          3475,
          4469,
          4549,
          2385,
          792,
          4811
        ],
        [
          6317,
          2143,
          3914,
          6087,
          3414,
          9028,
          2781,
          1984,
          5682
        ],
        [
          8141,
          1979,
          3220,
          4497,
          3308,
          5305,
          4624,
          1438,
          6184
        ],
        [
          3252,
          980,
          1122,
          1084,
          1112,
          2492,
          1394,
          865,
          2642
        ],
        [
          1491,
          377,
          201,
          382,
          351,
          256,
          565,
          156,
          2427
        ]
      ]
    }
  },
  "test_metrics": {
    "classification": {
      "labels": [
        0,
        1,
        2,
        3,
        4,
        5,
        6,
        7,
        8
      ],
      "accuracy": 0.1779774678111588,
      "balanced_accuracy": 0.210852804119934,
      "precision_macro": 0.17762980208425924,
      "precision_micro": 0.1779774678111588,
      "precision_weighted": 0.21300205474360134,
      "recall_macro": 0.210852804119934,
      "recall_micro": 0.1779774678111588,
      "recall_weighted": 0.1779774678111588,
      "f1_macro": 0.1623998533131552,
      "f1_micro": 0.1779774678111588,
      "f1_weighted": 0.1761063727483076,
      "confusion_matrix": [
        [
          2643,
          313,
          342,
          219,
          293,
          319,
          122,
          148,
          467
        ],
        [
          1321,
          484,
          723,
          507,
          304,
          680,
          441,
          278,
          744
        ],
        [
          2329,
          818,
          1708,
          1216,
          823,
          1484,
          840,
          576,
          1247
        ],
        [
          1848,
          606,
          1299,
          2101,
          919,
          1899,
          755,
          351,
          1409
        ],
        [
          3010,
          582,
          1159,
          1484,
          1919,
          1917,
          1070,
          334,
          2156
        ],
        [
          2674,
          906,
          1602,
          2563,
          1496,
          3741,
          1149,
          772,
          2463
        ],
        [
          3496,
          853,
          1520,
          2000,
          1456,
          2275,
          1885,
          625,
          2648
        ],
        [
          1388,
          420,
          452,
          506,
          470,
          1109,
          581,
          402,
          1165
        ],
        [
          690,
          157,
          79,
          160,
          137,
          122,
          198,
          64,
          1041
        ]
      ]
    }
  },
  "run_timestamp": "20251226_200414_855083",
  "params_hash": "03611392493b120e711182930a2a740bd9d4506288437c1d179b2c90f9abee04"
}