{
  "best_epoch": 0,
  "best_val_loss": null,
  "total_seconds": 0.01823533300193958,
  "epochs": [],
  "train_metrics": {
    "classification": {
      "labels": [
        0,
        1,
        2,
        3,
        4,
        5,
        6,
        7,
        8
      ],
      "accuracy": 0.16436011904761905,
      "balanced_accuracy": 0.15108516719678766,
      "precision_macro": 0.12998153388931705,
      "precision_micro": 0.16436011904761905,
      "precision_weighted": 0.16184884026151322,
      "recall_macro": 0.15108516719678766,
      "recall_micro": 0.16436011904761905,
      "recall_weighted": 0.16436011904761905,
      "f1_macro": 0.10035803762958584,
      "f1_micro": 0.16436011904761905,
      "f1_weighted": 0.11481574569542359,
      "confusion_matrix": [
        [
          322,
          85,
          37,
          7,
          8,
          239,
          8,
          29,
          0
        ],
        [
          216,
          143,
          60,
          19,
          12,
          313,
          9,
          57,
          0
        ],
        [
          398,
          209,
          108,
          47,
          23,
          722,
          44,
          102,
          0
        ],
        [
          356,
          195,
          76,
          61,
          26,
          805,
          31,
          127,
          0
        ],
        [
          540,
          213,
          111,
          65,
          33,
          888,
          42,
          140,
          0
        ],
        [
          451,
          226,
          149,
          100,
          51,
          1412,
          41,
          213,
          0
        ],
        [
          498,
          268,
          163,
          78,
          35,
          1229,
          57,
          148,
          0
        ],
        [
          148,
          126,
          76,
          22,
          10,
          517,
          15,
          73,
          0
        ],
        [
          93,
          42,
          53,
          8,
          8,
          175,
          7,
          22,
          0
        ]
      ]
    }
  },
  "test_metrics": {
    "classification": {
      "labels": [
        0,
        1,
        2,
        3,
        4,
        5,
        6,
        7,
        8
      ],
      "accuracy": 0.1671875,
      "balanced_accuracy": 0.15507055429919742,
      "precision_macro": 0.14920926673568652,
      "precision_micro": 0.1671875,
      "precision_weighted": 0.19148130478066774,
      "recall_macro": 0.15507055429919742,
      "recall_micro": 0.1671875,
      "recall_weighted": 0.1671875,
      "f1_macro": 0.10379419196579254,
      "f1_micro": 0.1671875,
      "f1_weighted": 0.12038523438102526,
      "confusion_matrix": [
        [
          136,
          34,
          12,
          5,
          4,
          91,
          5,
          13,
          0
        ],
        [
          92,
          58,
          26,
          14,
          1,
          125,
          2,
          23,
          0
        ],
        [
          155,
          90,
          45,
          12,
          10,
          325,
          9,
          56,
          0
        ],
        [
          168,
          70,
          42,
          36,
          15,
          328,
          10,
          54,
          0
        ],
        [
          264,
          96,
          51,
          17,
          26,
          379,
          21,
          54,
          0
        ],
        [
          182,
          112,
          73,
          37,
          10,
          610,
          19,
          94,
          0
        ],
        [
          255,
          117,
          85,
          32,
          16,
          501,
          24,
          64,
          0
        ],
        [
          57,
          41,
          36,
          13,
          6,
          205,
          7,
          28,
          0
        ],
        [
          37,
          19,
          19,
          2,
          4,
          69,
          5,
          7,
          0
        ]
      ]
    }
  },
  "run_timestamp": "20251208_103119_947428",
  "params_hash": "174f9cba50d973b748a24ac4bf3159644df5a8b2a543b490fb2bb89d720df94a"
}