{
  "best_epoch": 0,
  "best_val_loss": null,
  "total_seconds": 0.008764151993091218,
  "epochs": [],
  "train_metrics": {
    "classification": {
      "labels": [
        0,
        1,
        2,
        3,
        4,
        5,
        6,
        7,
        8
      ],
      "accuracy": 0.16770833333333332,
      "balanced_accuracy": 0.14828834202035118,
      "precision_macro": 0.08473883158211219,
      "precision_micro": 0.16770833333333332,
      "precision_weighted": 0.10547694579192571,
      "recall_macro": 0.14828834202035118,
      "recall_micro": 0.16770833333333332,
      "recall_weighted": 0.16770833333333332,
      "f1_macro": 0.09584014055101531,
      "f1_micro": 0.16770833333333332,
      "f1_weighted": 0.1141297860742879,
      "confusion_matrix": [
        [
          233,
          152,
          0,
          0,
          49,
          0,
          212,
          61,
          0
        ],
        [
          171,
          236,
          0,
          0,
          49,
          0,
          344,
          139,
          0
        ],
        [
          358,
          190,
          0,
          0,
          107,
          0,
          652,
          191,
          0
        ],
        [
          422,
          246,
          0,
          0,
          110,
          0,
          842,
          204,
          0
        ],
        [
          520,
          345,
          0,
          0,
          201,
          0,
          1040,
          207,
          0
        ],
        [
          251,
          210,
          0,
          0,
          98,
          0,
          750,
          168,
          0
        ],
        [
          414,
          312,
          0,
          0,
          185,
          0,
          1398,
          279,
          0
        ],
        [
          280,
          134,
          0,
          0,
          102,
          0,
          767,
          186,
          0
        ],
        [
          131,
          65,
          0,
          0,
          53,
          0,
          265,
          111,
          0
        ]
      ]
    }
  },
  "test_metrics": {
    "classification": {
      "labels": [
        0,
        1,
        2,
        3,
        4,
        5,
        6,
        7,
        8
      ],
      "accuracy": 0.16163194444444445,
      "balanced_accuracy": 0.1410837143815237,
      "precision_macro": 0.08205921910203462,
      "precision_micro": 0.16163194444444445,
      "precision_weighted": 0.10411924511952023,
      "recall_macro": 0.1410837143815237,
      "recall_micro": 0.16163194444444445,
      "recall_weighted": 0.16163194444444445,
      "f1_macro": 0.09210412948866226,
      "f1_micro": 0.16163194444444445,
      "f1_weighted": 0.1120431898025583,
      "confusion_matrix": [
        [
          74,
          65,
          0,
          0,
          29,
          0,
          75,
          25,
          0
        ],
        [
          78,
          102,
          0,
          0,
          27,
          0,
          143,
          46,
          0
        ],
        [
          163,
          64,
          0,
          0,
          40,
          0,
          288,
          92,
          0
        ],
        [
          174,
          110,
          0,
          0,
          45,
          0,
          356,
          116,
          0
        ],
        [
          221,
          136,
          0,
          0,
          81,
          0,
          465,
          99,
          0
        ],
        [
          126,
          84,
          0,
          0,
          34,
          0,
          321,
          73,
          0
        ],
        [
          185,
          160,
          0,
          0,
          82,
          0,
          584,
          121,
          0
        ],
        [
          127,
          57,
          0,
          0,
          46,
          0,
          326,
          90,
          0
        ],
        [
          54,
          20,
          0,
          0,
          21,
          0,
          103,
          32,
          0
        ]
      ]
    }
  },
  "run_timestamp": "20251208_104144_300995",
  "params_hash": "1a70823b52682c25681611fc0acfc04578b58c45aa0afae7cc60b37180814426"
}