{
  "best_epoch": 0,
  "best_val_loss": null,
  "total_seconds": 0.022817194010713138,
  "epochs": [],
  "train_metrics": {
    "classification": {
      "labels": [
        0,
        1,
        2,
        3,
        4,
        5,
        6,
        7,
        8
      ],
      "accuracy": 0.1444940476190476,
      "balanced_accuracy": 0.17374064287282076,
      "precision_macro": 0.10445984536035563,
      "precision_micro": 0.1444940476190476,
      "precision_weighted": 0.11735647130696898,
      "recall_macro": 0.17374064287282076,
      "recall_micro": 0.1444940476190476,
      "recall_weighted": 0.1444940476190476,
      "f1_macro": 0.09794202585674643,
      "f1_micro": 0.1444940476190476,
      "f1_weighted": 0.10182651734616746,
      "confusion_matrix": [
        [
          159,
          105,
          0,
          31,
          3,
          33,
          132,
          0,
          244
        ],
        [
          124,
          190,
          0,
          24,
          13,
          19,
          224,
          0,
          345
        ],
        [
          170,
          161,
          0,
          53,
          14,
          30,
          478,
          0,
          592
        ],
        [
          198,
          182,
          0,
          88,
          13,
          42,
          540,
          0,
          761
        ],
        [
          321,
          180,
          0,
          123,
          7,
          64,
          696,
          0,
          922
        ],
        [
          182,
          141,
          0,
          66,
          10,
          51,
          478,
          0,
          549
        ],
        [
          344,
          238,
          0,
          85,
          14,
          84,
          1042,
          0,
          781
        ],
        [
          203,
          88,
          0,
          52,
          12,
          41,
          453,
          0,
          620
        ],
        [
          64,
          20,
          0,
          12,
          3,
          23,
          98,
          0,
          405
        ]
      ]
    }
  },
  "test_metrics": {
    "classification": {
      "labels": [
        0,
        1,
        2,
        3,
        4,
        5,
        6,
        7,
        8
      ],
      "accuracy": 0.14114583333333333,
      "balanced_accuracy": 0.1749753774504827,
      "precision_macro": 0.1067886239524036,
      "precision_micro": 0.14114583333333333,
      "precision_weighted": 0.12271535285956953,
      "recall_macro": 0.1749753774504827,
      "recall_micro": 0.14114583333333333,
      "recall_weighted": 0.14114583333333333,
      "f1_macro": 0.09645692717842445,
      "f1_micro": 0.14114583333333333,
      "f1_weighted": 0.10106181579445304,
      "confusion_matrix": [
        [
          66,
          43,
          0,
          12,
          0,
          21,
          39,
          0,
          87
        ],
        [
          51,
          90,
          0,
          10,
          5,
          11,
          95,
          0,
          134
        ],
        [
          80,
          75,
          0,
          17,
          3,
          7,
          219,
          0,
          246
        ],
        [
          95,
          80,
          0,
          37,
          3,
          21,
          262,
          0,
          303
        ],
        [
          139,
          81,
          0,
          53,
          3,
          30,
          294,
          0,
          402
        ],
        [
          91,
          67,
          0,
          22,
          4,
          22,
          214,
          0,
          218
        ],
        [
          159,
          96,
          0,
          36,
          6,
          30,
          453,
          0,
          352
        ],
        [
          94,
          42,
          0,
          22,
          6,
          14,
          184,
          0,
          284
        ],
        [
          27,
          11,
          0,
          2,
          1,
          6,
          41,
          0,
          142
        ]
      ]
    }
  },
  "run_timestamp": "20251208_102032_986397",
  "params_hash": "c5274f461002b1bb7683542237be75680c0321be36f7f253af39cd6572eb8251"
}