{
  "best_epoch": 0,
  "best_val_loss": null,
  "total_seconds": 0.030655605005449615,
  "epochs": [],
  "train_metrics": {
    "classification": {
      "labels": [
        0,
        1,
        2,
        3,
        4,
        5,
        6,
        7,
        8
      ],
      "accuracy": 0.14174107142857142,
      "balanced_accuracy": 0.16118454909173152,
      "precision_macro": 0.07920403433347496,
      "precision_micro": 0.14174107142857142,
      "precision_weighted": 0.09674788162526712,
      "recall_macro": 0.16118454909173152,
      "recall_micro": 0.14174107142857142,
      "recall_weighted": 0.14174107142857142,
      "f1_macro": 0.07372944690998519,
      "f1_micro": 0.14174107142857142,
      "f1_weighted": 0.08387530842362644,
      "confusion_matrix": [
        [
          192,
          0,
          0,
          0,
          16,
          9,
          246,
          0,
          244
        ],
        [
          197,
          0,
          0,
          0,
          35,
          9,
          345,
          0,
          353
        ],
        [
          205,
          0,
          0,
          0,
          27,
          25,
          637,
          0,
          604
        ],
        [
          277,
          0,
          0,
          0,
          31,
          33,
          702,
          0,
          781
        ],
        [
          358,
          0,
          0,
          0,
          44,
          49,
          949,
          0,
          913
        ],
        [
          206,
          0,
          0,
          0,
          35,
          48,
          626,
          0,
          562
        ],
        [
          464,
          0,
          0,
          0,
          52,
          67,
          1208,
          0,
          797
        ],
        [
          248,
          0,
          0,
          0,
          35,
          34,
          505,
          0,
          647
        ],
        [
          68,
          0,
          0,
          0,
          10,
          12,
          122,
          0,
          413
        ]
      ]
    }
  },
  "test_metrics": {
    "classification": {
      "labels": [
        0,
        1,
        2,
        3,
        4,
        5,
        6,
        7,
        8
      ],
      "accuracy": 0.1329861111111111,
      "balanced_accuracy": 0.1517070734671663,
      "precision_macro": 0.07548238777446005,
      "precision_micro": 0.1329861111111111,
      "precision_weighted": 0.09607693314924816,
      "recall_macro": 0.1517070734671663,
      "recall_micro": 0.1329861111111111,
      "recall_weighted": 0.1329861111111111,
      "f1_macro": 0.06825870574182573,
      "f1_micro": 0.1329861111111111,
      "f1_weighted": 0.08148066762190907,
      "confusion_matrix": [
        [
          67,
          0,
          0,
          0,
          10,
          3,
          97,
          0,
          91
        ],
        [
          86,
          0,
          0,
          0,
          15,
          0,
          161,
          0,
          134
        ],
        [
          106,
          0,
          0,
          0,
          13,
          12,
          264,
          0,
          252
        ],
        [
          135,
          0,
          0,
          0,
          15,
          11,
          331,
          0,
          309
        ],
        [
          163,
          0,
          0,
          0,
          23,
          21,
          397,
          0,
          398
        ],
        [
          105,
          0,
          0,
          0,
          22,
          20,
          276,
          0,
          215
        ],
        [
          202,
          0,
          0,
          0,
          21,
          27,
          517,
          0,
          365
        ],
        [
          106,
          0,
          0,
          0,
          14,
          24,
          209,
          0,
          293
        ],
        [
          26,
          0,
          0,
          0,
          7,
          7,
          51,
          0,
          139
        ]
      ]
    }
  },
  "run_timestamp": "20251208_101822_695120",
  "params_hash": "684209a437008f467ca411b86f75cda6e5d8b9c5a954f39aaf679c81f7f6b4fe"
}