{
  "best_epoch": 0,
  "best_val_loss": null,
  "total_seconds": 2.762513676978415,
  "epochs": [],
  "train_metrics": {
    "classification": {
      "labels": [
        0,
        1,
        2,
        3,
        4
      ],
      "accuracy": 0.3171463059472716,
      "balanced_accuracy": 0.29555849140197477,
      "precision_macro": 0.28847389991535355,
      "precision_micro": 0.3171463059472716,
      "precision_weighted": 0.3262993163241517,
      "recall_macro": 0.29555849140197477,
      "recall_micro": 0.3171463059472716,
      "recall_weighted": 0.3171463059472716,
      "f1_macro": 0.2803968685692103,
      "f1_micro": 0.3171463059472716,
      "f1_weighted": 0.31549556936701034,
      "confusion_matrix": [
        [
          6791,
          3201,
          878,
          3841,
          3149
        ],
        [
          7166,
          9797,
          2689,
          15158,
          8503
        ],
        [
          4680,
          4522,
          3884,
          9805,
          4386
        ],
        [
          11872,
          10553,
          5749,
          31958,
          12613
        ],
        [
          9797,
          5343,
          3223,
          15430,
          13780
        ]
      ]
    }
  },
  "test_metrics": {
    "classification": {
      "labels": [
        0,
        1,
        2,
        3,
        4
      ],
      "accuracy": 0.3151488733905579,
      "balanced_accuracy": 0.2919826902967662,
      "precision_macro": 0.28634924562030273,
      "precision_micro": 0.3151488733905579,
      "precision_weighted": 0.3232801651772922,
      "recall_macro": 0.2919826902967662,
      "recall_micro": 0.3151488733905579,
      "recall_weighted": 0.3151488733905579,
      "f1_macro": 0.27806535915343644,
      "f1_micro": 0.3151488733905579,
      "f1_weighted": 0.3130369819070109,
      "confusion_matrix": [
        [
          2846,
          1440,
          352,
          1778,
          1354
        ],
        [
          3047,
          4298,
          1146,
          6615,
          3559
        ],
        [
          2015,
          1880,
          1593,
          4167,
          1979
        ],
        [
          4949,
          4411,
          2390,
          13575,
          5382
        ],
        [
          4250,
          2381,
          1443,
          6737,
          5885
        ]
      ]
    }
  },
  "run_timestamp": "20251226_200240_772322",
  "params_hash": "657c9708a6302cd4c7f76ac80ba3737911c1556093714687ac2692db4d2d8598"
}