{
  "best_epoch": 0,
  "best_val_loss": null,
  "total_seconds": 2.8050840649812017,
  "epochs": [],
  "train_metrics": {
    "classification": {
      "labels": [
        0,
        1,
        2,
        3,
        4
      ],
      "accuracy": 0.3261371474555487,
      "balanced_accuracy": 0.31457619227602945,
      "precision_macro": 0.2971588308502672,
      "precision_micro": 0.3261371474555487,
      "precision_weighted": 0.3325678707900149,
      "recall_macro": 0.31457619227602945,
      "recall_micro": 0.3261371474555487,
      "recall_weighted": 0.3261371474555487,
      "f1_macro": 0.2902410385647246,
      "f1_micro": 0.3261371474555487,
      "f1_weighted": 0.32077878061252074,
      "confusion_matrix": [
        [
          8553,
          2260,
          659,
          3135,
          3253
        ],
        [
          7953,
          8991,
          3535,
          15186,
          7648
        ],
        [
          6554,
          3341,
          3573,
          9280,
          4529
        ],
        [
          11072,
          8598,
          5973,
          31883,
          15219
        ],
        [
          8012,
          5479,
          2535,
          16460,
          15087
        ]
      ]
    }
  },
  "test_metrics": {
    "classification": {
      "labels": [
        0,
        1,
        2,
        3,
        4
      ],
      "accuracy": 0.32308431688125894,
      "balanced_accuracy": 0.3097708147293063,
      "precision_macro": 0.2936347794723148,
      "precision_micro": 0.32308431688125894,
      "precision_weighted": 0.328454102155352,
      "recall_macro": 0.3097708147293063,
      "recall_micro": 0.32308431688125894,
      "recall_weighted": 0.32308431688125894,
      "f1_macro": 0.2864112415905191,
      "f1_micro": 0.32308431688125894,
      "f1_weighted": 0.31713726286770716,
      "confusion_matrix": [
        [
          3625,
          982,
          284,
          1444,
          1435
        ],
        [
          3515,
          3800,
          1497,
          6571,
          3282
        ],
        [
          2796,
          1507,
          1458,
          3955,
          1918
        ],
        [
          4585,
          3615,
          2519,
          13593,
          6395
        ],
        [
          3601,
          2365,
          1075,
          7224,
          6431
        ]
      ]
    }
  },
  "run_timestamp": "20251227_011635_940796",
  "params_hash": "930ba6325da3f80b01e21aa860ecf086e76f248e45fef43cde1563220d8a675a"
}