{
  "best_epoch": 0,
  "best_val_loss": null,
  "total_seconds": 0.6496069229906425,
  "epochs": [],
  "train_metrics": {
    "classification": {
      "labels": [
        0,
        1,
        2,
        3,
        4
      ],
      "accuracy": 0.2905330318822808,
      "balanced_accuracy": 0.24682204451137846,
      "precision_macro": 0.2522097788918008,
      "precision_micro": 0.2905330318822808,
      "precision_weighted": 0.2773677238834228,
      "recall_macro": 0.24682204451137846,
      "recall_micro": 0.2905330318822808,
      "recall_weighted": 0.2905330318822808,
      "f1_macro": 0.2445389606136835,
      "f1_micro": 0.2905330318822808,
      "f1_weighted": 0.2791624383948012,
      "confusion_matrix": [
        [
          1375,
          2613,
          2002,
          4615,
          7641
        ],
        [
          1629,
          9613,
          5288,
          9847,
          15049
        ],
        [
          1493,
          5278,
          5593,
          8691,
          12546
        ],
        [
          2734,
          9591,
          6786,
          16957,
          20626
        ],
        [
          2740,
          9007,
          6639,
          13299,
          27116
        ]
      ]
    }
  },
  "test_metrics": {
    "classification": {
      "labels": [
        0,
        1,
        2,
        3,
        4
      ],
      "accuracy": 0.29106312589413447,
      "balanced_accuracy": 0.24661228345576452,
      "precision_macro": 0.2518547954921188,
      "precision_micro": 0.29106312589413447,
      "precision_weighted": 0.27698284293475456,
      "recall_macro": 0.24661228345576452,
      "recall_micro": 0.29106312589413447,
      "recall_weighted": 0.29106312589413447,
      "f1_macro": 0.24412336304463828,
      "f1_micro": 0.29106312589413447,
      "f1_weighted": 0.279213517529365,
      "confusion_matrix": [
        [
          596,
          1112,
          891,
          2171,
          3313
        ],
        [
          727,
          4101,
          2281,
          4219,
          6428
        ],
        [
          619,
          2252,
          2290,
          3740,
          5263
        ],
        [
          1174,
          3967,
          2844,
          7348,
          8824
        ],
        [
          1139,
          3802,
          2890,
          5774,
          11707
        ]
      ]
    }
  },
  "run_timestamp": "20251226_195744_687963",
  "params_hash": "a793f36a00898480686183d7c9503dd85b9d05e7a0fb0b4f2c36c0144290bd8a"
}