{
  "best_epoch": 0,
  "best_val_loss": null,
  "total_seconds": 2.8361786589957774,
  "epochs": [],
  "train_metrics": {
    "classification": {
      "labels": [
        0,
        1,
        2,
        3,
        4,
        5,
        6,
        7,
        8
      ],
      "accuracy": 0.17576448497854077,
      "balanced_accuracy": 0.1830050819762427,
      "precision_macro": 0.16588576979464734,
      "precision_micro": 0.17576448497854077,
      "precision_weighted": 0.19248742525647464,
      "recall_macro": 0.1830050819762427,
      "recall_micro": 0.17576448497854077,
      "recall_weighted": 0.17576448497854077,
      "f1_macro": 0.14767552951513796,
      "f1_micro": 0.17576448497854077,
      "f1_weighted": 0.16813216019374924,
      "confusion_matrix": [
        [
          2358,
          164,
          379,
          1370,
          1276,
          725,
          1483,
          284,
          2520
        ],
        [
          1639,
          345,
          738,
          2111,
          1834,
          851,
          3056,
          681,
          3112
        ],
        [
          2253,
          282,
          1790,
          4201,
          1884,
          1836,
          5094,
          797,
          5157
        ],
        [
          2672,
          444,
          1508,
          6710,
          2820,
          2645,
          4843,
          783,
          6334
        ],
        [
          4208,
          468,
          1527,
          5229,
          5732,
          2886,
          5797,
          1110,
          9178
        ],
        [
          2005,
          394,
          1036,
          4311,
          2389,
          2901,
          4426,
          512,
          4927
        ],
        [
          4057,
          632,
          2187,
          5675,
          4018,
          3108,
          11500,
          1361,
          7921
        ],
        [
          2780,
          355,
          877,
          2720,
          2209,
          1538,
          4837,
          833,
          6790
        ],
        [
          854,
          167,
          142,
          966,
          870,
          834,
          666,
          331,
          4525
        ]
      ]
    }
  },
  "test_metrics": {
    "classification": {
      "labels": [
        0,
        1,
        2,
        3,
        4,
        5,
        6,
        7,
        8
      ],
      "accuracy": 0.17526153433476394,
      "balanced_accuracy": 0.18386378245686041,
      "precision_macro": 0.16605940611726872,
      "precision_micro": 0.17526153433476394,
      "precision_weighted": 0.19231983222279897,
      "recall_macro": 0.18386378245686041,
      "recall_micro": 0.17526153433476394,
      "recall_weighted": 0.17526153433476394,
      "f1_macro": 0.14738993743624562,
      "f1_micro": 0.17526153433476394,
      "f1_weighted": 0.16733575249578506,
      "confusion_matrix": [
        [
          967,
          97,
          142,
          640,
          541,
          331,
          623,
          123,
          1122
        ],
        [
          722,
          151,
          281,
          963,
          838,
          396,
          1342,
          301,
          1376
        ],
        [
          950,
          151,
          781,
          1826,
          749,
          782,
          2124,
          317,
          2345
        ],
        [
          1130,
          181,
          634,
          2793,
          1172,
          1123,
          2064,
          314,
          2605
        ],
        [
          1872,
          212,
          652,
          2215,
          2348,
          1236,
          2462,
          460,
          3901
        ],
        [
          883,
          189,
          454,
          1788,
          1073,
          1280,
          1986,
          238,
          2061
        ],
        [
          1762,
          307,
          901,
          2335,
          1740,
          1275,
          5016,
          606,
          3383
        ],
        [
          1231,
          161,
          365,
          1137,
          1005,
          636,
          2089,
          380,
          2910
        ],
        [
          367,
          48,
          60,
          410,
          356,
          328,
          272,
          120,
          1965
        ]
      ]
    }
  },
  "run_timestamp": "20251226_195805_541913",
  "params_hash": "4334d3361dc7d853837a19d9c05526185aeed86990e16e197685b4b2a45608c1"
}