{
  "best_epoch": 0,
  "best_val_loss": null,
  "total_seconds": 6.584534358000383,
  "epochs": [],
  "train_metrics": {
    "classification": {
      "labels": [
        0,
        1,
        2,
        3,
        4,
        5,
        6,
        7,
        8
      ],
      "accuracy": 0.19547536020846107,
      "balanced_accuracy": 0.22490527406956318,
      "precision_macro": 0.1882225475050875,
      "precision_micro": 0.19547536020846107,
      "precision_weighted": 0.22635844796116866,
      "recall_macro": 0.22490527406956318,
      "recall_micro": 0.19547536020846107,
      "recall_weighted": 0.19547536020846107,
      "f1_macro": 0.1741790391069589,
      "f1_micro": 0.19547536020846107,
      "f1_weighted": 0.1921408139127672,
      "confusion_matrix": [
        [
          6440,
          400,
          438,
          466,
          446,
          882,
          383,
          552,
          1204
        ],
        [
          3700,
          899,
          1053,
          994,
          680,
          1529,
          1188,
          1000,
          1649
        ],
        [
          4764,
          1264,
          2758,
          2876,
          1577,
          3720,
          2904,
          2161,
          3516
        ],
        [
          3735,
          803,
          2114,
          5702,
          1597,
          5100,
          2767,
          1126,
          3149
        ],
        [
          7581,
          1401,
          2167,
          4115,
          2942,
          4708,
          2946,
          1510,
          4667
        ],
        [
          5834,
          1484,
          2787,
          5913,
          2486,
          10883,
          3985,
          2858,
          5120
        ],
        [
          7448,
          1421,
          2358,
          4253,
          2187,
          5697,
          7039,
          2695,
          5598
        ],
        [
          3158,
          674,
          747,
          843,
          733,
          2671,
          2082,
          1620,
          2415
        ],
        [
          1435,
          235,
          226,
          344,
          203,
          325,
          694,
          218,
          2526
        ]
      ]
    }
  },
  "test_metrics": {
    "classification": {
      "labels": [
        0,
        1,
        2,
        3,
        4,
        5,
        6,
        7,
        8
      ],
      "accuracy": 0.19209361587982832,
      "balanced_accuracy": 0.22166400303246825,
      "precision_macro": 0.185649097896453,
      "precision_micro": 0.19209361587982832,
      "precision_weighted": 0.22219238426916088,
      "recall_macro": 0.22166400303246825,
      "recall_micro": 0.19209361587982832,
      "recall_weighted": 0.19209361587982832,
      "f1_macro": 0.1718088913705475,
      "f1_micro": 0.19209361587982832,
      "f1_weighted": 0.1886323945732548,
      "confusion_matrix": [
        [
          2704,
          203,
          176,
          200,
          222,
          393,
          192,
          269,
          507
        ],
        [
          1530,
          385,
          468,
          449,
          299,
          666,
          518,
          424,
          743
        ],
        [
          2054,
          546,
          1152,
          1220,
          694,
          1665,
          1222,
          963,
          1525
        ],
        [
          1651,
          358,
          841,
          2449,
          667,
          2223,
          1169,
          457,
          1372
        ],
        [
          3068,
          584,
          900,
          1751,
          1283,
          1967,
          1352,
          652,
          2074
        ],
        [
          2446,
          665,
          1154,
          2568,
          1029,
          4492,
          1674,
          1147,
          2191
        ],
        [
          3214,
          652,
          1035,
          1849,
          1031,
          2532,
          2942,
          1122,
          2381
        ],
        [
          1373,
          288,
          347,
          367,
          298,
          1207,
          848,
          692,
          1073
        ],
        [
          640,
          91,
          110,
          166,
          78,
          143,
          243,
          89,
          1088
        ]
      ]
    }
  },
  "run_timestamp": "20251226_201935_481963",
  "params_hash": "42e3e1b1c8bf073af3bf016c9593a60af8ef13852e1a69549ea01538b6d5f1e7"
}