{
  "best_epoch": 0,
  "best_val_loss": null,
  "total_seconds": 2.7222384909982793,
  "epochs": [],
  "train_metrics": {
    "classification": {
      "labels": [
        0,
        1,
        2,
        3,
        4,
        5,
        6,
        7,
        8
      ],
      "accuracy": 0.1754722946045371,
      "balanced_accuracy": 0.1779514785544555,
      "precision_macro": 0.16256889127102975,
      "precision_micro": 0.1754722946045371,
      "precision_weighted": 0.19470175808949602,
      "recall_macro": 0.1779514785544555,
      "recall_micro": 0.1754722946045371,
      "recall_weighted": 0.1754722946045371,
      "f1_macro": 0.149053632115311,
      "f1_micro": 0.1754722946045371,
      "f1_weighted": 0.16849205474546733,
      "confusion_matrix": [
        [
          5483,
          966,
          520,
          510,
          689,
          2020,
          400,
          496,
          127
        ],
        [
          3283,
          2017,
          1159,
          1059,
          568,
          2206,
          834,
          1447,
          119
        ],
        [
          5075,
          3332,
          2326,
          1943,
          1694,
          4969,
          2233,
          3616,
          352
        ],
        [
          4256,
          2940,
          1893,
          3649,
          2135,
          6487,
          2550,
          1811,
          372
        ],
        [
          8084,
          2896,
          1680,
          3147,
          3020,
          7559,
          2391,
          2519,
          741
        ],
        [
          7511,
          3142,
          2114,
          4201,
          2951,
          12718,
          4035,
          4173,
          505
        ],
        [
          8831,
          3392,
          1959,
          3528,
          2287,
          8739,
          4762,
          4571,
          627
        ],
        [
          2608,
          1349,
          1047,
          836,
          880,
          3899,
          1621,
          2447,
          256
        ],
        [
          1386,
          668,
          434,
          524,
          400,
          1667,
          629,
          287,
          211
        ]
      ]
    }
  },
  "test_metrics": {
    "classification": {
      "labels": [
        0,
        1,
        2,
        3,
        4,
        5,
        6,
        7,
        8
      ],
      "accuracy": 0.17214324034334763,
      "balanced_accuracy": 0.17419903838349815,
      "precision_macro": 0.15850584931307904,
      "precision_micro": 0.17214324034334763,
      "precision_weighted": 0.19043062041556133,
      "recall_macro": 0.17419903838349815,
      "recall_micro": 0.17214324034334763,
      "recall_weighted": 0.17214324034334763,
      "f1_macro": 0.14591129265601568,
      "f1_micro": 0.17214324034334763,
      "f1_weighted": 0.16490615257058555,
      "confusion_matrix": [
        [
          2310,
          437,
          225,
          216,
          295,
          868,
          207,
          237,
          71
        ],
        [
          1370,
          857,
          553,
          498,
          270,
          931,
          332,
          604,
          67
        ],
        [
          2197,
          1475,
          980,
          837,
          719,
          2209,
          941,
          1535,
          148
        ],
        [
          1769,
          1299,
          820,
          1526,
          957,
          2750,
          1109,
          787,
          170
        ],
        [
          3363,
          1242,
          743,
          1355,
          1280,
          3189,
          1077,
          1090,
          292
        ],
        [
          3208,
          1414,
          906,
          1791,
          1272,
          5297,
          1622,
          1631,
          225
        ],
        [
          3832,
          1473,
          855,
          1521,
          1056,
          3810,
          2000,
          1942,
          269
        ],
        [
          1166,
          554,
          428,
          375,
          380,
          1734,
          661,
          1081,
          114
        ],
        [
          620,
          280,
          170,
          228,
          156,
          751,
          248,
          124,
          71
        ]
      ]
    }
  },
  "run_timestamp": "20251226_201544_920484",
  "params_hash": "dd23dce8dd55faf3b9e29d5fe516d2095ab1bdd19cdecc3677ada9bbc1600277"
}