{
  "best_epoch": 0,
  "best_val_loss": null,
  "total_seconds": 7.292353429016657,
  "epochs": [],
  "train_metrics": {
    "classification": {
      "labels": [
        0,
        1,
        2,
        3,
        4,
        5,
        6,
        7,
        8
      ],
      "accuracy": 0.20707675505824646,
      "balanced_accuracy": 0.24267331465186473,
      "precision_macro": 0.20505738831855547,
      "precision_micro": 0.20707675505824646,
      "precision_weighted": 0.24435335320997084,
      "recall_macro": 0.24267331465186473,
      "recall_micro": 0.20707675505824646,
      "recall_weighted": 0.20707675505824646,
      "f1_macro": 0.18850261610470162,
      "f1_micro": 0.20707675505824646,
      "f1_weighted": 0.206442801603014,
      "confusion_matrix": [
        [
          6049,
          866,
          413,
          277,
          573,
          637,
          551,
          344,
          1501
        ],
        [
          3339,
          2460,
          987,
          529,
          443,
          1370,
          1201,
          670,
          1693
        ],
        [
          4341,
          2533,
          2927,
          1947,
          2171,
          3124,
          3109,
          1766,
          3622
        ],
        [
          4300,
          1939,
          2061,
          3303,
          2576,
          5064,
          2611,
          908,
          3331
        ],
        [
          6784,
          2506,
          1950,
          2141,
          4828,
          5035,
          2877,
          1012,
          4904
        ],
        [
          5043,
          2907,
          2790,
          2982,
          2633,
          11473,
          5836,
          1905,
          5781
        ],
        [
          6038,
          2927,
          1658,
          1981,
          2739,
          6410,
          7943,
          1893,
          7107
        ],
        [
          2235,
          1402,
          684,
          672,
          877,
          2564,
          2303,
          1151,
          3055
        ],
        [
          994,
          451,
          117,
          183,
          244,
          357,
          658,
          105,
          3097
        ]
      ]
    }
  },
  "test_metrics": {
    "classification": {
      "labels": [
        0,
        1,
        2,
        3,
        4,
        5,
        6,
        7,
        8
      ],
      "accuracy": 0.20567328326180256,
      "balanced_accuracy": 0.24102828684874467,
      "precision_macro": 0.20429567855353037,
      "precision_micro": 0.20567328326180256,
      "precision_weighted": 0.2422005565647198,
      "recall_macro": 0.24102828684874467,
      "recall_micro": 0.20567328326180256,
      "recall_weighted": 0.20567328326180256,
      "f1_macro": 0.18786311292568955,
      "f1_micro": 0.20567328326180256,
      "f1_weighted": 0.20490441775924312,
      "confusion_matrix": [
        [
          2522,
          382,
          180,
          128,
          237,
          312,
          281,
          161,
          663
        ],
        [
          1459,
          1103,
          431,
          212,
          215,
          560,
          476,
          287,
          739
        ],
        [
          1883,
          1120,
          1252,
          839,
          925,
          1401,
          1335,
          757,
          1529
        ],
        [
          1916,
          898,
          882,
          1404,
          1051,
          2143,
          1177,
          416,
          1300
        ],
        [
          2766,
          1072,
          845,
          914,
          2014,
          2169,
          1273,
          434,
          2144
        ],
        [
          2072,
          1231,
          1189,
          1247,
          1123,
          4874,
          2474,
          710,
          2446
        ],
        [
          2597,
          1313,
          693,
          899,
          1207,
          2764,
          3390,
          835,
          3060
        ],
        [
          962,
          587,
          337,
          307,
          368,
          1092,
          973,
          518,
          1349
        ],
        [
          453,
          196,
          48,
          66,
          85,
          179,
          252,
          44,
          1325
        ]
      ]
    }
  },
  "run_timestamp": "20251227_011821_408354",
  "params_hash": "3efcd10a8994d0f04840c4e26920d69c4d95d877c559a70afe43ab0748c37d5e"
}