{
  "best_epoch": 0,
  "best_val_loss": null,
  "total_seconds": 0.02607584399811458,
  "epochs": [],
  "train_metrics": {
    "classification": {
      "labels": [
        0,
        1,
        2,
        3,
        4,
        5,
        6,
        7,
        8
      ],
      "accuracy": 0.15081845238095237,
      "balanced_accuracy": 0.1706373439092026,
      "precision_macro": 0.14965864741033172,
      "precision_micro": 0.15081845238095237,
      "precision_weighted": 0.1681571821555234,
      "recall_macro": 0.1706373439092026,
      "recall_micro": 0.15081845238095237,
      "recall_weighted": 0.15081845238095237,
      "f1_macro": 0.11954925854471234,
      "f1_micro": 0.15081845238095237,
      "f1_weighted": 0.12798054126951447,
      "confusion_matrix": [
        [
          78,
          133,
          3,
          42,
          37,
          45,
          160,
          4,
          205
        ],
        [
          25,
          236,
          8,
          42,
          30,
          48,
          211,
          1,
          338
        ],
        [
          69,
          195,
          24,
          90,
          65,
          108,
          438,
          2,
          507
        ],
        [
          67,
          216,
          28,
          143,
          83,
          189,
          434,
          1,
          663
        ],
        [
          115,
          303,
          43,
          138,
          124,
          180,
          604,
          1,
          805
        ],
        [
          64,
          218,
          12,
          80,
          60,
          193,
          365,
          2,
          483
        ],
        [
          138,
          313,
          27,
          148,
          130,
          238,
          881,
          4,
          709
        ],
        [
          74,
          126,
          11,
          101,
          75,
          127,
          397,
          2,
          556
        ],
        [
          7,
          50,
          6,
          47,
          28,
          49,
          87,
          5,
          346
        ]
      ]
    }
  },
  "test_metrics": {
    "classification": {
      "labels": [
        0,
        1,
        2,
        3,
        4,
        5,
        6,
        7,
        8
      ],
      "accuracy": 0.14166666666666666,
      "balanced_accuracy": 0.16307584960373728,
      "precision_macro": 0.13673584643692294,
      "precision_micro": 0.14166666666666666,
      "precision_weighted": 0.15865236298416446,
      "recall_macro": 0.16307584960373728,
      "recall_micro": 0.14166666666666666,
      "recall_weighted": 0.14166666666666666,
      "f1_macro": 0.1112000400212021,
      "f1_micro": 0.14166666666666666,
      "f1_weighted": 0.12228083183170797,
      "confusion_matrix": [
        [
          20,
          64,
          4,
          12,
          18,
          19,
          49,
          1,
          81
        ],
        [
          20,
          108,
          2,
          22,
          13,
          13,
          89,
          1,
          128
        ],
        [
          23,
          80,
          5,
          40,
          35,
          62,
          181,
          2,
          219
        ],
        [
          26,
          106,
          15,
          74,
          25,
          92,
          204,
          1,
          258
        ],
        [
          56,
          145,
          24,
          70,
          49,
          57,
          256,
          2,
          343
        ],
        [
          29,
          93,
          18,
          41,
          25,
          82,
          165,
          1,
          184
        ],
        [
          64,
          159,
          17,
          59,
          69,
          93,
          355,
          3,
          313
        ],
        [
          39,
          46,
          10,
          40,
          43,
          61,
          155,
          2,
          250
        ],
        [
          7,
          16,
          0,
          14,
          16,
          21,
          34,
          1,
          121
        ]
      ]
    }
  },
  "run_timestamp": "20251208_102259_935187",
  "params_hash": "75292bdbfae37ddefa96f3a611e45eb0440dbc1398afefd2d7830adf658fef8d"
}