{
  "best_epoch": 0,
  "best_val_loss": null,
  "total_seconds": 0.08628770099312533,
  "epochs": [],
  "train_metrics": {
    "classification": {
      "labels": [
        0,
        1,
        2,
        3,
        4,
        5,
        6,
        7,
        8
      ],
      "accuracy": 0.15654761904761905,
      "balanced_accuracy": 0.19808649043981405,
      "precision_macro": 0.16491502492163573,
      "precision_micro": 0.15654761904761905,
      "precision_weighted": 0.20111833260708886,
      "recall_macro": 0.19808649043981405,
      "recall_micro": 0.15654761904761905,
      "recall_weighted": 0.15654761904761905,
      "f1_macro": 0.13946605542257529,
      "f1_micro": 0.15654761904761905,
      "f1_weighted": 0.14708294336870828,
      "confusion_matrix": [
        [
          303,
          90,
          15,
          96,
          46,
          18,
          17,
          7,
          143
        ],
        [
          226,
          198,
          25,
          101,
          63,
          33,
          53,
          10,
          120
        ],
        [
          269,
          266,
          70,
          362,
          164,
          177,
          96,
          8,
          241
        ],
        [
          184,
          130,
          74,
          506,
          192,
          171,
          85,
          18,
          317
        ],
        [
          431,
          249,
          86,
          328,
          312,
          121,
          127,
          21,
          357
        ],
        [
          343,
          302,
          65,
          567,
          234,
          321,
          170,
          23,
          618
        ],
        [
          506,
          290,
          67,
          387,
          281,
          199,
          215,
          31,
          500
        ],
        [
          250,
          90,
          44,
          161,
          99,
          49,
          59,
          9,
          226
        ],
        [
          71,
          15,
          2,
          41,
          63,
          16,
          27,
          3,
          170
        ]
      ]
    }
  },
  "test_metrics": {
    "classification": {
      "labels": [
        0,
        1,
        2,
        3,
        4,
        5,
        6,
        7,
        8
      ],
      "accuracy": 0.159375,
      "balanced_accuracy": 0.19971347135203069,
      "precision_macro": 0.1708136986682887,
      "precision_micro": 0.159375,
      "precision_weighted": 0.21348663470296836,
      "recall_macro": 0.19971347135203069,
      "recall_micro": 0.159375,
      "recall_weighted": 0.159375,
      "f1_macro": 0.14247005455955145,
      "f1_micro": 0.159375,
      "f1_weighted": 0.15440524565302147,
      "confusion_matrix": [
        [
          124,
          33,
          6,
          26,
          20,
          8,
          10,
          6,
          67
        ],
        [
          78,
          89,
          12,
          40,
          29,
          13,
          20,
          5,
          55
        ],
        [
          125,
          118,
          29,
          172,
          52,
          68,
          35,
          8,
          95
        ],
        [
          67,
          66,
          38,
          211,
          72,
          73,
          46,
          10,
          140
        ],
        [
          209,
          96,
          43,
          143,
          134,
          55,
          56,
          9,
          163
        ],
        [
          166,
          117,
          30,
          241,
          89,
          142,
          74,
          7,
          271
        ],
        [
          224,
          136,
          33,
          168,
          112,
          81,
          120,
          9,
          211
        ],
        [
          91,
          33,
          17,
          66,
          41,
          23,
          36,
          5,
          81
        ],
        [
          30,
          5,
          6,
          12,
          19,
          10,
          15,
          1,
          64
        ]
      ]
    }
  },
  "run_timestamp": "20251208_102656_979662",
  "params_hash": "4eba688280dd40e2773bc134b9e904c7a20de08d4783f4cc6042dbc878bc8184"
}