{
  "best_epoch": 0,
  "best_val_loss": null,
  "total_seconds": 0.02686580100271385,
  "epochs": [],
  "train_metrics": {
    "classification": {
      "labels": [
        0,
        1,
        2,
        3,
        4,
        5,
        6,
        7,
        8
      ],
      "accuracy": 0.14992559523809523,
      "balanced_accuracy": 0.18260542093758467,
      "precision_macro": 0.15172363801966876,
      "precision_micro": 0.14992559523809523,
      "precision_weighted": 0.17989244548974684,
      "recall_macro": 0.18260542093758467,
      "recall_micro": 0.14992559523809523,
      "recall_weighted": 0.14992559523809523,
      "f1_macro": 0.13463497685082923,
      "f1_micro": 0.14992559523809523,
      "f1_weighted": 0.13901843534773875,
      "confusion_matrix": [
        [
          306,
          51,
          33,
          42,
          14,
          109,
          30,
          46,
          104
        ],
        [
          202,
          116,
          43,
          75,
          11,
          120,
          40,
          108,
          114
        ],
        [
          322,
          199,
          83,
          184,
          26,
          296,
          75,
          210,
          258
        ],
        [
          264,
          133,
          94,
          365,
          29,
          316,
          81,
          193,
          202
        ],
        [
          432,
          140,
          104,
          269,
          46,
          355,
          98,
          224,
          364
        ],
        [
          347,
          163,
          100,
          414,
          63,
          619,
          180,
          375,
          382
        ],
        [
          339,
          232,
          130,
          279,
          58,
          554,
          203,
          236,
          445
        ],
        [
          100,
          64,
          67,
          87,
          22,
          266,
          63,
          138,
          180
        ],
        [
          44,
          27,
          21,
          29,
          10,
          91,
          23,
          24,
          139
        ]
      ]
    }
  },
  "test_metrics": {
    "classification": {
      "labels": [
        0,
        1,
        2,
        3,
        4,
        5,
        6,
        7,
        8
      ],
      "accuracy": 0.15138888888888888,
      "balanced_accuracy": 0.178991844009424,
      "precision_macro": 0.1561321597685491,
      "precision_micro": 0.15138888888888888,
      "precision_weighted": 0.19142175307425338,
      "recall_macro": 0.178991844009424,
      "recall_micro": 0.15138888888888888,
      "recall_weighted": 0.15138888888888888,
      "f1_macro": 0.13498189001126576,
      "f1_micro": 0.15138888888888888,
      "f1_weighted": 0.1442958054673042,
      "confusion_matrix": [
        [
          127,
          19,
          10,
          23,
          9,
          33,
          8,
          25,
          46
        ],
        [
          91,
          52,
          24,
          25,
          4,
          48,
          17,
          47,
          33
        ],
        [
          132,
          104,
          42,
          82,
          9,
          121,
          23,
          106,
          83
        ],
        [
          128,
          65,
          28,
          161,
          17,
          118,
          41,
          81,
          84
        ],
        [
          213,
          53,
          46,
          118,
          27,
          146,
          45,
          84,
          176
        ],
        [
          130,
          82,
          38,
          187,
          29,
          279,
          88,
          153,
          151
        ],
        [
          159,
          110,
          44,
          128,
          31,
          235,
          90,
          86,
          211
        ],
        [
          43,
          26,
          32,
          30,
          10,
          95,
          34,
          51,
          72
        ],
        [
          20,
          13,
          11,
          12,
          2,
          28,
          20,
          13,
          43
        ]
      ]
    }
  },
  "run_timestamp": "20251208_103345_936988",
  "params_hash": "75a81167bbbd57caa73daffc745104b5f4199b24a60ed7c5144ebed228377eeb"
}