{
  "best_epoch": 0,
  "best_val_loss": null,
  "total_seconds": 0.006941168991033919,
  "epochs": [],
  "train_metrics": {
    "classification": {
      "labels": [
        0,
        1,
        2,
        3,
        4
      ],
      "accuracy": 0.2556547619047619,
      "balanced_accuracy": 0.24810347242306569,
      "precision_macro": 0.1875358551836115,
      "precision_micro": 0.2556547619047619,
      "precision_weighted": 0.21044351541758058,
      "recall_macro": 0.24810347242306569,
      "recall_micro": 0.2556547619047619,
      "recall_weighted": 0.2556547619047619,
      "f1_macro": 0.1882351535463544,
      "f1_micro": 0.2556547619047619,
      "f1_weighted": 0.21100501540365246,
      "confusion_matrix": [
        [
          537,
          0,
          38,
          179,
          451
        ],
        [
          723,
          0,
          117,
          495,
          1324
        ],
        [
          580,
          0,
          102,
          463,
          993
        ],
        [
          985,
          0,
          144,
          851,
          1674
        ],
        [
          860,
          0,
          150,
          828,
          1946
        ]
      ]
    }
  },
  "test_metrics": {
    "classification": {
      "labels": [
        0,
        1,
        2,
        3,
        4
      ],
      "accuracy": 0.24704861111111112,
      "balanced_accuracy": 0.24650114164920764,
      "precision_macro": 0.1912439039486745,
      "precision_micro": 0.24704861111111112,
      "precision_weighted": 0.20954841099746432,
      "recall_macro": 0.24650114164920764,
      "recall_micro": 0.24704861111111112,
      "recall_weighted": 0.24704861111111112,
      "f1_macro": 0.18635425412520631,
      "f1_micro": 0.24704861111111112,
      "f1_weighted": 0.20524405611305163,
      "confusion_matrix": [
        [
          226,
          0,
          20,
          84,
          160
        ],
        [
          312,
          0,
          54,
          204,
          581
        ],
        [
          253,
          0,
          58,
          215,
          411
        ],
        [
          398,
          0,
          60,
          349,
          744
        ],
        [
          390,
          0,
          49,
          402,
          790
        ]
      ]
    }
  },
  "run_timestamp": "20251208_141526_366966",
  "params_hash": "df1b96c7516baa98f84d31d9ec9250534c2126ac34cc7741109f4573c0cda778"
}