{
  "best_epoch": 0,
  "best_val_loss": null,
  "total_seconds": 0.012413041986292228,
  "epochs": [],
  "train_metrics": {
    "classification": {
      "labels": [
        0,
        1,
        2,
        3,
        4
      ],
      "accuracy": 0.24717261904761906,
      "balanced_accuracy": 0.24543084582501523,
      "precision_macro": 0.23197589407244018,
      "precision_micro": 0.24717261904761906,
      "precision_weighted": 0.2520709156580533,
      "recall_macro": 0.24543084582501523,
      "recall_micro": 0.24717261904761906,
      "recall_weighted": 0.24717261904761906,
      "f1_macro": 0.20762119566029275,
      "f1_micro": 0.24717261904761906,
      "f1_weighted": 0.2253253454069852,
      "confusion_matrix": [
        [
          464,
          188,
          15,
          175,
          363
        ],
        [
          658,
          657,
          52,
          357,
          935
        ],
        [
          498,
          457,
          40,
          304,
          839
        ],
        [
          860,
          658,
          47,
          554,
          1535
        ],
        [
          693,
          827,
          50,
          607,
          1607
        ]
      ]
    }
  },
  "test_metrics": {
    "classification": {
      "labels": [
        0,
        1,
        2,
        3,
        4
      ],
      "accuracy": 0.2532986111111111,
      "balanced_accuracy": 0.2568460096339851,
      "precision_macro": 0.2387692478992583,
      "precision_micro": 0.2532986111111111,
      "precision_weighted": 0.2587729519330611,
      "recall_macro": 0.2568460096339851,
      "recall_micro": 0.2532986111111111,
      "recall_weighted": 0.2532986111111111,
      "f1_macro": 0.2143078493587906,
      "f1_micro": 0.2532986111111111,
      "f1_weighted": 0.230980649344473,
      "confusion_matrix": [
        [
          210,
          73,
          4,
          69,
          134
        ],
        [
          269,
          290,
          20,
          177,
          395
        ],
        [
          233,
          203,
          17,
          106,
          378
        ],
        [
          349,
          301,
          23,
          253,
          625
        ],
        [
          295,
          343,
          19,
          285,
          689
        ]
      ]
    }
  },
  "run_timestamp": "20251208_141536_145150",
  "params_hash": "11688e7d560ed2c3d1fa30790c763bdd69301a0b3dffa9078e172cfd174896f7"
}