{
  "best_epoch": 0,
  "best_val_loss": null,
  "total_seconds": 0.023057638012687676,
  "epochs": [],
  "train_metrics": {
    "classification": {
      "labels": [
        0,
        1,
        2,
        3,
        4,
        5,
        6,
        7,
        8
      ],
      "accuracy": 0.16822916666666668,
      "balanced_accuracy": 0.18483310570929756,
      "precision_macro": 0.15437919606059644,
      "precision_micro": 0.16822916666666668,
      "precision_weighted": 0.1797218341451023,
      "recall_macro": 0.18483310570929756,
      "recall_micro": 0.16822916666666668,
      "recall_weighted": 0.16822916666666668,
      "f1_macro": 0.12687116115511446,
      "f1_micro": 0.16822916666666668,
      "f1_weighted": 0.14184884666632513,
      "confusion_matrix": [
        [
          293,
          14,
          29,
          12,
          45,
          144,
          34,
          3,
          161
        ],
        [
          196,
          45,
          31,
          10,
          78,
          229,
          45,
          21,
          174
        ],
        [
          283,
          64,
          55,
          57,
          145,
          561,
          106,
          49,
          333
        ],
        [
          198,
          49,
          63,
          94,
          149,
          637,
          112,
          56,
          319
        ],
        [
          455,
          56,
          57,
          110,
          173,
          653,
          87,
          42,
          399
        ],
        [
          276,
          67,
          120,
          106,
          195,
          1172,
          169,
          88,
          450
        ],
        [
          368,
          58,
          58,
          69,
          203,
          872,
          189,
          74,
          585
        ],
        [
          146,
          35,
          43,
          24,
          74,
          365,
          59,
          50,
          191
        ],
        [
          64,
          11,
          1,
          6,
          34,
          83,
          17,
          2,
          190
        ]
      ]
    }
  },
  "test_metrics": {
    "classification": {
      "labels": [
        0,
        1,
        2,
        3,
        4,
        5,
        6,
        7,
        8
      ],
      "accuracy": 0.16875,
      "balanced_accuracy": 0.1783316219151701,
      "precision_macro": 0.1575963274830123,
      "precision_micro": 0.16875,
      "precision_weighted": 0.19077404197763662,
      "recall_macro": 0.1783316219151701,
      "recall_micro": 0.16875,
      "recall_weighted": 0.16875,
      "f1_macro": 0.12594512664970822,
      "f1_micro": 0.16875,
      "f1_weighted": 0.1462814620005603,
      "confusion_matrix": [
        [
          121,
          5,
          15,
          7,
          18,
          49,
          15,
          3,
          67
        ],
        [
          78,
          19,
          14,
          7,
          35,
          95,
          23,
          6,
          64
        ],
        [
          92,
          26,
          25,
          31,
          66,
          250,
          39,
          33,
          140
        ],
        [
          93,
          14,
          33,
          35,
          78,
          281,
          40,
          20,
          129
        ],
        [
          218,
          27,
          18,
          44,
          90,
          277,
          37,
          11,
          186
        ],
        [
          109,
          33,
          55,
          33,
          84,
          510,
          63,
          38,
          212
        ],
        [
          187,
          21,
          28,
          21,
          73,
          365,
          91,
          30,
          278
        ],
        [
          59,
          16,
          14,
          8,
          28,
          144,
          25,
          19,
          80
        ],
        [
          32,
          6,
          2,
          6,
          5,
          39,
          9,
          1,
          62
        ]
      ]
    }
  },
  "run_timestamp": "20251208_103422_742889",
  "params_hash": "2877f6d014c8b306e1254790921f053575eece1de3efebf94afa39624293cd93"
}