{
  "best_epoch": 0,
  "best_val_loss": null,
  "total_seconds": 8.693588250986068,
  "epochs": [],
  "train_metrics": {
    "classification": {
      "labels": [
        0,
        1,
        2,
        3,
        4
      ],
      "accuracy": 0.31357775137952176,
      "balanced_accuracy": 0.30202718231497105,
      "precision_macro": 0.29411485524286674,
      "precision_micro": 0.31357775137952176,
      "precision_weighted": 0.31913783252795924,
      "recall_macro": 0.30202718231497105,
      "recall_micro": 0.31357775137952176,
      "recall_weighted": 0.31357775137952176,
      "f1_macro": 0.2917262082143632,
      "f1_micro": 0.31357775137952176,
      "f1_weighted": 0.3115915136794646,
      "confusion_matrix": [
        [
          5932,
          2657,
          2056,
          2254,
          5347
        ],
        [
          6171,
          10252,
          5519,
          7868,
          11616
        ],
        [
          4973,
          5000,
          7008,
          6831,
          9789
        ],
        [
          7610,
          9018,
          6669,
          15924,
          17473
        ],
        [
          7189,
          7735,
          6353,
          11175,
          26349
        ]
      ]
    }
  },
  "test_metrics": {
    "classification": {
      "labels": [
        0,
        1,
        2,
        3,
        4
      ],
      "accuracy": 0.31299177396280403,
      "balanced_accuracy": 0.2998884254248162,
      "precision_macro": 0.2926132168634561,
      "precision_micro": 0.31299177396280403,
      "precision_weighted": 0.31788975235132,
      "recall_macro": 0.2998884254248162,
      "recall_micro": 0.31299177396280403,
      "recall_weighted": 0.31299177396280403,
      "f1_macro": 0.2905038208252833,
      "f1_micro": 0.31299177396280403,
      "f1_weighted": 0.31116200514883546,
      "confusion_matrix": [
        [
          2593,
          1149,
          914,
          1049,
          2378
        ],
        [
          2597,
          4304,
          2401,
          3520,
          4934
        ],
        [
          2244,
          2131,
          2868,
          2872,
          4049
        ],
        [
          3298,
          3792,
          2749,
          6986,
          7332
        ],
        [
          3079,
          3339,
          2790,
          4851,
          11253
        ]
      ]
    }
  },
  "run_timestamp": "20251226_200749_253591",
  "params_hash": "ad9fa26c54f86e63d0c35673d1191ba560cb5a0e82e4afe1a57e48bf89599d31"
}