{
  "best_epoch": 0,
  "best_val_loss": null,
  "total_seconds": 1.1591561999812257,
  "epochs": [],
  "train_metrics": {
    "classification": {
      "labels": [
        0,
        1,
        2,
        3,
        4
      ],
      "accuracy": 0.3051904506437768,
      "balanced_accuracy": 0.27441500937019986,
      "precision_macro": 0.26419716982080815,
      "precision_micro": 0.3051904506437768,
      "precision_weighted": 0.3031918105666061,
      "recall_macro": 0.27441500937019986,
      "recall_micro": 0.3051904506437768,
      "recall_weighted": 0.3051904506437768,
      "f1_macro": 0.24780939976325245,
      "f1_micro": 0.3051904506437768,
      "f1_weighted": 0.29036992745294127,
      "confusion_matrix": [
        [
          7280,
          2474,
          486,
          4914,
          2706
        ],
        [
          7853,
          8301,
          1458,
          18425,
          7276
        ],
        [
          6001,
          4390,
          1450,
          11346,
          4090
        ],
        [
          13521,
          9429,
          2749,
          35971,
          11075
        ],
        [
          10846,
          5023,
          1850,
          19142,
          10712
        ]
      ]
    }
  },
  "test_metrics": {
    "classification": {
      "labels": [
        0,
        1,
        2,
        3,
        4
      ],
      "accuracy": 0.30141273247496425,
      "balanced_accuracy": 0.2707164037253925,
      "precision_macro": 0.26136202770477013,
      "precision_micro": 0.30141273247496425,
      "precision_weighted": 0.2990726522307799,
      "recall_macro": 0.2707164037253925,
      "recall_micro": 0.30141273247496425,
      "recall_weighted": 0.30141273247496425,
      "f1_macro": 0.24570852650773767,
      "f1_micro": 0.30141273247496425,
      "f1_weighted": 0.28686724814051373,
      "confusion_matrix": [
        [
          3054,
          1113,
          230,
          2177,
          1196
        ],
        [
          3349,
          3558,
          634,
          7975,
          3149
        ],
        [
          2496,
          1868,
          620,
          4853,
          1797
        ],
        [
          5670,
          3970,
          1191,
          15045,
          4831
        ],
        [
          4682,
          2232,
          834,
          8257,
          4691
        ]
      ]
    }
  },
  "run_timestamp": "20251226_195935_616719",
  "params_hash": "73eace008bf7ece64c07ebf824833e7b27a2a5ac67b67af5ba4dfca5254ca828"
}