{
  "best_epoch": 0,
  "best_val_loss": null,
  "total_seconds": 0.017240178000065498,
  "epochs": [],
  "train_metrics": {
    "classification": {
      "labels": [
        0,
        1,
        2,
        3,
        4,
        5,
        6,
        7,
        8
      ],
      "accuracy": 0.17217261904761905,
      "balanced_accuracy": 0.16314507879404355,
      "precision_macro": 0.14316553510760238,
      "precision_micro": 0.17217261904761905,
      "precision_weighted": 0.17301942413958016,
      "recall_macro": 0.16314507879404355,
      "recall_micro": 0.17217261904761905,
      "recall_weighted": 0.17217261904761905,
      "f1_macro": 0.11859393079363352,
      "f1_micro": 0.17217261904761905,
      "f1_weighted": 0.13950739507513404,
      "confusion_matrix": [
        [
          336,
          37,
          2,
          19,
          48,
          201,
          30,
          13,
          49
        ],
        [
          257,
          41,
          0,
          45,
          56,
          299,
          27,
          20,
          84
        ],
        [
          439,
          53,
          1,
          87,
          159,
          638,
          110,
          38,
          128
        ],
        [
          301,
          67,
          0,
          146,
          203,
          721,
          75,
          26,
          138
        ],
        [
          546,
          61,
          1,
          125,
          244,
          723,
          127,
          46,
          159
        ],
        [
          475,
          100,
          0,
          182,
          230,
          1239,
          158,
          51,
          208
        ],
        [
          471,
          96,
          3,
          156,
          246,
          1046,
          210,
          42,
          206
        ],
        [
          151,
          37,
          1,
          48,
          85,
          457,
          85,
          26,
          97
        ],
        [
          82,
          17,
          1,
          23,
          27,
          119,
          43,
          25,
          71
        ]
      ]
    }
  },
  "test_metrics": {
    "classification": {
      "labels": [
        0,
        1,
        2,
        3,
        4,
        5,
        6,
        7,
        8
      ],
      "accuracy": 0.17326388888888888,
      "balanced_accuracy": 0.16955042480899424,
      "precision_macro": 0.13544121736235687,
      "precision_micro": 0.17326388888888888,
      "precision_weighted": 0.16221379411704115,
      "recall_macro": 0.16955042480899424,
      "recall_micro": 0.17326388888888888,
      "recall_weighted": 0.17326388888888888,
      "f1_macro": 0.12021052557805446,
      "f1_micro": 0.17326388888888888,
      "f1_weighted": 0.1392044775614658,
      "confusion_matrix": [
        [
          136,
          13,
          1,
          7,
          23,
          84,
          16,
          2,
          18
        ],
        [
          106,
          18,
          0,
          22,
          25,
          122,
          10,
          6,
          32
        ],
        [
          157,
          14,
          0,
          38,
          71,
          327,
          32,
          10,
          53
        ],
        [
          153,
          15,
          0,
          73,
          89,
          295,
          36,
          8,
          54
        ],
        [
          259,
          30,
          3,
          48,
          109,
          314,
          65,
          14,
          66
        ],
        [
          212,
          40,
          1,
          73,
          84,
          544,
          63,
          20,
          100
        ],
        [
          222,
          48,
          1,
          60,
          113,
          455,
          70,
          24,
          101
        ],
        [
          55,
          6,
          2,
          18,
          40,
          189,
          22,
          11,
          50
        ],
        [
          37,
          3,
          1,
          6,
          3,
          41,
          24,
          10,
          37
        ]
      ]
    }
  },
  "run_timestamp": "20251208_103047_677982",
  "params_hash": "6bc18eb25fee2d10e0898a014ef0462b28f3c06b1e3f564798b79ddd50a80580"
}