{
  "best_epoch": 0,
  "best_val_loss": null,
  "total_seconds": 1.2434260489826556,
  "epochs": [],
  "train_metrics": {
    "classification": {
      "labels": [
        0,
        1,
        2,
        3,
        4,
        5,
        6,
        7,
        8
      ],
      "accuracy": 0.17131456928264868,
      "balanced_accuracy": 0.1683210710158857,
      "precision_macro": 0.14835400717618252,
      "precision_micro": 0.17131456928264868,
      "precision_weighted": 0.18044438126049242,
      "recall_macro": 0.1683210710158857,
      "recall_micro": 0.17131456928264868,
      "recall_weighted": 0.17131456928264868,
      "f1_macro": 0.12495029079757002,
      "f1_micro": 0.17131456928264868,
      "f1_weighted": 0.1457478653745229,
      "confusion_matrix": [
        [
          6278,
          452,
          425,
          191,
          614,
          2220,
          427,
          483,
          121
        ],
        [
          4437,
          1133,
          986,
          419,
          725,
          2914,
          632,
          1326,
          120
        ],
        [
          6725,
          1697,
          1545,
          1122,
          1653,
          7354,
          1477,
          3698,
          269
        ],
        [
          5734,
          1493,
          990,
          1832,
          1453,
          9452,
          1924,
          2876,
          339
        ],
        [
          10685,
          1178,
          1592,
          1549,
          2216,
          9790,
          1989,
          2569,
          469
        ],
        [
          9698,
          1656,
          1090,
          1605,
          2265,
          17739,
          2589,
          4340,
          368
        ],
        [
          10672,
          2101,
          2362,
          1453,
          1775,
          12462,
          2530,
          5041,
          300
        ],
        [
          3164,
          951,
          901,
          345,
          632,
          5349,
          1019,
          2443,
          139
        ],
        [
          1789,
          481,
          625,
          155,
          260,
          2079,
          457,
          311,
          49
        ]
      ]
    }
  },
  "test_metrics": {
    "classification": {
      "labels": [
        0,
        1,
        2,
        3,
        4,
        5,
        6,
        7,
        8
      ],
      "accuracy": 0.16819787195994276,
      "balanced_accuracy": 0.1651917117672389,
      "precision_macro": 0.14661348790038214,
      "precision_micro": 0.16819787195994276,
      "precision_weighted": 0.1783637312428156,
      "recall_macro": 0.1651917117672389,
      "recall_micro": 0.16819787195994276,
      "recall_weighted": 0.16819787195994276,
      "f1_macro": 0.12296400355053066,
      "f1_micro": 0.16819787195994276,
      "f1_weighted": 0.14299731920092743,
      "confusion_matrix": [
        [
          2646,
          200,
          179,
          82,
          263,
          982,
          222,
          235,
          57
        ],
        [
          1928,
          461,
          455,
          194,
          317,
          1275,
          245,
          552,
          55
        ],
        [
          2916,
          764,
          678,
          450,
          710,
          3204,
          633,
          1573,
          113
        ],
        [
          2508,
          642,
          453,
          780,
          626,
          3942,
          800,
          1280,
          156
        ],
        [
          4400,
          554,
          692,
          667,
          938,
          4140,
          859,
          1143,
          238
        ],
        [
          4254,
          724,
          463,
          633,
          953,
          7426,
          1057,
          1683,
          173
        ],
        [
          4729,
          978,
          969,
          642,
          742,
          5370,
          1059,
          2128,
          141
        ],
        [
          1379,
          394,
          396,
          168,
          283,
          2340,
          435,
          1040,
          58
        ],
        [
          795,
          191,
          250,
          69,
          101,
          908,
          196,
          117,
          21
        ]
      ]
    }
  },
  "run_timestamp": "20251226_201328_951891",
  "params_hash": "1d418ad37eba2c82893fa472d50a3331a229245579458f4e56234bc063930a1a"
}