{
  "best_epoch": 0,
  "best_val_loss": null,
  "total_seconds": 6.222942024003714,
  "epochs": [],
  "train_metrics": {
    "classification": {
      "labels": [
        0,
        1,
        2,
        3,
        4
      ],
      "accuracy": 0.3088883353770693,
      "balanced_accuracy": 0.2936857048489344,
      "precision_macro": 0.2878031476359512,
      "precision_micro": 0.3088883353770693,
      "precision_weighted": 0.314253399405307,
      "recall_macro": 0.2936857048489344,
      "recall_micro": 0.3088883353770693,
      "recall_weighted": 0.3088883353770693,
      "f1_macro": 0.28383761273817754,
      "f1_micro": 0.3088883353770693,
      "f1_weighted": 0.30522830973945586,
      "confusion_matrix": [
        [
          5208,
          3236,
          2148,
          2399,
          5255
        ],
        [
          6541,
          11204,
          5021,
          7001,
          11659
        ],
        [
          5097,
          5678,
          6773,
          5861,
          10192
        ],
        [
          7604,
          9834,
          6418,
          13576,
          19262
        ],
        [
          6381,
          8522,
          6491,
          9682,
          27725
        ]
      ]
    }
  },
  "test_metrics": {
    "classification": {
      "labels": [
        0,
        1,
        2,
        3,
        4
      ],
      "accuracy": 0.30887875536480686,
      "balanced_accuracy": 0.293371281528036,
      "precision_macro": 0.28703705504802396,
      "precision_micro": 0.30887875536480686,
      "precision_weighted": 0.31263776229682877,
      "recall_macro": 0.293371281528036,
      "recall_micro": 0.30887875536480686,
      "recall_weighted": 0.30887875536480686,
      "f1_macro": 0.28377070773055446,
      "f1_micro": 0.30887875536480686,
      "f1_weighted": 0.30485279895255574,
      "confusion_matrix": [
        [
          2351,
          1409,
          937,
          1077,
          2309
        ],
        [
          2795,
          4723,
          2182,
          3091,
          4965
        ],
        [
          2164,
          2405,
          2788,
          2537,
          4270
        ],
        [
          3295,
          4096,
          2733,
          5808,
          8225
        ],
        [
          2739,
          3570,
          2801,
          4236,
          11966
        ]
      ]
    }
  },
  "run_timestamp": "20251226_202242_529634",
  "params_hash": "550ad1c619028ff0e59e8953b5e9e3042c228c81dd7a3b399b103482079fe3b3"
}