{
  "best_epoch": 0,
  "best_val_loss": null,
  "total_seconds": 7.1878136199957225,
  "epochs": [],
  "train_metrics": {
    "classification": {
      "labels": [
        0,
        1,
        2,
        3,
        4,
        5,
        6,
        7,
        8
      ],
      "accuracy": 0.18964113274064992,
      "balanced_accuracy": 0.22506323220657473,
      "precision_macro": 0.18518405684288056,
      "precision_micro": 0.18964113274064992,
      "precision_weighted": 0.21933267455537955,
      "recall_macro": 0.22506323220657473,
      "recall_micro": 0.18964113274064992,
      "recall_weighted": 0.18964113274064992,
      "f1_macro": 0.17116849870528306,
      "f1_micro": 0.18964113274064992,
      "f1_weighted": 0.1839995964286607,
      "confusion_matrix": [
        [
          5516,
          1079,
          391,
          355,
          760,
          943,
          361,
          247,
          1559
        ],
        [
          3291,
          2702,
          698,
          766,
          708,
          1554,
          949,
          662,
          1362
        ],
        [
          4009,
          2922,
          1781,
          2337,
          2583,
          4601,
          2020,
          1885,
          3402
        ],
        [
          3908,
          2534,
          1309,
          3080,
          2660,
          5647,
          2289,
          1463,
          3203
        ],
        [
          6532,
          2560,
          1579,
          1974,
          5019,
          5962,
          1941,
          1462,
          5008
        ],
        [
          4782,
          3206,
          1894,
          2954,
          3940,
          12834,
          3421,
          2585,
          5734
        ],
        [
          6802,
          3594,
          1741,
          2089,
          3554,
          7192,
          4429,
          2346,
          6949
        ],
        [
          2198,
          1639,
          588,
          490,
          1155,
          2917,
          1609,
          1382,
          2965
        ],
        [
          835,
          524,
          239,
          98,
          470,
          681,
          288,
          223,
          2848
        ]
      ]
    }
  },
  "test_metrics": {
    "classification": {
      "labels": [
        0,
        1,
        2,
        3,
        4,
        5,
        6,
        7,
        8
      ],
      "accuracy": 0.18671763233190272,
      "balanced_accuracy": 0.22111969164129672,
      "precision_macro": 0.18239222453833878,
      "precision_micro": 0.18671763233190272,
      "precision_weighted": 0.21626929894906852,
      "recall_macro": 0.22111969164129672,
      "recall_micro": 0.18671763233190272,
      "recall_weighted": 0.18671763233190272,
      "f1_macro": 0.16819920826035267,
      "f1_micro": 0.18671763233190272,
      "f1_weighted": 0.1809440060677834,
      "confusion_matrix": [
        [
          2362,
          467,
          184,
          154,
          320,
          438,
          152,
          119,
          670
        ],
        [
          1451,
          1111,
          311,
          349,
          349,
          676,
          376,
          289,
          570
        ],
        [
          1763,
          1278,
          730,
          984,
          1070,
          2015,
          899,
          852,
          1450
        ],
        [
          1809,
          1124,
          610,
          1269,
          1114,
          2381,
          918,
          612,
          1350
        ],
        [
          2611,
          1105,
          651,
          823,
          2195,
          2545,
          888,
          609,
          2204
        ],
        [
          2028,
          1340,
          824,
          1218,
          1720,
          5374,
          1411,
          1044,
          2407
        ],
        [
          2979,
          1640,
          714,
          913,
          1529,
          3078,
          1898,
          999,
          3008
        ],
        [
          981,
          696,
          270,
          184,
          507,
          1260,
          712,
          575,
          1308
        ],
        [
          374,
          226,
          91,
          49,
          181,
          306,
          129,
          100,
          1192
        ]
      ]
    }
  },
  "run_timestamp": "20251227_011951_209379",
  "params_hash": "f3e4b55f34a14b95cf39ba1004eb7e85994262b645e8dc2806bd7baa1b5a0780"
}