{
  "best_epoch": 0,
  "best_val_loss": null,
  "total_seconds": 0.031037560998811387,
  "epochs": [],
  "train_metrics": {
    "classification": {
      "labels": [
        0,
        1,
        2,
        3,
        4
      ],
      "accuracy": 0.2922619047619048,
      "balanced_accuracy": 0.2722822157739383,
      "precision_macro": 0.27324001052140756,
      "precision_micro": 0.2922619047619048,
      "precision_weighted": 0.2939127960193616,
      "recall_macro": 0.2722822157739383,
      "recall_micro": 0.2922619047619048,
      "recall_weighted": 0.2922619047619048,
      "f1_macro": 0.24312106027697386,
      "f1_micro": 0.2922619047619048,
      "f1_weighted": 0.26414914925026434,
      "confusion_matrix": [
        [
          377,
          212,
          42,
          150,
          424
        ],
        [
          449,
          743,
          48,
          319,
          1100
        ],
        [
          394,
          411,
          106,
          248,
          979
        ],
        [
          487,
          675,
          103,
          583,
          1806
        ],
        [
          526,
          528,
          120,
          491,
          2119
        ]
      ]
    }
  },
  "test_metrics": {
    "classification": {
      "labels": [
        0,
        1,
        2,
        3,
        4
      ],
      "accuracy": 0.29878472222222224,
      "balanced_accuracy": 0.28001776879541507,
      "precision_macro": 0.273458065688642,
      "precision_micro": 0.29878472222222224,
      "precision_weighted": 0.29533024378820855,
      "recall_macro": 0.28001776879541507,
      "recall_micro": 0.29878472222222224,
      "recall_weighted": 0.29878472222222224,
      "f1_macro": 0.25035740787916866,
      "f1_micro": 0.29878472222222224,
      "f1_weighted": 0.27164256201050974,
      "confusion_matrix": [
        [
          160,
          96,
          13,
          60,
          161
        ],
        [
          178,
          344,
          22,
          144,
          463
        ],
        [
          162,
          181,
          44,
          134,
          416
        ],
        [
          201,
          284,
          48,
          270,
          748
        ],
        [
          210,
          234,
          67,
          217,
          903
        ]
      ]
    }
  },
  "run_timestamp": "20251208_141700_408635",
  "params_hash": "9443d36ccfb08ab2544957a545f696c5a410b44fda118358b736957590b21e4d"
}