{
  "best_epoch": 0,
  "best_val_loss": null,
  "total_seconds": 0.01747693600191269,
  "epochs": [],
  "train_metrics": {
    "classification": {
      "labels": [
        0,
        1,
        2,
        3,
        4,
        5,
        6,
        7,
        8
      ],
      "accuracy": 0.15602678571428572,
      "balanced_accuracy": 0.16429552434860925,
      "precision_macro": 0.15213592201743562,
      "precision_micro": 0.15602678571428572,
      "precision_weighted": 0.18323028515844084,
      "recall_macro": 0.16429552434860925,
      "recall_micro": 0.15602678571428572,
      "recall_weighted": 0.15602678571428572,
      "f1_macro": 0.1390676039977089,
      "f1_micro": 0.15602678571428572,
      "f1_weighted": 0.15253433002108938,
      "confusion_matrix": [
        [
          245,
          107,
          22,
          92,
          38,
          63,
          72,
          76,
          20
        ],
        [
          182,
          164,
          34,
          102,
          33,
          75,
          80,
          131,
          28
        ],
        [
          300,
          290,
          104,
          218,
          72,
          213,
          159,
          257,
          40
        ],
        [
          297,
          201,
          58,
          442,
          73,
          225,
          165,
          197,
          19
        ],
        [
          384,
          221,
          74,
          368,
          141,
          260,
          236,
          281,
          67
        ],
        [
          402,
          300,
          104,
          546,
          152,
          365,
          307,
          411,
          56
        ],
        [
          369,
          287,
          107,
          436,
          164,
          267,
          419,
          343,
          84
        ],
        [
          122,
          122,
          52,
          99,
          70,
          170,
          130,
          200,
          22
        ],
        [
          30,
          86,
          37,
          75,
          18,
          36,
          73,
          36,
          17
        ]
      ]
    }
  },
  "test_metrics": {
    "classification": {
      "labels": [
        0,
        1,
        2,
        3,
        4,
        5,
        6,
        7,
        8
      ],
      "accuracy": 0.15347222222222223,
      "balanced_accuracy": 0.16342448090637413,
      "precision_macro": 0.1505895397241454,
      "precision_micro": 0.15347222222222223,
      "precision_weighted": 0.18449588838304962,
      "recall_macro": 0.16342448090637413,
      "recall_micro": 0.15347222222222223,
      "recall_weighted": 0.15347222222222223,
      "f1_macro": 0.13712607495886256,
      "f1_micro": 0.15347222222222223,
      "f1_weighted": 0.1513091086431751,
      "confusion_matrix": [
        [
          98,
          55,
          4,
          33,
          13,
          31,
          27,
          30,
          9
        ],
        [
          75,
          69,
          14,
          45,
          15,
          32,
          36,
          48,
          7
        ],
        [
          104,
          120,
          38,
          89,
          32,
          109,
          75,
          119,
          16
        ],
        [
          117,
          94,
          19,
          181,
          34,
          106,
          75,
          85,
          12
        ],
        [
          169,
          112,
          38,
          141,
          68,
          106,
          108,
          129,
          37
        ],
        [
          170,
          133,
          39,
          243,
          60,
          148,
          136,
          178,
          30
        ],
        [
          163,
          141,
          53,
          202,
          59,
          106,
          195,
          135,
          40
        ],
        [
          40,
          46,
          27,
          28,
          31,
          68,
          56,
          78,
          19
        ],
        [
          13,
          38,
          13,
          18,
          8,
          14,
          33,
          16,
          9
        ]
      ]
    }
  },
  "run_timestamp": "20251208_103228_673480",
  "params_hash": "2c4327109ec22bf1fdd9f9551ae459357a10edd3c17a24751b7e2cf476e3dbb6"
}