{
  "best_epoch": 0,
  "best_val_loss": null,
  "total_seconds": 0.9650669310067315,
  "epochs": [],
  "train_metrics": {
    "classification": {
      "labels": [
        0,
        1,
        2,
        3,
        4
      ],
      "accuracy": 0.3064885423053342,
      "balanced_accuracy": 0.2811320535993797,
      "precision_macro": 0.27162511425606517,
      "precision_micro": 0.3064885423053342,
      "precision_weighted": 0.3070305713937254,
      "recall_macro": 0.2811320535993797,
      "recall_micro": 0.3064885423053342,
      "recall_weighted": 0.3064885423053342,
      "f1_macro": 0.2513541144216572,
      "f1_micro": 0.3064885423053342,
      "f1_weighted": 0.2890880301096942,
      "confusion_matrix": [
        [
          7995,
          2435,
          600,
          5064,
          1766
        ],
        [
          8555,
          8085,
          2194,
          18669,
          5810
        ],
        [
          6757,
          3933,
          2388,
          11200,
          2999
        ],
        [
          14123,
          8268,
          4031,
          37530,
          8793
        ],
        [
          10273,
          5060,
          2115,
          22138,
          7987
        ]
      ]
    }
  },
  "test_metrics": {
    "classification": {
      "labels": [
        0,
        1,
        2,
        3,
        4
      ],
      "accuracy": 0.30469867668097284,
      "balanced_accuracy": 0.28113236644587464,
      "precision_macro": 0.27006637745100914,
      "precision_micro": 0.30469867668097284,
      "precision_weighted": 0.3036357394086297,
      "recall_macro": 0.28113236644587464,
      "recall_micro": 0.30469867668097284,
      "recall_weighted": 0.30469867668097284,
      "f1_macro": 0.25106408033045574,
      "f1_micro": 0.30469867668097284,
      "f1_weighted": 0.28645883823616247,
      "confusion_matrix": [
        [
          3501,
          1047,
          232,
          2216,
          774
        ],
        [
          3635,
          3511,
          944,
          8048,
          2527
        ],
        [
          2829,
          1707,
          1003,
          4768,
          1327
        ],
        [
          5811,
          3571,
          1755,
          15821,
          3749
        ],
        [
          4439,
          2235,
          950,
          9646,
          3426
        ]
      ]
    }
  },
  "run_timestamp": "20251227_011503_054292",
  "params_hash": "9f034cee313f21365230a76f7192a21f1f3c491a8ac4f25bcdc64d2257edfba5"
}