{
  "best_epoch": 0,
  "best_val_loss": null,
  "total_seconds": 0.025702478000312112,
  "epochs": [],
  "train_metrics": {
    "classification": {
      "labels": [
        0,
        1,
        2,
        3,
        4,
        5,
        6,
        7,
        8
      ],
      "accuracy": 0.15907738095238094,
      "balanced_accuracy": 0.17953281976311175,
      "precision_macro": 0.1522748618431492,
      "precision_micro": 0.15907738095238094,
      "precision_weighted": 0.17967377689548092,
      "recall_macro": 0.17953281976311175,
      "recall_micro": 0.15907738095238094,
      "recall_weighted": 0.15907738095238094,
      "f1_macro": 0.12520504197106927,
      "f1_micro": 0.15907738095238094,
      "f1_weighted": 0.13772220060773727,
      "confusion_matrix": [
        [
          315,
          30,
          3,
          31,
          34,
          162,
          24,
          15,
          121
        ],
        [
          214,
          87,
          7,
          52,
          41,
          235,
          23,
          24,
          146
        ],
        [
          328,
          131,
          14,
          117,
          126,
          504,
          99,
          47,
          287
        ],
        [
          251,
          145,
          12,
          202,
          161,
          533,
          76,
          26,
          271
        ],
        [
          444,
          97,
          18,
          170,
          204,
          549,
          106,
          51,
          393
        ],
        [
          370,
          155,
          15,
          254,
          202,
          963,
          136,
          51,
          497
        ],
        [
          338,
          141,
          10,
          215,
          193,
          804,
          165,
          59,
          551
        ],
        [
          104,
          50,
          4,
          60,
          80,
          366,
          71,
          27,
          225
        ],
        [
          44,
          19,
          1,
          14,
          24,
          91,
          42,
          12,
          161
        ]
      ]
    }
  },
  "test_metrics": {
    "classification": {
      "labels": [
        0,
        1,
        2,
        3,
        4,
        5,
        6,
        7,
        8
      ],
      "accuracy": 0.16163194444444445,
      "balanced_accuracy": 0.18202578851095919,
      "precision_macro": 0.1586564282597439,
      "precision_micro": 0.16163194444444445,
      "precision_weighted": 0.19190277936078842,
      "recall_macro": 0.18202578851095919,
      "recall_micro": 0.16163194444444445,
      "recall_weighted": 0.16163194444444445,
      "f1_macro": 0.1248179814017522,
      "f1_micro": 0.16163194444444445,
      "f1_weighted": 0.14150888271422243,
      "confusion_matrix": [
        [
          126,
          9,
          1,
          18,
          19,
          59,
          12,
          3,
          53
        ],
        [
          97,
          26,
          3,
          29,
          22,
          98,
          12,
          7,
          47
        ],
        [
          135,
          45,
          9,
          63,
          55,
          242,
          29,
          18,
          106
        ],
        [
          134,
          48,
          4,
          97,
          72,
          215,
          30,
          14,
          109
        ],
        [
          189,
          44,
          5,
          78,
          94,
          240,
          48,
          20,
          190
        ],
        [
          148,
          78,
          9,
          97,
          80,
          432,
          56,
          22,
          215
        ],
        [
          183,
          57,
          8,
          85,
          78,
          330,
          67,
          23,
          263
        ],
        [
          46,
          14,
          4,
          22,
          37,
          136,
          26,
          12,
          96
        ],
        [
          25,
          7,
          0,
          6,
          5,
          28,
          17,
          6,
          68
        ]
      ]
    }
  },
  "run_timestamp": "20251208_103307_431393",
  "params_hash": "cf3bf5d117beb45e225896544ada71267c81579ffb3d7a98bc833f5c9ec8d56f"
}