{
  "best_epoch": 0,
  "best_val_loss": null,
  "total_seconds": 1.8446635919972323,
  "epochs": [],
  "train_metrics": {
    "classification": {
      "labels": [
        0,
        1,
        2,
        3,
        4
      ],
      "accuracy": 0.29427402667075414,
      "balanced_accuracy": 0.2695500881607901,
      "precision_macro": 0.2676934970642678,
      "precision_micro": 0.29427402667075414,
      "precision_weighted": 0.29300032176037655,
      "recall_macro": 0.2695500881607901,
      "recall_micro": 0.29427402667075414,
      "recall_weighted": 0.29427402667075414,
      "f1_macro": 0.26136437941792695,
      "f1_micro": 0.29427402667075414,
      "f1_weighted": 0.2859765838103113,
      "confusion_matrix": [
        [
          4218,
          2883,
          1807,
          2836,
          6502
        ],
        [
          5412,
          10019,
          4453,
          7130,
          14412
        ],
        [
          4312,
          5498,
          4976,
          6829,
          11986
        ],
        [
          6969,
          9126,
          5608,
          13581,
          21410
        ],
        [
          6158,
          8318,
          5328,
          10356,
          28641
        ]
      ]
    }
  },
  "test_metrics": {
    "classification": {
      "labels": [
        0,
        1,
        2,
        3,
        4
      ],
      "accuracy": 0.2926502145922747,
      "balanced_accuracy": 0.2675465958575824,
      "precision_macro": 0.2654744052656105,
      "precision_micro": 0.2926502145922747,
      "precision_weighted": 0.2900809384931107,
      "recall_macro": 0.2675465958575824,
      "recall_micro": 0.2926502145922747,
      "recall_weighted": 0.2926502145922747,
      "f1_macro": 0.2598338178357802,
      "f1_micro": 0.2926502145922747,
      "f1_weighted": 0.2842012259669567,
      "confusion_matrix": [
        [
          1868,
          1217,
          802,
          1255,
          2941
        ],
        [
          2266,
          4297,
          1921,
          3151,
          6121
        ],
        [
          1866,
          2274,
          2022,
          2922,
          5080
        ],
        [
          3004,
          3828,
          2404,
          5752,
          9169
        ],
        [
          2634,
          3493,
          2434,
          4506,
          12245
        ]
      ]
    }
  },
  "run_timestamp": "20251226_195957_974994",
  "params_hash": "73c76017d4dbc277804cd6fdd40c7c7f2506078f3cec1d1883f9a8dece5cd666"
}