{
  "best_epoch": 0,
  "best_val_loss": null,
  "total_seconds": 7.528178637003293,
  "epochs": [],
  "train_metrics": {
    "classification": {
      "labels": [
        0,
        1,
        2,
        3,
        4,
        5,
        6,
        7,
        8
      ],
      "accuracy": 0.1784037783568363,
      "balanced_accuracy": 0.20908109582531467,
      "precision_macro": 0.1835991647924217,
      "precision_micro": 0.1784037783568363,
      "precision_weighted": 0.20788409166943653,
      "recall_macro": 0.20908109582531467,
      "recall_micro": 0.1784037783568363,
      "recall_weighted": 0.1784037783568363,
      "f1_macro": 0.17100640475796203,
      "f1_micro": 0.1784037783568363,
      "f1_weighted": 0.17562299048021057,
      "confusion_matrix": [
        [
          2420,
          1733,
          442,
          966,
          559,
          493,
          1124,
          546,
          2276
        ],
        [
          1275,
          4093,
          872,
          1476,
          533,
          790,
          2701,
          928,
          1699
        ],
        [
          2243,
          3133,
          1940,
          2917,
          1025,
          2179,
          3846,
          1760,
          4251
        ],
        [
          2235,
          3378,
          2275,
          4504,
          1798,
          2998,
          3241,
          2202,
          6128
        ],
        [
          4292,
          3615,
          1811,
          3538,
          3584,
          2729,
          4663,
          3373,
          8530
        ],
        [
          2039,
          3092,
          1463,
          2921,
          1194,
          3171,
          2877,
          2011,
          4133
        ],
        [
          2849,
          5194,
          2067,
          4192,
          2574,
          3039,
          9302,
          4317,
          6925
        ],
        [
          2338,
          2072,
          813,
          2094,
          1481,
          1733,
          3792,
          3470,
          5146
        ],
        [
          592,
          683,
          242,
          723,
          691,
          297,
          703,
          663,
          4761
        ]
      ]
    }
  },
  "test_metrics": {
    "classification": {
      "labels": [
        0,
        1,
        2,
        3,
        4,
        5,
        6,
        7,
        8
      ],
      "accuracy": 0.17768687410586553,
      "balanced_accuracy": 0.2092056160319119,
      "precision_macro": 0.18322629979648894,
      "precision_micro": 0.17768687410586553,
      "precision_weighted": 0.20656306070207323,
      "recall_macro": 0.2092056160319119,
      "recall_micro": 0.17768687410586553,
      "recall_weighted": 0.17768687410586553,
      "f1_macro": 0.17043523526150095,
      "f1_micro": 0.17768687410586553,
      "f1_weighted": 0.17439618892071676,
      "confusion_matrix": [
        [
          1028,
          792,
          189,
          431,
          214,
          200,
          472,
          241,
          1019
        ],
        [
          550,
          1802,
          411,
          643,
          230,
          376,
          1210,
          399,
          749
        ],
        [
          884,
          1338,
          813,
          1290,
          444,
          947,
          1619,
          761,
          1929
        ],
        [
          960,
          1416,
          944,
          1842,
          748,
          1253,
          1452,
          925,
          2476
        ],
        [
          1872,
          1525,
          790,
          1492,
          1479,
          1179,
          2024,
          1362,
          3635
        ],
        [
          895,
          1337,
          657,
          1277,
          473,
          1378,
          1314,
          845,
          1776
        ],
        [
          1261,
          2223,
          907,
          1784,
          1086,
          1305,
          3950,
          1846,
          2963
        ],
        [
          957,
          906,
          344,
          909,
          547,
          759,
          1673,
          1559,
          2260
        ],
        [
          255,
          246,
          96,
          276,
          278,
          144,
          301,
          283,
          2047
        ]
      ]
    }
  },
  "run_timestamp": "20251227_011935_938572",
  "params_hash": "dfd81ce41fa2f8a7753afb5b8d50d2c7810433132cb13657bbd801ab6a943900"
}