{
  "best_epoch": 0,
  "best_val_loss": null,
  "total_seconds": 2.6924474319966976,
  "epochs": [],
  "train_metrics": {
    "classification": {
      "labels": [
        0,
        1,
        2,
        3,
        4,
        5,
        6,
        7,
        8
      ],
      "accuracy": 0.1652216814837523,
      "balanced_accuracy": 0.19080038491888185,
      "precision_macro": 0.16171157292170263,
      "precision_micro": 0.1652216814837523,
      "precision_weighted": 0.19345185266786066,
      "recall_macro": 0.19080038491888185,
      "recall_micro": 0.1652216814837523,
      "recall_weighted": 0.1652216814837523,
      "f1_macro": 0.1410558979189613,
      "f1_micro": 0.1652216814837523,
      "f1_weighted": 0.15117416916305176,
      "confusion_matrix": [
        [
          6244,
          551,
          618,
          475,
          214,
          1468,
          279,
          364,
          998
        ],
        [
          3937,
          1633,
          1031,
          915,
          238,
          1926,
          518,
          1113,
          1381
        ],
        [
          5450,
          2301,
          2384,
          2300,
          1071,
          5261,
          1183,
          2826,
          2764
        ],
        [
          4616,
          2114,
          2213,
          3049,
          1117,
          6659,
          1450,
          1786,
          3089
        ],
        [
          9254,
          1907,
          2224,
          2723,
          1681,
          7142,
          1294,
          1755,
          4057
        ],
        [
          7791,
          2195,
          2639,
          2955,
          1951,
          13855,
          2481,
          2984,
          4499
        ],
        [
          9309,
          3093,
          2147,
          2678,
          1089,
          9097,
          2280,
          3295,
          5708
        ],
        [
          2792,
          1492,
          718,
          836,
          357,
          3997,
          842,
          1779,
          2130
        ],
        [
          1509,
          512,
          165,
          237,
          119,
          1480,
          267,
          329,
          1588
        ]
      ]
    }
  },
  "test_metrics": {
    "classification": {
      "labels": [
        0,
        1,
        2,
        3,
        4,
        5,
        6,
        7,
        8
      ],
      "accuracy": 0.16325777896995708,
      "balanced_accuracy": 0.1880512159347492,
      "precision_macro": 0.16149025716925872,
      "precision_micro": 0.16325777896995708,
      "precision_weighted": 0.1926838446961126,
      "recall_macro": 0.1880512159347492,
      "recall_micro": 0.16325777896995708,
      "recall_weighted": 0.16325777896995708,
      "f1_macro": 0.14004674238105727,
      "f1_micro": 0.16325777896995708,
      "f1_weighted": 0.14964458344309808,
      "confusion_matrix": [
        [
          2630,
          262,
          270,
          229,
          88,
          651,
          128,
          136,
          472
        ],
        [
          1662,
          705,
          448,
          394,
          92,
          835,
          212,
          502,
          632
        ],
        [
          2375,
          1019,
          996,
          960,
          457,
          2310,
          534,
          1239,
          1151
        ],
        [
          2013,
          992,
          978,
          1324,
          470,
          2753,
          623,
          746,
          1288
        ],
        [
          3797,
          849,
          986,
          1140,
          747,
          3027,
          598,
          735,
          1752
        ],
        [
          3439,
          948,
          1113,
          1228,
          839,
          5802,
          987,
          1142,
          1868
        ],
        [
          4158,
          1412,
          865,
          1176,
          460,
          3946,
          961,
          1396,
          2384
        ],
        [
          1179,
          604,
          327,
          346,
          146,
          1754,
          364,
          787,
          986
        ],
        [
          692,
          203,
          62,
          114,
          50,
          606,
          129,
          137,
          655
        ]
      ]
    }
  },
  "run_timestamp": "20251226_201355_119475",
  "params_hash": "665f77d83f8afcb99c7db926d6b6f51b39bdf135d0976ec5d3beab11277b6724"
}