{
  "best_epoch": 0,
  "best_val_loss": null,
  "total_seconds": 1.2303592720127199,
  "epochs": [],
  "train_metrics": {
    "classification": {
      "labels": [
        0,
        1,
        2
      ],
      "accuracy": 0.42985515021459225,
      "balanced_accuracy": 0.4103288703023096,
      "precision_macro": 0.40731658326235753,
      "precision_micro": 0.42985515021459225,
      "precision_weighted": 0.4328534569328305,
      "recall_macro": 0.4103288703023096,
      "recall_micro": 0.42985515021459225,
      "recall_weighted": 0.42985515021459225,
      "f1_macro": 0.4084021604568501,
      "f1_micro": 0.42985515021459225,
      "f1_weighted": 0.43098089209191787,
      "confusion_matrix": [
        [
          12033,
          11152,
          13592
        ],
        [
          14212,
          37918,
          34429
        ],
        [
          13974,
          31669,
          39789
        ]
      ]
    }
  },
  "test_metrics": {
    "classification": {
      "labels": [
        0,
        1,
        2
      ],
      "accuracy": 0.42650214592274677,
      "balanced_accuracy": 0.4075264044760359,
      "precision_macro": 0.40454412163216497,
      "precision_micro": 0.42650214592274677,
      "precision_weighted": 0.42931724746499417,
      "recall_macro": 0.4075264044760359,
      "recall_micro": 0.42650214592274677,
      "recall_weighted": 0.42650214592274677,
      "f1_macro": 0.4056603394400054,
      "f1_micro": 0.42650214592274677,
      "f1_weighted": 0.4275882999206162,
      "confusion_matrix": [
        [
          5180,
          4892,
          5809
        ],
        [
          6109,
          16061,
          14761
        ],
        [
          6056,
          13685,
          16919
        ]
      ]
    }
  },
  "run_timestamp": "20251226_201453_494522",
  "params_hash": "315bb261080dd8d15ee7323a6b36362e27fcecb875ffeb963fd1d7486c81e72e"
}