{
  "best_epoch": 0,
  "best_val_loss": null,
  "total_seconds": 3.3527286119933706,
  "epochs": [],
  "train_metrics": {
    "classification": {
      "labels": [
        0,
        1,
        2,
        3,
        4,
        5,
        6,
        7,
        8
      ],
      "accuracy": 0.17899773911710606,
      "balanced_accuracy": 0.18449034803179862,
      "precision_macro": 0.16708062978162916,
      "precision_micro": 0.17899773911710606,
      "precision_weighted": 0.1996026369934135,
      "recall_macro": 0.18449034803179862,
      "recall_micro": 0.17899773911710606,
      "recall_weighted": 0.17899773911710606,
      "f1_macro": 0.14753468204536302,
      "f1_micro": 0.17899773911710606,
      "f1_weighted": 0.170608219424406,
      "confusion_matrix": [
        [
          5162,
          1108,
          551,
          496,
          751,
          1743,
          610,
          10,
          780
        ],
        [
          3134,
          2242,
          847,
          656,
          865,
          2280,
          1560,
          84,
          1024
        ],
        [
          5799,
          2827,
          2304,
          1697,
          1463,
          5729,
          3608,
          234,
          1879
        ],
        [
          4514,
          2349,
          2126,
          3216,
          1696,
          6716,
          3500,
          104,
          1872
        ],
        [
          7329,
          3058,
          1673,
          3040,
          2937,
          7256,
          3075,
          96,
          3573
        ],
        [
          8160,
          3116,
          2212,
          4067,
          2704,
          13450,
          4881,
          193,
          2567
        ],
        [
          9517,
          2984,
          1977,
          3305,
          2029,
          7909,
          6592,
          270,
          4113
        ],
        [
          3019,
          1332,
          933,
          874,
          806,
          3672,
          2499,
          145,
          1663
        ],
        [
          1509,
          428,
          309,
          383,
          637,
          922,
          673,
          24,
          1321
        ]
      ]
    }
  },
  "test_metrics": {
    "classification": {
      "labels": [
        0,
        1,
        2,
        3,
        4,
        5,
        6,
        7,
        8
      ],
      "accuracy": 0.17516094420600858,
      "balanced_accuracy": 0.18079129166759633,
      "precision_macro": 0.16315768540062392,
      "precision_micro": 0.17516094420600858,
      "precision_weighted": 0.19475412264298259,
      "recall_macro": 0.18079129166759633,
      "recall_micro": 0.17516094420600858,
      "recall_weighted": 0.17516094420600858,
      "f1_macro": 0.14507467450887115,
      "f1_micro": 0.17516094420600858,
      "f1_weighted": 0.16709872482996357,
      "confusion_matrix": [
        [
          2184,
          500,
          267,
          220,
          313,
          740,
          275,
          6,
          361
        ],
        [
          1268,
          1013,
          405,
          283,
          382,
          978,
          645,
          31,
          477
        ],
        [
          2500,
          1219,
          988,
          745,
          676,
          2441,
          1582,
          88,
          802
        ],
        [
          1961,
          1024,
          904,
          1392,
          784,
          2795,
          1483,
          40,
          804
        ],
        [
          2993,
          1305,
          750,
          1309,
          1279,
          3046,
          1325,
          46,
          1578
        ],
        [
          3487,
          1346,
          909,
          1762,
          1187,
          5514,
          1998,
          78,
          1085
        ],
        [
          4059,
          1280,
          912,
          1457,
          949,
          3409,
          2727,
          104,
          1861
        ],
        [
          1303,
          516,
          416,
          364,
          360,
          1621,
          1078,
          52,
          783
        ],
        [
          691,
          164,
          150,
          193,
          267,
          359,
          292,
          9,
          523
        ]
      ]
    }
  },
  "run_timestamp": "20251226_200001_838192",
  "params_hash": "e9a620e6517be1dddeb50768424bf58d7e5529ac724019e09f6b3b73c789ab6b"
}