{
  "best_epoch": 0,
  "best_val_loss": null,
  "total_seconds": 3.7415447579987813,
  "epochs": [],
  "train_metrics": {
    "classification": {
      "labels": [
        0,
        1,
        2,
        3,
        4
      ],
      "accuracy": 0.3570365646258503,
      "balanced_accuracy": 0.23235735479039032,
      "precision_macro": 0.36013036120065445,
      "precision_micro": 0.3570365646258503,
      "precision_weighted": 0.3517577065991115,
      "recall_macro": 0.23235735479039032,
      "recall_micro": 0.3570365646258503,
      "recall_weighted": 0.3570365646258503,
      "f1_macro": 0.1836897506013531,
      "f1_micro": 0.3570365646258503,
      "f1_weighted": 0.24427730048396254,
      "confusion_matrix": [
        [
          895,
          712,
          7,
          6956,
          393
        ],
        [
          231,
          2208,
          7,
          18339,
          612
        ],
        [
          275,
          630,
          33,
          12200,
          372
        ],
        [
          431,
          1753,
          13,
          32729,
          1020
        ],
        [
          355,
          1064,
          28,
          21141,
          1084
        ]
      ]
    }
  },
  "test_metrics": {
    "classification": {
      "labels": [
        0,
        1,
        2,
        3,
        4
      ],
      "accuracy": 0.3510777417027417,
      "balanced_accuracy": 0.23054240106004825,
      "precision_macro": 0.3617736182202063,
      "precision_micro": 0.3510777417027417,
      "precision_weighted": 0.34993756814106586,
      "recall_macro": 0.23054240106004825,
      "recall_micro": 0.3510777417027417,
      "recall_weighted": 0.3510777417027417,
      "f1_macro": 0.17938706180465475,
      "f1_micro": 0.3510777417027417,
      "f1_weighted": 0.23747834933415166,
      "confusion_matrix": [
        [
          375,
          323,
          0,
          2996,
          180
        ],
        [
          115,
          907,
          9,
          8037,
          288
        ],
        [
          119,
          259,
          13,
          5224,
          149
        ],
        [
          175,
          652,
          4,
          13827,
          491
        ],
        [
          157,
          449,
          5,
          9149,
          449
        ]
      ]
    }
  },
  "run_timestamp": "20251223_184634_628097",
  "params_hash": "9e1bc0f224f26bc38f220b134ea54e51b22e8a54908510351be0925cf6b1ac59"
}