{
  "best_epoch": 0,
  "best_val_loss": null,
  "total_seconds": 0.695190767000895,
  "epochs": [],
  "train_metrics": {
    "classification": {
      "labels": [
        0,
        1,
        2,
        3,
        4
      ],
      "accuracy": 0.30508028050275904,
      "balanced_accuracy": 0.2659091965571847,
      "precision_macro": 0.26295829675109755,
      "precision_micro": 0.30508028050275904,
      "precision_weighted": 0.29889272783713555,
      "recall_macro": 0.2659091965571847,
      "recall_micro": 0.30508028050275904,
      "recall_weighted": 0.30508028050275904,
      "f1_macro": 0.2433386862050389,
      "f1_micro": 0.30508028050275904,
      "f1_weighted": 0.2875525369371352,
      "confusion_matrix": [
        [
          6157,
          3634,
          242,
          5011,
          2816
        ],
        [
          6332,
          10281,
          814,
          20213,
          5673
        ],
        [
          6100,
          4139,
          824,
          12185,
          4029
        ],
        [
          12261,
          10113,
          1476,
          35569,
          13326
        ],
        [
          8415,
          6123,
          1122,
          21053,
          10860
        ]
      ]
    }
  },
  "test_metrics": {
    "classification": {
      "labels": [
        0,
        1,
        2,
        3,
        4
      ],
      "accuracy": 0.3029104077253219,
      "balanced_accuracy": 0.26402715241965025,
      "precision_macro": 0.2615318974890116,
      "precision_micro": 0.3029104077253219,
      "precision_weighted": 0.29664062119453155,
      "recall_macro": 0.26402715241965025,
      "recall_micro": 0.3029104077253219,
      "recall_weighted": 0.3029104077253219,
      "f1_macro": 0.2415484240936891,
      "f1_micro": 0.3029104077253219,
      "f1_weighted": 0.28495704059658566,
      "confusion_matrix": [
        [
          2639,
          1631,
          93,
          2179,
          1228
        ],
        [
          2797,
          4434,
          322,
          8704,
          2408
        ],
        [
          2653,
          1741,
          340,
          5119,
          1781
        ],
        [
          5214,
          4261,
          618,
          15085,
          5529
        ],
        [
          3652,
          2741,
          494,
          9205,
          4604
        ]
      ]
    }
  },
  "run_timestamp": "20251227_011410_121494",
  "params_hash": "9d6db47fc6244274aa0fa256519d058f3c1f9ff08cf6a6126a15b6009da0fc4c"
}