{
  "best_epoch": 0,
  "best_val_loss": null,
  "total_seconds": 1.6305266470008064,
  "epochs": [],
  "train_metrics": {
    "classification": {
      "labels": [
        0,
        1,
        2,
        3,
        4
      ],
      "accuracy": 0.2819253908645003,
      "balanced_accuracy": 0.27139704692465044,
      "precision_macro": 0.2639049971496072,
      "precision_micro": 0.2819253908645003,
      "precision_weighted": 0.28685293043872273,
      "recall_macro": 0.27139704692465044,
      "recall_micro": 0.2819253908645003,
      "recall_weighted": 0.2819253908645003,
      "f1_macro": 0.2547821664290842,
      "f1_micro": 0.2819253908645003,
      "f1_weighted": 0.27599593692588165,
      "confusion_matrix": [
        [
          6363,
          2121,
          1383,
          3814,
          4565
        ],
        [
          8224,
          7937,
          2898,
          9801,
          12566
        ],
        [
          6708,
          4703,
          3759,
          8023,
          10408
        ],
        [
          9336,
          7533,
          4002,
          17330,
          18493
        ],
        [
          8830,
          7247,
          4235,
          15021,
          23468
        ]
      ]
    }
  },
  "test_metrics": {
    "classification": {
      "labels": [
        0,
        1,
        2,
        3,
        4
      ],
      "accuracy": 0.28395475679542204,
      "balanced_accuracy": 0.2727396811627446,
      "precision_macro": 0.26472342578730423,
      "precision_micro": 0.28395475679542204,
      "precision_weighted": 0.28715575383276964,
      "recall_macro": 0.2727396811627446,
      "recall_micro": 0.28395475679542204,
      "recall_weighted": 0.28395475679542204,
      "f1_macro": 0.25648423799150255,
      "f1_micro": 0.28395475679542204,
      "f1_weighted": 0.27750596277924944,
      "confusion_matrix": [
        [
          2852,
          958,
          641,
          1639,
          1993
        ],
        [
          3500,
          3408,
          1333,
          4259,
          5256
        ],
        [
          2790,
          2025,
          1565,
          3429,
          4355
        ],
        [
          3997,
          3247,
          1681,
          7338,
          7894
        ],
        [
          3792,
          3065,
          1715,
          6497,
          10243
        ]
      ]
    }
  },
  "run_timestamp": "20251227_011431_005320",
  "params_hash": "5eae68adaac73682ac0ad21fee683abca19f65d6d1d629690c92de39a30d4c5e"
}