{
  "best_epoch": 0,
  "best_val_loss": null,
  "total_seconds": 0.03461228800006211,
  "epochs": [],
  "train_metrics": {
    "classification": {
      "labels": [
        0,
        1,
        2,
        3,
        4
      ],
      "accuracy": 0.32522321428571427,
      "balanced_accuracy": 0.27841021891520695,
      "precision_macro": 0.27491784753174553,
      "precision_micro": 0.32522321428571427,
      "precision_weighted": 0.3101726537423451,
      "recall_macro": 0.27841021891520695,
      "recall_micro": 0.32522321428571427,
      "recall_weighted": 0.32522321428571427,
      "f1_macro": 0.2603156160813812,
      "f1_micro": 0.32522321428571427,
      "f1_weighted": 0.3036237084158284,
      "confusion_matrix": [
        [
          387,
          166,
          35,
          347,
          225
        ],
        [
          436,
          411,
          152,
          1272,
          529
        ],
        [
          258,
          197,
          143,
          863,
          298
        ],
        [
          615,
          410,
          232,
          2595,
          786
        ],
        [
          430,
          313,
          144,
          1361,
          835
        ]
      ]
    }
  },
  "test_metrics": {
    "classification": {
      "labels": [
        0,
        1,
        2,
        3,
        4
      ],
      "accuracy": 0.3236111111111111,
      "balanced_accuracy": 0.2775438024714741,
      "precision_macro": 0.2758395269671603,
      "precision_micro": 0.3236111111111111,
      "precision_weighted": 0.3113448366519612,
      "recall_macro": 0.2775438024714741,
      "recall_micro": 0.3236111111111111,
      "recall_weighted": 0.3236111111111111,
      "f1_macro": 0.26151178877070747,
      "f1_micro": 0.3236111111111111,
      "f1_weighted": 0.3048719666191804,
      "confusion_matrix": [
        [
          161,
          55,
          19,
          157,
          98
        ],
        [
          171,
          176,
          59,
          586,
          198
        ],
        [
          123,
          90,
          69,
          337,
          127
        ],
        [
          257,
          200,
          110,
          1093,
          362
        ],
        [
          193,
          135,
          64,
          555,
          365
        ]
      ]
    }
  },
  "run_timestamp": "20251208_141606_307973",
  "params_hash": "81a95dd33d8824e01eb36de1c0484b805b824aa4a104491cc4281f73727696bd"
}