{
  "best_epoch": 0,
  "best_val_loss": null,
  "total_seconds": 0.02487897500395775,
  "epochs": [],
  "train_metrics": {
    "classification": {
      "labels": [
        0,
        1,
        2,
        3,
        4
      ],
      "accuracy": 0.27053571428571427,
      "balanced_accuracy": 0.24770213499544838,
      "precision_macro": 0.244224157682571,
      "precision_micro": 0.27053571428571427,
      "precision_weighted": 0.2658836570739067,
      "recall_macro": 0.24770213499544838,
      "recall_micro": 0.27053571428571427,
      "recall_weighted": 0.27053571428571427,
      "f1_macro": 0.23276905833883849,
      "f1_micro": 0.27053571428571427,
      "f1_weighted": 0.2554756754993186,
      "confusion_matrix": [
        [
          320,
          158,
          56,
          183,
          488
        ],
        [
          406,
          449,
          217,
          499,
          1088
        ],
        [
          268,
          308,
          189,
          424,
          949
        ],
        [
          535,
          494,
          256,
          848,
          1521
        ],
        [
          492,
          486,
          220,
          756,
          1830
        ]
      ]
    }
  },
  "test_metrics": {
    "classification": {
      "labels": [
        0,
        1,
        2,
        3,
        4
      ],
      "accuracy": 0.26180555555555557,
      "balanced_accuracy": 0.2436856087304528,
      "precision_macro": 0.23243029399174894,
      "precision_micro": 0.26180555555555557,
      "precision_weighted": 0.25333986257688174,
      "recall_macro": 0.2436856087304528,
      "recall_micro": 0.26180555555555557,
      "recall_weighted": 0.26180555555555557,
      "f1_macro": 0.22410998896126477,
      "f1_micro": 0.26180555555555557,
      "f1_weighted": 0.24466514427185687,
      "confusion_matrix": [
        [
          143,
          55,
          27,
          83,
          182
        ],
        [
          163,
          188,
          94,
          211,
          495
        ],
        [
          141,
          136,
          69,
          190,
          401
        ],
        [
          224,
          221,
          122,
          325,
          659
        ],
        [
          223,
          230,
          81,
          314,
          783
        ]
      ]
    }
  },
  "run_timestamp": "20251208_141459_272750",
  "params_hash": "ee60f8de98a7c57b04134be11fabd4e80df15ef0b5e17d09aa9aa5217b6e589b"
}