{
  "best_epoch": 0,
  "best_val_loss": null,
  "total_seconds": 1.1210856700199656,
  "epochs": [],
  "train_metrics": {
    "classification": {
      "labels": [
        0,
        1,
        2,
        3,
        4,
        5,
        6,
        7,
        8
      ],
      "accuracy": 0.16166749693439608,
      "balanced_accuracy": 0.1435032934546349,
      "precision_macro": 0.1430198563309592,
      "precision_micro": 0.16166749693439608,
      "precision_weighted": 0.166026386176558,
      "recall_macro": 0.1435032934546349,
      "recall_micro": 0.16166749693439608,
      "recall_weighted": 0.16166749693439608,
      "f1_macro": 0.13211145652093242,
      "f1_micro": 0.16166749693439608,
      "f1_weighted": 0.15672741614619262,
      "confusion_matrix": [
        [
          45,
          1060,
          594,
          1726,
          2556,
          419,
          1960,
          667,
          1532
        ],
        [
          30,
          2460,
          952,
          1565,
          2836,
          445,
          2720,
          1203,
          2156
        ],
        [
          95,
          2457,
          2231,
          4109,
          4434,
          1055,
          3963,
          1734,
          3216
        ],
        [
          76,
          2255,
          2609,
          6410,
          5558,
          1303,
          4641,
          2153,
          3754
        ],
        [
          131,
          3510,
          1974,
          6784,
          8884,
          1625,
          5647,
          2250,
          5330
        ],
        [
          66,
          2275,
          2066,
          3948,
          4084,
          1378,
          4354,
          1643,
          3087
        ],
        [
          108,
          4728,
          2782,
          6953,
          7497,
          1766,
          8320,
          2924,
          5381
        ],
        [
          69,
          2001,
          1435,
          3824,
          4757,
          1291,
          3846,
          2280,
          3436
        ],
        [
          11,
          819,
          508,
          1880,
          2196,
          442,
          942,
          814,
          1743
        ]
      ]
    }
  },
  "test_metrics": {
    "classification": {
      "labels": [
        0,
        1,
        2,
        3,
        4,
        5,
        6,
        7,
        8
      ],
      "accuracy": 0.16230776108726752,
      "balanced_accuracy": 0.14530052282386785,
      "precision_macro": 0.14431224954855795,
      "precision_micro": 0.16230776108726752,
      "precision_weighted": 0.1667722862224524,
      "recall_macro": 0.14530052282386785,
      "recall_micro": 0.16230776108726752,
      "recall_weighted": 0.16230776108726752,
      "f1_macro": 0.1332442487614069,
      "f1_micro": 0.16230776108726752,
      "f1_weighted": 0.15710367350801138,
      "confusion_matrix": [
        [
          20,
          476,
          277,
          744,
          1129,
          172,
          795,
          293,
          680
        ],
        [
          10,
          1110,
          430,
          708,
          1311,
          190,
          1137,
          536,
          938
        ],
        [
          41,
          1069,
          1002,
          1716,
          1918,
          449,
          1700,
          753,
          1377
        ],
        [
          43,
          914,
          1094,
          2668,
          2306,
          512,
          1992,
          931,
          1556
        ],
        [
          49,
          1492,
          833,
          2890,
          3733,
          737,
          2352,
          945,
          2327
        ],
        [
          39,
          987,
          891,
          1688,
          1773,
          583,
          1932,
          735,
          1324
        ],
        [
          49,
          1958,
          1119,
          3052,
          3290,
          702,
          3658,
          1240,
          2257
        ],
        [
          22,
          887,
          642,
          1614,
          2030,
          548,
          1706,
          981,
          1484
        ],
        [
          7,
          358,
          195,
          802,
          876,
          219,
          398,
          304,
          767
        ]
      ]
    }
  },
  "run_timestamp": "20251227_011315_297778",
  "params_hash": "c2b63d05ae587fdcce230bac676b2e84c2e1cf0397b5d515c43e943b58e14155"
}