{
  "best_epoch": 0,
  "best_val_loss": null,
  "total_seconds": 0.2865237160003744,
  "epochs": [],
  "train_metrics": {
    "classification": {
      "labels": [
        0,
        1,
        2,
        3,
        4,
        5,
        6,
        7,
        8
      ],
      "accuracy": 0.21138392857142857,
      "balanced_accuracy": 0.24811127933770483,
      "precision_macro": 0.20909445231566864,
      "precision_micro": 0.21138392857142857,
      "precision_weighted": 0.24416123979526624,
      "recall_macro": 0.24811127933770483,
      "recall_micro": 0.21138392857142857,
      "recall_weighted": 0.21138392857142857,
      "f1_macro": 0.19498796462152893,
      "f1_micro": 0.21138392857142857,
      "f1_weighted": 0.20571194724904307,
      "confusion_matrix": [
        [
          319,
          70,
          7,
          31,
          46,
          71,
          12,
          50,
          129
        ],
        [
          151,
          156,
          67,
          62,
          42,
          111,
          34,
          85,
          121
        ],
        [
          225,
          163,
          159,
          166,
          172,
          299,
          88,
          149,
          232
        ],
        [
          178,
          104,
          95,
          355,
          189,
          357,
          80,
          96,
          223
        ],
        [
          329,
          117,
          109,
          229,
          364,
          355,
          84,
          133,
          312
        ],
        [
          211,
          145,
          141,
          306,
          224,
          904,
          149,
          182,
          381
        ],
        [
          252,
          215,
          130,
          192,
          291,
          506,
          219,
          174,
          497
        ],
        [
          118,
          73,
          52,
          50,
          82,
          182,
          59,
          140,
          231
        ],
        [
          33,
          26,
          8,
          17,
          22,
          40,
          17,
          20,
          225
        ]
      ]
    }
  },
  "test_metrics": {
    "classification": {
      "labels": [
        0,
        1,
        2,
        3,
        4,
        5,
        6,
        7,
        8
      ],
      "accuracy": 0.20364583333333333,
      "balanced_accuracy": 0.2410669484430382,
      "precision_macro": 0.2056251799215881,
      "precision_micro": 0.20364583333333333,
      "precision_weighted": 0.24441926166730749,
      "recall_macro": 0.2410669484430382,
      "recall_micro": 0.20364583333333333,
      "recall_weighted": 0.20364583333333333,
      "f1_macro": 0.18905870203193653,
      "f1_micro": 0.20364583333333333,
      "f1_weighted": 0.20164499376321976,
      "confusion_matrix": [
        [
          124,
          35,
          3,
          15,
          19,
          24,
          6,
          21,
          53
        ],
        [
          66,
          66,
          24,
          18,
          26,
          48,
          16,
          32,
          45
        ],
        [
          92,
          68,
          82,
          76,
          62,
          147,
          31,
          60,
          84
        ],
        [
          82,
          45,
          39,
          142,
          80,
          147,
          42,
          48,
          98
        ],
        [
          160,
          34,
          47,
          109,
          170,
          147,
          34,
          65,
          142
        ],
        [
          81,
          80,
          62,
          148,
          88,
          359,
          69,
          82,
          168
        ],
        [
          127,
          104,
          63,
          80,
          111,
          209,
          88,
          70,
          242
        ],
        [
          57,
          25,
          19,
          17,
          31,
          70,
          26,
          58,
          90
        ],
        [
          23,
          13,
          2,
          7,
          2,
          12,
          9,
          10,
          84
        ]
      ]
    }
  },
  "run_timestamp": "20251208_104007_137693",
  "params_hash": "4cb90b4af33289665608a3cd8e1c7258916e482d6f048b2bad9be17daa4f70e8"
}