{
  "best_epoch": 0,
  "best_val_loss": null,
  "total_seconds": 0.017929770998307504,
  "epochs": [],
  "train_metrics": {
    "classification": {
      "labels": [
        0,
        1,
        2,
        3,
        4
      ],
      "accuracy": 0.2819940476190476,
      "balanced_accuracy": 0.24884202355291105,
      "precision_macro": 0.24832596446555494,
      "precision_micro": 0.2819940476190476,
      "precision_weighted": 0.2819435872057084,
      "recall_macro": 0.24884202355291105,
      "recall_micro": 0.2819940476190476,
      "recall_weighted": 0.2819940476190476,
      "f1_macro": 0.24763749199859833,
      "f1_micro": 0.2819940476190476,
      "f1_weighted": 0.2811631021617955,
      "confusion_matrix": [
        [
          197,
          171,
          103,
          325,
          364
        ],
        [
          284,
          591,
          327,
          1035,
          563
        ],
        [
          185,
          270,
          317,
          637,
          350
        ],
        [
          450,
          747,
          590,
          1727,
          1124
        ],
        [
          291,
          512,
          279,
          1043,
          958
        ]
      ]
    }
  },
  "test_metrics": {
    "classification": {
      "labels": [
        0,
        1,
        2,
        3,
        4
      ],
      "accuracy": 0.27239583333333334,
      "balanced_accuracy": 0.24056842884033322,
      "precision_macro": 0.23941116070883622,
      "precision_micro": 0.27239583333333334,
      "precision_weighted": 0.2724462304565479,
      "recall_macro": 0.24056842884033322,
      "recall_micro": 0.27239583333333334,
      "recall_weighted": 0.27239583333333334,
      "f1_macro": 0.2392810087658978,
      "f1_micro": 0.27239583333333334,
      "f1_weighted": 0.27192426669340747,
      "confusion_matrix": [
        [
          86,
          82,
          43,
          128,
          151
        ],
        [
          134,
          244,
          126,
          466,
          220
        ],
        [
          71,
          125,
          130,
          259,
          161
        ],
        [
          184,
          359,
          260,
          737,
          482
        ],
        [
          129,
          222,
          116,
          473,
          372
        ]
      ]
    }
  },
  "run_timestamp": "20251208_141452_937849",
  "params_hash": "70fe3d3947197e66f12b6bf9444d29d3ccb70160f706d58aa29d6cad997d35a4"
}