{
  "best_epoch": 0,
  "best_val_loss": null,
  "total_seconds": 6.209706388995983,
  "epochs": [],
  "train_metrics": {
    "classification": {
      "labels": [
        0,
        1,
        2,
        3,
        4,
        5,
        6,
        7,
        8
      ],
      "accuracy": 0.19582503065603923,
      "balanced_accuracy": 0.22841650823414764,
      "precision_macro": 0.19145003558911713,
      "precision_micro": 0.19582503065603923,
      "precision_weighted": 0.23065873064725942,
      "recall_macro": 0.22841650823414764,
      "recall_micro": 0.19582503065603923,
      "recall_weighted": 0.19582503065603923,
      "f1_macro": 0.17483988630147412,
      "f1_micro": 0.19582503065603923,
      "f1_weighted": 0.1919726614107289,
      "confusion_matrix": [
        [
          6524,
          559,
          438,
          415,
          359,
          817,
          372,
          560,
          1167
        ],
        [
          3530,
          1000,
          1123,
          813,
          568,
          1523,
          1215,
          1034,
          1886
        ],
        [
          4246,
          1202,
          3211,
          2869,
          1252,
          3569,
          2880,
          2240,
          4071
        ],
        [
          3674,
          853,
          2468,
          5282,
          1039,
          5422,
          2679,
          1088,
          3588
        ],
        [
          7873,
          1610,
          2024,
          3688,
          2209,
          4891,
          2907,
          1690,
          5145
        ],
        [
          5639,
          1670,
          3221,
          5400,
          1724,
          11321,
          3862,
          3198,
          5315
        ],
        [
          7540,
          1688,
          2818,
          3721,
          1653,
          5549,
          6920,
          2816,
          5991
        ],
        [
          3274,
          745,
          820,
          739,
          456,
          2420,
          2141,
          1763,
          2585
        ],
        [
          1412,
          170,
          295,
          300,
          172,
          324,
          634,
          247,
          2652
        ]
      ]
    }
  },
  "test_metrics": {
    "classification": {
      "labels": [
        0,
        1,
        2,
        3,
        4,
        5,
        6,
        7,
        8
      ],
      "accuracy": 0.19326716738197425,
      "balanced_accuracy": 0.22637951436202275,
      "precision_macro": 0.18936492834197333,
      "precision_micro": 0.19326716738197425,
      "precision_weighted": 0.226396655817234,
      "recall_macro": 0.22637951436202275,
      "recall_micro": 0.19326716738197425,
      "recall_weighted": 0.19326716738197425,
      "f1_macro": 0.1732734481129101,
      "f1_micro": 0.19326716738197425,
      "f1_weighted": 0.18906661750188408,
      "confusion_matrix": [
        [
          2748,
          261,
          186,
          184,
          186,
          380,
          163,
          255,
          503
        ],
        [
          1496,
          414,
          497,
          372,
          246,
          640,
          535,
          428,
          854
        ],
        [
          1825,
          541,
          1360,
          1198,
          542,
          1661,
          1238,
          959,
          1717
        ],
        [
          1639,
          369,
          1014,
          2244,
          464,
          2396,
          1088,
          407,
          1566
        ],
        [
          3222,
          666,
          804,
          1558,
          967,
          2115,
          1309,
          704,
          2286
        ],
        [
          2340,
          688,
          1280,
          2292,
          739,
          4755,
          1670,
          1300,
          2302
        ],
        [
          3235,
          765,
          1250,
          1633,
          774,
          2437,
          2857,
          1224,
          2583
        ],
        [
          1419,
          302,
          360,
          322,
          204,
          1063,
          913,
          792,
          1118
        ],
        [
          599,
          73,
          119,
          144,
          85,
          139,
          228,
          106,
          1155
        ]
      ]
    }
  },
  "run_timestamp": "20251227_011906_071242",
  "params_hash": "fe4e40d2bd8a3f0b5efc483257612c8eac6de01b2378f95ccfa4d261816aee6b"
}