{
  "best_epoch": 0,
  "best_val_loss": null,
  "total_seconds": 7.712368559994502,
  "epochs": [],
  "train_metrics": {
    "classification": {
      "labels": [
        0,
        1,
        2,
        3,
        4,
        5,
        6,
        7,
        8
      ],
      "accuracy": 0.18089458154506438,
      "balanced_accuracy": 0.20928206495465979,
      "precision_macro": 0.18597029750232785,
      "precision_micro": 0.18089458154506438,
      "precision_weighted": 0.21235649025196668,
      "recall_macro": 0.20928206495465979,
      "recall_micro": 0.18089458154506438,
      "recall_weighted": 0.18089458154506438,
      "f1_macro": 0.17106606078211403,
      "f1_micro": 0.18089458154506438,
      "f1_weighted": 0.17985169649614535,
      "confusion_matrix": [
        [
          3445,
          989,
          347,
          983,
          907,
          746,
          654,
          317,
          2171
        ],
        [
          2019,
          2755,
          806,
          1340,
          1319,
          1180,
          1635,
          636,
          2677
        ],
        [
          3024,
          2734,
          2165,
          3062,
          2232,
          2831,
          2612,
          846,
          3788
        ],
        [
          3738,
          2543,
          1674,
          4862,
          2958,
          3672,
          3039,
          1190,
          5083
        ],
        [
          5899,
          3261,
          1606,
          3585,
          5847,
          3346,
          4604,
          1483,
          6504
        ],
        [
          3218,
          2086,
          1201,
          2761,
          1963,
          4231,
          2406,
          745,
          4290
        ],
        [
          5294,
          3976,
          2140,
          3508,
          4549,
          4466,
          8508,
          1372,
          6646
        ],
        [
          3820,
          1831,
          939,
          2187,
          2408,
          1935,
          3638,
          1415,
          4766
        ],
        [
          768,
          327,
          218,
          611,
          1347,
          716,
          491,
          340,
          4537
        ]
      ]
    }
  },
  "test_metrics": {
    "classification": {
      "labels": [
        0,
        1,
        2,
        3,
        4,
        5,
        6,
        7,
        8
      ],
      "accuracy": 0.1790168991416309,
      "balanced_accuracy": 0.20777520886240952,
      "precision_macro": 0.18337379726026307,
      "precision_micro": 0.1790168991416309,
      "precision_weighted": 0.20856706200136735,
      "recall_macro": 0.20777520886240952,
      "recall_micro": 0.1790168991416309,
      "recall_weighted": 0.1790168991416309,
      "f1_macro": 0.1692311951777525,
      "f1_micro": 0.1790168991416309,
      "f1_weighted": 0.17753371098248777,
      "confusion_matrix": [
        [
          1415,
          408,
          150,
          461,
          380,
          325,
          282,
          153,
          1012
        ],
        [
          872,
          1184,
          328,
          615,
          588,
          552,
          789,
          290,
          1152
        ],
        [
          1269,
          1194,
          980,
          1339,
          930,
          1223,
          1111,
          362,
          1617
        ],
        [
          1560,
          1087,
          680,
          1995,
          1171,
          1598,
          1361,
          449,
          2115
        ],
        [
          2614,
          1370,
          684,
          1564,
          2462,
          1404,
          1949,
          619,
          2692
        ],
        [
          1382,
          889,
          525,
          1178,
          895,
          1750,
          1166,
          344,
          1823
        ],
        [
          2216,
          1675,
          950,
          1525,
          1985,
          1907,
          3668,
          641,
          2758
        ],
        [
          1603,
          800,
          457,
          891,
          1086,
          830,
          1579,
          578,
          2090
        ],
        [
          325,
          112,
          64,
          243,
          515,
          302,
          214,
          166,
          1985
        ]
      ]
    }
  },
  "run_timestamp": "20251226_200359_137528",
  "params_hash": "6f18c7c0801c7798262f418c474db5ada5e885a29fd79b910d14c02f388bf837"
}