{
  "best_epoch": 0,
  "best_val_loss": null,
  "total_seconds": 0.009473529004026204,
  "epochs": [],
  "train_metrics": {
    "classification": {
      "labels": [
        0,
        1,
        2,
        3,
        4
      ],
      "accuracy": 0.2871279761904762,
      "balanced_accuracy": 0.2364164445447225,
      "precision_macro": 0.24180821595465368,
      "precision_micro": 0.2871279761904762,
      "precision_weighted": 0.2779232919805822,
      "recall_macro": 0.2364164445447225,
      "recall_micro": 0.2871279761904762,
      "recall_weighted": 0.2871279761904762,
      "f1_macro": 0.2154927554107778,
      "f1_micro": 0.2871279761904762,
      "f1_weighted": 0.25999733999796937,
      "confusion_matrix": [
        [
          311,
          121,
          51,
          545,
          132
        ],
        [
          646,
          239,
          137,
          1318,
          460
        ],
        [
          301,
          147,
          147,
          1027,
          137
        ],
        [
          792,
          278,
          307,
          2580,
          681
        ],
        [
          528,
          210,
          118,
          1645,
          582
        ]
      ]
    }
  },
  "test_metrics": {
    "classification": {
      "labels": [
        0,
        1,
        2,
        3,
        4
      ],
      "accuracy": 0.2925347222222222,
      "balanced_accuracy": 0.2406791168327834,
      "precision_macro": 0.23948612908110115,
      "precision_micro": 0.2925347222222222,
      "precision_weighted": 0.2810295468212004,
      "recall_macro": 0.2406791168327834,
      "recall_micro": 0.2925347222222222,
      "recall_weighted": 0.2925347222222222,
      "f1_macro": 0.21884870691669253,
      "f1_micro": 0.2925347222222222,
      "f1_weighted": 0.2668080429327172,
      "confusion_matrix": [
        [
          141,
          62,
          21,
          225,
          41
        ],
        [
          241,
          108,
          70,
          600,
          171
        ],
        [
          154,
          60,
          47,
          428,
          57
        ],
        [
          340,
          118,
          136,
          1109,
          319
        ],
        [
          214,
          105,
          65,
          648,
          280
        ]
      ]
    }
  },
  "run_timestamp": "20251208_141539_543720",
  "params_hash": "66cb482f0019f5b56fd1e78e6a3717644380bca730aa9577d798b8398726730d"
}