{
  "best_epoch": 0,
  "best_val_loss": null,
  "total_seconds": 16.32935078299488,
  "epochs": [],
  "train_metrics": {
    "classification": {
      "labels": [
        0,
        1,
        2,
        3,
        4,
        5,
        6,
        7,
        8
      ],
      "accuracy": 0.21281039239730226,
      "balanced_accuracy": 0.25694183011972416,
      "precision_macro": 0.2116443219108276,
      "precision_micro": 0.21281039239730226,
      "precision_weighted": 0.24998218393651947,
      "recall_macro": 0.25694183011972416,
      "recall_micro": 0.21281039239730226,
      "recall_weighted": 0.21281039239730226,
      "f1_macro": 0.19767845018382924,
      "f1_micro": 0.21281039239730226,
      "f1_weighted": 0.20880229009560383,
      "confusion_matrix": [
        [
          6491,
          856,
          418,
          403,
          415,
          546,
          395,
          526,
          1161
        ],
        [
          3278,
          1794,
          710,
          1039,
          538,
          1279,
          1278,
          996,
          1780
        ],
        [
          3345,
          1856,
          2242,
          4829,
          2019,
          3335,
          2297,
          2124,
          3493
        ],
        [
          2086,
          1536,
          1865,
          7988,
          1817,
          4137,
          2248,
          1225,
          3191
        ],
        [
          6333,
          1869,
          1224,
          5008,
          4503,
          3769,
          2346,
          1981,
          5004
        ],
        [
          3636,
          1784,
          1837,
          7956,
          3027,
          9888,
          3918,
          3716,
          5588
        ],
        [
          5467,
          2614,
          1479,
          5109,
          2765,
          5039,
          6289,
          3101,
          6833
        ],
        [
          2768,
          1241,
          475,
          1167,
          693,
          2157,
          1488,
          1987,
          2967
        ],
        [
          1007,
          305,
          85,
          439,
          199,
          358,
          281,
          286,
          3246
        ]
      ]
    }
  },
  "test_metrics": {
    "classification": {
      "labels": [
        0,
        1,
        2,
        3,
        4,
        5,
        6,
        7,
        8
      ],
      "accuracy": 0.21211105150214593,
      "balanced_accuracy": 0.2554674512487028,
      "precision_macro": 0.2105570124652648,
      "precision_micro": 0.21211105150214593,
      "precision_weighted": 0.24848809006703607,
      "recall_macro": 0.2554674512487028,
      "recall_micro": 0.21211105150214593,
      "recall_weighted": 0.21211105150214593,
      "f1_macro": 0.19687039020282393,
      "f1_micro": 0.21211105150214593,
      "f1_weighted": 0.208180999561266,
      "confusion_matrix": [
        [
          2704,
          382,
          206,
          159,
          190,
          259,
          179,
          213,
          574
        ],
        [
          1430,
          794,
          309,
          447,
          240,
          565,
          516,
          400,
          781
        ],
        [
          1397,
          863,
          894,
          2063,
          890,
          1430,
          998,
          952,
          1554
        ],
        [
          983,
          644,
          788,
          3438,
          723,
          1764,
          970,
          508,
          1369
        ],
        [
          2571,
          759,
          533,
          2078,
          1981,
          1675,
          999,
          843,
          2192
        ],
        [
          1564,
          732,
          767,
          3376,
          1310,
          4187,
          1638,
          1455,
          2337
        ],
        [
          2328,
          1143,
          685,
          2192,
          1216,
          2174,
          2748,
          1362,
          2910
        ],
        [
          1219,
          537,
          199,
          497,
          287,
          947,
          665,
          818,
          1324
        ],
        [
          401,
          140,
          28,
          195,
          74,
          167,
          110,
          119,
          1414
        ]
      ]
    }
  },
  "run_timestamp": "20251227_012055_341825",
  "params_hash": "fcd13177bd365cf5dcfb8fa140dbc1def228574f72a9ce95740288544e9cb1d4"
}