{
  "best_epoch": 0,
  "best_val_loss": null,
  "total_seconds": 2.278044056991348,
  "epochs": [],
  "train_metrics": {
    "classification": {
      "labels": [
        0,
        1,
        2,
        3,
        4
      ],
      "accuracy": 0.2950883277130595,
      "balanced_accuracy": 0.2793609871535477,
      "precision_macro": 0.27275015840909356,
      "precision_micro": 0.2950883277130595,
      "precision_weighted": 0.29974470274409937,
      "recall_macro": 0.2793609871535477,
      "recall_micro": 0.2950883277130595,
      "recall_weighted": 0.2950883277130595,
      "f1_macro": 0.2642145781855926,
      "f1_micro": 0.2950883277130595,
      "f1_weighted": 0.28985220607191126,
      "confusion_matrix": [
        [
          5998,
          2732,
          1306,
          3529,
          4681
        ],
        [
          7767,
          9527,
          2828,
          9725,
          11579
        ],
        [
          6471,
          5020,
          3330,
          8537,
          10243
        ],
        [
          9524,
          8381,
          3386,
          18933,
          16470
        ],
        [
          8688,
          7947,
          4040,
          14309,
          23817
        ]
      ]
    }
  },
  "test_metrics": {
    "classification": {
      "labels": [
        0,
        1,
        2,
        3,
        4
      ],
      "accuracy": 0.2981714949928469,
      "balanced_accuracy": 0.28063158839286595,
      "precision_macro": 0.27484130777597293,
      "precision_micro": 0.2981714949928469,
      "precision_weighted": 0.301844413092048,
      "recall_macro": 0.28063158839286595,
      "recall_micro": 0.2981714949928469,
      "recall_weighted": 0.2981714949928469,
      "f1_macro": 0.2662887649364595,
      "f1_micro": 0.2981714949928469,
      "f1_weighted": 0.292578719912027,
      "confusion_matrix": [
        [
          2635,
          1223,
          595,
          1572,
          2058
        ],
        [
          3282,
          4094,
          1202,
          4248,
          4930
        ],
        [
          2869,
          2147,
          1386,
          3531,
          4231
        ],
        [
          4059,
          3522,
          1374,
          8139,
          7063
        ],
        [
          3677,
          3402,
          1669,
          6140,
          10424
        ]
      ]
    }
  },
  "run_timestamp": "20251227_011735_845696",
  "params_hash": "60f8fbff69aaee29fd17a169a7250e1ce1fe31505d449f5ae68ba60e6cf41099"
}