{
  "best_epoch": 0,
  "best_val_loss": null,
  "total_seconds": 0.053553335994365625,
  "epochs": [],
  "train_metrics": {
    "classification": {
      "labels": [
        0,
        1,
        2,
        3,
        4
      ],
      "accuracy": 0.2870535714285714,
      "balanced_accuracy": 0.25302885828980065,
      "precision_macro": 0.2543285372003034,
      "precision_micro": 0.2870535714285714,
      "precision_weighted": 0.279588935445881,
      "recall_macro": 0.25302885828980065,
      "recall_micro": 0.2870535714285714,
      "recall_weighted": 0.2870535714285714,
      "f1_macro": 0.24692527673893055,
      "f1_micro": 0.2870535714285714,
      "f1_weighted": 0.27583247301994296,
      "confusion_matrix": [
        [
          231,
          121,
          103,
          277,
          473
        ],
        [
          271,
          446,
          284,
          613,
          1045
        ],
        [
          241,
          226,
          268,
          541,
          862
        ],
        [
          368,
          401,
          442,
          1121,
          1322
        ],
        [
          358,
          423,
          398,
          813,
          1792
        ]
      ]
    }
  },
  "test_metrics": {
    "classification": {
      "labels": [
        0,
        1,
        2,
        3,
        4
      ],
      "accuracy": 0.28923611111111114,
      "balanced_accuracy": 0.25885994941396967,
      "precision_macro": 0.25737185155623576,
      "precision_micro": 0.28923611111111114,
      "precision_weighted": 0.2811074313067462,
      "recall_macro": 0.25885994941396967,
      "recall_micro": 0.28923611111111114,
      "recall_weighted": 0.28923611111111114,
      "f1_macro": 0.2520135630744458,
      "f1_micro": 0.28923611111111114,
      "f1_weighted": 0.27868246944874153,
      "confusion_matrix": [
        [
          101,
          46,
          55,
          129,
          159
        ],
        [
          101,
          174,
          133,
          280,
          463
        ],
        [
          112,
          95,
          153,
          247,
          330
        ],
        [
          165,
          206,
          173,
          464,
          543
        ],
        [
          159,
          184,
          170,
          344,
          774
        ]
      ]
    }
  },
  "run_timestamp": "20251208_141509_178060",
  "params_hash": "2db3c624732685375f8d9763fe709a8722a1a4db3e45b834e2d1c1eae1e53cb9"
}