{
  "best_epoch": 0,
  "best_val_loss": null,
  "total_seconds": 15.63765491801314,
  "epochs": [],
  "train_metrics": {
    "classification": {
      "labels": [
        0,
        1,
        2,
        3,
        4,
        5,
        6,
        7,
        8
      ],
      "accuracy": 0.19765960300429183,
      "balanced_accuracy": 0.22583083395427062,
      "precision_macro": 0.1986376248586554,
      "precision_micro": 0.19765960300429183,
      "precision_weighted": 0.2248369104449779,
      "recall_macro": 0.22583083395427062,
      "recall_micro": 0.19765960300429183,
      "recall_weighted": 0.19765960300429183,
      "f1_macro": 0.18937493056205887,
      "f1_micro": 0.19765960300429183,
      "f1_weighted": 0.19695864175833425,
      "confusion_matrix": [
        [
          3360,
          1224,
          575,
          788,
          886,
          604,
          597,
          531,
          1994
        ],
        [
          2049,
          3183,
          867,
          1320,
          1087,
          1250,
          1580,
          914,
          2117
        ],
        [
          2913,
          2399,
          2368,
          2973,
          3065,
          2450,
          2590,
          1053,
          3483
        ],
        [
          3680,
          2232,
          2018,
          4548,
          4080,
          4084,
          2550,
          1777,
          3790
        ],
        [
          5269,
          2606,
          1918,
          3079,
          8388,
          3676,
          3723,
          2000,
          5476
        ],
        [
          2898,
          1797,
          1347,
          2593,
          2490,
          5075,
          1958,
          1074,
          3669
        ],
        [
          4951,
          4128,
          2320,
          3266,
          5228,
          4109,
          7456,
          2833,
          6168
        ],
        [
          3647,
          2052,
          865,
          2317,
          3192,
          1996,
          3192,
          2232,
          3446
        ],
        [
          887,
          790,
          143,
          528,
          735,
          518,
          573,
          526,
          4655
        ]
      ]
    }
  },
  "test_metrics": {
    "classification": {
      "labels": [
        0,
        1,
        2,
        3,
        4,
        5,
        6,
        7,
        8
      ],
      "accuracy": 0.19572603719599427,
      "balanced_accuracy": 0.2230780245782629,
      "precision_macro": 0.1972336258730303,
      "precision_micro": 0.19572603719599427,
      "precision_weighted": 0.22331105904787926,
      "recall_macro": 0.2230780245782629,
      "recall_micro": 0.19572603719599427,
      "recall_weighted": 0.19572603719599427,
      "f1_macro": 0.18727462769449357,
      "f1_micro": 0.19572603719599427,
      "f1_weighted": 0.1954131816675821,
      "confusion_matrix": [
        [
          1396,
          538,
          224,
          381,
          396,
          247,
          272,
          242,
          890
        ],
        [
          926,
          1333,
          356,
          591,
          489,
          554,
          727,
          407,
          987
        ],
        [
          1246,
          1040,
          1023,
          1303,
          1352,
          1085,
          1070,
          445,
          1461
        ],
        [
          1525,
          965,
          870,
          1906,
          1685,
          1739,
          1077,
          672,
          1577
        ],
        [
          2305,
          1116,
          793,
          1386,
          3539,
          1528,
          1529,
          852,
          2310
        ],
        [
          1283,
          798,
          599,
          1122,
          1099,
          2095,
          901,
          454,
          1601
        ],
        [
          2077,
          1729,
          988,
          1409,
          2237,
          1711,
          3260,
          1186,
          2728
        ],
        [
          1535,
          835,
          392,
          940,
          1427,
          891,
          1423,
          973,
          1498
        ],
        [
          395,
          299,
          68,
          211,
          298,
          241,
          227,
          200,
          1987
        ]
      ]
    }
  },
  "run_timestamp": "20251227_012024_857688",
  "params_hash": "d012adfcb11eea500e5cf6e9ee0336bf04e1e78cff2dd4cc55b8b2f9ddf5ed8e"
}