{
  "best_epoch": 0,
  "best_val_loss": null,
  "total_seconds": 0.0066559880069689825,
  "epochs": [],
  "train_metrics": {
    "classification": {
      "labels": [
        0,
        1,
        2,
        3,
        4
      ],
      "accuracy": 0.28958333333333336,
      "balanced_accuracy": 0.21276487368994065,
      "precision_macro": 0.18186673423755007,
      "precision_micro": 0.28958333333333336,
      "precision_weighted": 0.20932700710213872,
      "recall_macro": 0.21276487368994065,
      "recall_micro": 0.28958333333333336,
      "recall_weighted": 0.28958333333333336,
      "f1_macro": 0.15899274983371786,
      "f1_micro": 0.28958333333333336,
      "f1_weighted": 0.2103696102606185,
      "confusion_matrix": [
        [
          36,
          3,
          0,
          534,
          632
        ],
        [
          40,
          9,
          0,
          989,
          1621
        ],
        [
          32,
          4,
          0,
          720,
          1382
        ],
        [
          61,
          17,
          0,
          1480,
          2096
        ],
        [
          64,
          20,
          0,
          1333,
          2367
        ]
      ]
    }
  },
  "test_metrics": {
    "classification": {
      "labels": [
        0,
        1,
        2,
        3,
        4
      ],
      "accuracy": 0.2743055555555556,
      "balanced_accuracy": 0.20311398293316235,
      "precision_macro": 0.174162077023156,
      "precision_micro": 0.2743055555555556,
      "precision_weighted": 0.19922189610948088,
      "recall_macro": 0.20311398293316235,
      "recall_micro": 0.2743055555555556,
      "recall_weighted": 0.2743055555555556,
      "f1_macro": 0.1534867950049515,
      "f1_micro": 0.2743055555555556,
      "f1_weighted": 0.20009361872961773,
      "confusion_matrix": [
        [
          19,
          0,
          0,
          223,
          248
        ],
        [
          16,
          4,
          0,
          399,
          732
        ],
        [
          32,
          3,
          0,
          300,
          602
        ],
        [
          32,
          9,
          0,
          591,
          919
        ],
        [
          28,
          8,
          0,
          629,
          966
        ]
      ]
    }
  },
  "run_timestamp": "20251208_141613_403468",
  "params_hash": "ace90233717b11c93087df9d26b4bf0e67d38c64d26af132ecba430a73e75f1e"
}