{
  "best_epoch": 0,
  "best_val_loss": null,
  "total_seconds": 0.04932911699870601,
  "epochs": [],
  "train_metrics": {
    "classification": {
      "labels": [
        0,
        1,
        2,
        3,
        4,
        5,
        6,
        7,
        8
      ],
      "accuracy": 0.16316964285714286,
      "balanced_accuracy": 0.18370540550853492,
      "precision_macro": 0.1545922926829513,
      "precision_micro": 0.16316964285714286,
      "precision_weighted": 0.18159322731079705,
      "recall_macro": 0.18370540550853492,
      "recall_micro": 0.16316964285714286,
      "recall_weighted": 0.16316964285714286,
      "f1_macro": 0.1285766645225465,
      "f1_micro": 0.16316964285714286,
      "f1_weighted": 0.13767352333102806,
      "confusion_matrix": [
        [
          334,
          35,
          5,
          16,
          49,
          137,
          9,
          35,
          115
        ],
        [
          218,
          75,
          14,
          45,
          61,
          217,
          12,
          50,
          137
        ],
        [
          328,
          110,
          26,
          117,
          139,
          510,
          24,
          104,
          295
        ],
        [
          275,
          122,
          23,
          159,
          164,
          511,
          43,
          93,
          287
        ],
        [
          428,
          82,
          27,
          145,
          240,
          553,
          46,
          117,
          394
        ],
        [
          381,
          123,
          36,
          190,
          239,
          1053,
          74,
          132,
          415
        ],
        [
          398,
          101,
          25,
          180,
          275,
          820,
          68,
          102,
          507
        ],
        [
          114,
          49,
          22,
          40,
          101,
          334,
          20,
          90,
          217
        ],
        [
          51,
          23,
          1,
          2,
          38,
          108,
          12,
          25,
          148
        ]
      ]
    }
  },
  "test_metrics": {
    "classification": {
      "labels": [
        0,
        1,
        2,
        3,
        4,
        5,
        6,
        7,
        8
      ],
      "accuracy": 0.15989583333333332,
      "balanced_accuracy": 0.17672272271666709,
      "precision_macro": 0.15953259437474532,
      "precision_micro": 0.15989583333333332,
      "precision_weighted": 0.191980751175958,
      "recall_macro": 0.17672272271666709,
      "recall_micro": 0.15989583333333332,
      "recall_weighted": 0.15989583333333332,
      "f1_macro": 0.1245522756301315,
      "f1_micro": 0.15989583333333332,
      "f1_weighted": 0.13637919492240208,
      "confusion_matrix": [
        [
          128,
          13,
          3,
          11,
          21,
          61,
          3,
          14,
          46
        ],
        [
          96,
          33,
          6,
          18,
          30,
          86,
          2,
          24,
          46
        ],
        [
          127,
          34,
          18,
          62,
          64,
          238,
          9,
          52,
          98
        ],
        [
          144,
          44,
          6,
          55,
          79,
          219,
          21,
          37,
          118
        ],
        [
          205,
          26,
          7,
          62,
          121,
          251,
          18,
          44,
          174
        ],
        [
          141,
          59,
          23,
          85,
          96,
          457,
          18,
          67,
          191
        ],
        [
          213,
          45,
          11,
          70,
          105,
          336,
          22,
          52,
          240
        ],
        [
          40,
          22,
          5,
          18,
          43,
          136,
          3,
          35,
          91
        ],
        [
          31,
          11,
          2,
          4,
          7,
          42,
          2,
          11,
          52
        ]
      ]
    }
  },
  "run_timestamp": "20251208_103637_624123",
  "params_hash": "b9bc59250b040e1e28de5f4fc8c12d58697684c73331e63f6bad1afb3f3bda99"
}