{
  "best_epoch": 0,
  "best_val_loss": null,
  "total_seconds": 1.7177390019933227,
  "epochs": [],
  "train_metrics": {
    "classification": {
      "labels": [
        0,
        1,
        2,
        3,
        4,
        5,
        6,
        7,
        8
      ],
      "accuracy": 0.16581085223789085,
      "balanced_accuracy": 0.17288379245874513,
      "precision_macro": 0.15258582334343637,
      "precision_micro": 0.16581085223789085,
      "precision_weighted": 0.18360429338105191,
      "recall_macro": 0.17288379245874513,
      "recall_micro": 0.16581085223789085,
      "recall_weighted": 0.16581085223789085,
      "f1_macro": 0.13987879677453405,
      "f1_micro": 0.16581085223789085,
      "f1_weighted": 0.15637836599370755,
      "confusion_matrix": [
        [
          5415,
          821,
          336,
          536,
          708,
          1921,
          533,
          693,
          248
        ],
        [
          3535,
          2058,
          890,
          572,
          533,
          2151,
          1086,
          1599,
          268
        ],
        [
          4773,
          2893,
          2148,
          1810,
          1379,
          5083,
          3024,
          3449,
          981
        ],
        [
          5015,
          2772,
          1601,
          2268,
          1196,
          6384,
          2909,
          2487,
          1461
        ],
        [
          8463,
          2612,
          2075,
          1837,
          1625,
          7909,
          2554,
          3281,
          1681
        ],
        [
          7786,
          3060,
          1906,
          2749,
          1988,
          12105,
          5059,
          5466,
          1231
        ],
        [
          8755,
          3034,
          2329,
          2499,
          1458,
          8765,
          5670,
          5013,
          1173
        ],
        [
          2550,
          1350,
          699,
          697,
          578,
          3816,
          1786,
          3039,
          428
        ],
        [
          1421,
          469,
          383,
          693,
          168,
          1655,
          579,
          550,
          288
        ]
      ]
    }
  },
  "test_metrics": {
    "classification": {
      "labels": [
        0,
        1,
        2,
        3,
        4,
        5,
        6,
        7,
        8
      ],
      "accuracy": 0.16458780400572245,
      "balanced_accuracy": 0.17217995612219605,
      "precision_macro": 0.15050594556313085,
      "precision_micro": 0.16458780400572245,
      "precision_weighted": 0.18024497581979446,
      "recall_macro": 0.17217995612219605,
      "recall_micro": 0.16458780400572245,
      "recall_weighted": 0.16458780400572245,
      "f1_macro": 0.13902098707089652,
      "f1_micro": 0.16458780400572245,
      "f1_weighted": 0.15445018130532548,
      "confusion_matrix": [
        [
          2352,
          348,
          156,
          241,
          281,
          830,
          218,
          347,
          93
        ],
        [
          1522,
          891,
          406,
          258,
          250,
          895,
          414,
          730,
          116
        ],
        [
          2090,
          1238,
          890,
          798,
          654,
          2166,
          1289,
          1498,
          418
        ],
        [
          2170,
          1179,
          749,
          997,
          513,
          2692,
          1276,
          1021,
          590
        ],
        [
          3486,
          1090,
          878,
          787,
          676,
          3349,
          1158,
          1489,
          718
        ],
        [
          3278,
          1328,
          860,
          1148,
          847,
          5148,
          2031,
          2197,
          529
        ],
        [
          3843,
          1340,
          1011,
          1129,
          656,
          3740,
          2337,
          2181,
          521
        ],
        [
          1098,
          561,
          310,
          329,
          276,
          1678,
          751,
          1312,
          178
        ],
        [
          593,
          214,
          157,
          280,
          86,
          756,
          240,
          199,
          123
        ]
      ]
    }
  },
  "run_timestamp": "20251227_011500_888973",
  "params_hash": "7c4f52f4e88e620b7ceb8dc63592ab16d6ed45db8a822b3c500f2a5c6f33db29"
}