{
  "best_epoch": 0,
  "best_val_loss": null,
  "total_seconds": 2.75209240798722,
  "epochs": [],
  "train_metrics": {
    "classification": {
      "labels": [
        0,
        1,
        2,
        3,
        4,
        5,
        6,
        7,
        8
      ],
      "accuracy": 0.15546443899448192,
      "balanced_accuracy": 0.19283083769919543,
      "precision_macro": 0.16314261869217042,
      "precision_micro": 0.15546443899448192,
      "precision_weighted": 0.18246840780066279,
      "recall_macro": 0.19283083769919543,
      "recall_micro": 0.15546443899448192,
      "recall_weighted": 0.15546443899448192,
      "f1_macro": 0.14956258707758108,
      "f1_micro": 0.15546443899448192,
      "f1_weighted": 0.14740667378389002,
      "confusion_matrix": [
        [
          2765,
          2103,
          321,
          547,
          722,
          808,
          703,
          771,
          1819
        ],
        [
          1682,
          4619,
          757,
          648,
          661,
          1242,
          1612,
          1494,
          1652
        ],
        [
          3447,
          4263,
          1321,
          1354,
          1497,
          2383,
          3412,
          2276,
          3341
        ],
        [
          3707,
          4826,
          1226,
          2078,
          1883,
          3560,
          3262,
          3356,
          4861
        ],
        [
          5280,
          6779,
          1009,
          2021,
          2781,
          3618,
          4198,
          3901,
          6548
        ],
        [
          2723,
          4105,
          920,
          1402,
          1592,
          3584,
          2801,
          2678,
          3096
        ],
        [
          4131,
          7103,
          1709,
          2162,
          2498,
          4782,
          6841,
          5571,
          5662
        ],
        [
          2806,
          2937,
          776,
          1050,
          1092,
          2130,
          3587,
          4494,
          4067
        ],
        [
          1054,
          756,
          276,
          442,
          599,
          383,
          746,
          1126,
          3973
        ]
      ]
    }
  },
  "test_metrics": {
    "classification": {
      "labels": [
        0,
        1,
        2,
        3,
        4,
        5,
        6,
        7,
        8
      ],
      "accuracy": 0.15665236051502146,
      "balanced_accuracy": 0.19476629480037455,
      "precision_macro": 0.16353790507713872,
      "precision_micro": 0.15665236051502146,
      "precision_weighted": 0.18192259115701603,
      "recall_macro": 0.19476629480037455,
      "recall_micro": 0.15665236051502146,
      "recall_weighted": 0.15665236051502146,
      "f1_macro": 0.15050473381136312,
      "f1_micro": 0.15665236051502146,
      "f1_weighted": 0.14787312899694705,
      "confusion_matrix": [
        [
          1215,
          955,
          124,
          232,
          351,
          332,
          281,
          326,
          770
        ],
        [
          738,
          2030,
          322,
          299,
          289,
          589,
          691,
          657,
          755
        ],
        [
          1452,
          1833,
          542,
          589,
          672,
          1076,
          1511,
          947,
          1403
        ],
        [
          1590,
          2039,
          539,
          860,
          769,
          1474,
          1412,
          1342,
          1991
        ],
        [
          2243,
          2837,
          425,
          856,
          1172,
          1482,
          1843,
          1667,
          2833
        ],
        [
          1210,
          1811,
          392,
          618,
          676,
          1562,
          1188,
          1164,
          1331
        ],
        [
          1778,
          3102,
          741,
          846,
          1034,
          2046,
          2912,
          2389,
          2477
        ],
        [
          1183,
          1317,
          348,
          432,
          441,
          969,
          1543,
          1989,
          1692
        ],
        [
          450,
          291,
          85,
          176,
          253,
          170,
          296,
          471,
          1734
        ]
      ]
    }
  },
  "run_timestamp": "20251227_011549_974854",
  "params_hash": "00a2bf56c83a13b995be5a4123f24dd721a92a1d49e74aa3a6c82f29255fb088"
}