{
  "best_epoch": 0,
  "best_val_loss": null,
  "total_seconds": 0.12519980200158898,
  "epochs": [],
  "train_metrics": {
    "classification": {
      "labels": [
        0,
        1,
        2,
        3,
        4
      ],
      "accuracy": 0.3046130952380952,
      "balanced_accuracy": 0.30231916928150354,
      "precision_macro": 0.2920114579805941,
      "precision_micro": 0.3046130952380952,
      "precision_weighted": 0.31691364053767423,
      "recall_macro": 0.30231916928150354,
      "recall_micro": 0.3046130952380952,
      "recall_weighted": 0.3046130952380952,
      "f1_macro": 0.29060995127687306,
      "f1_micro": 0.3046130952380952,
      "f1_weighted": 0.3072814830672299,
      "confusion_matrix": [
        [
          430,
          223,
          119,
          207,
          226
        ],
        [
          473,
          705,
          323,
          542,
          616
        ],
        [
          372,
          353,
          477,
          414,
          522
        ],
        [
          540,
          522,
          503,
          1126,
          963
        ],
        [
          563,
          553,
          466,
          846,
          1356
        ]
      ]
    }
  },
  "test_metrics": {
    "classification": {
      "labels": [
        0,
        1,
        2,
        3,
        4
      ],
      "accuracy": 0.2989583333333333,
      "balanced_accuracy": 0.3006357203029354,
      "precision_macro": 0.287956574980607,
      "precision_micro": 0.2989583333333333,
      "precision_weighted": 0.3136348725280022,
      "recall_macro": 0.3006357203029354,
      "recall_micro": 0.2989583333333333,
      "recall_weighted": 0.2989583333333333,
      "f1_macro": 0.28612109342181874,
      "f1_micro": 0.2989583333333333,
      "f1_weighted": 0.30212365346455994,
      "confusion_matrix": [
        [
          182,
          93,
          57,
          79,
          79
        ],
        [
          201,
          322,
          155,
          211,
          262
        ],
        [
          168,
          151,
          200,
          200,
          218
        ],
        [
          231,
          243,
          208,
          455,
          414
        ],
        [
          271,
          263,
          186,
          348,
          563
        ]
      ]
    }
  },
  "run_timestamp": "20251208_141609_642677",
  "params_hash": "06c95de9b94b535f0fc6940deaab622e85f711a72921eac954c953ae82831d3d"
}