{
  "best_epoch": 0,
  "best_val_loss": null,
  "total_seconds": 20.37463746999856,
  "epochs": [],
  "train_metrics": {
    "classification": {
      "labels": [
        0,
        1,
        2,
        3,
        4,
        5,
        6,
        7,
        8
      ],
      "accuracy": 0.20053839668914777,
      "balanced_accuracy": 0.22812372140802528,
      "precision_macro": 0.2012398272317411,
      "precision_micro": 0.20053839668914777,
      "precision_weighted": 0.22819993740264954,
      "recall_macro": 0.22812372140802528,
      "recall_micro": 0.20053839668914777,
      "recall_weighted": 0.20053839668914777,
      "f1_macro": 0.18918339203157075,
      "f1_micro": 0.20053839668914777,
      "f1_weighted": 0.1990668400628683,
      "confusion_matrix": [
        [
          3231,
          993,
          434,
          1043,
          600,
          548,
          826,
          587,
          2297
        ],
        [
          1865,
          2822,
          646,
          1602,
          821,
          1235,
          1843,
          810,
          2723
        ],
        [
          2763,
          2198,
          1706,
          3074,
          2709,
          2384,
          3312,
          1244,
          3904
        ],
        [
          3432,
          2016,
          1641,
          5183,
          3775,
          4033,
          2776,
          1583,
          4320
        ],
        [
          5075,
          2574,
          1154,
          3341,
          8008,
          3327,
          4601,
          1761,
          6294
        ],
        [
          2751,
          1691,
          1013,
          2650,
          2532,
          4881,
          2211,
          1076,
          4096
        ],
        [
          4531,
          3606,
          1676,
          3847,
          5084,
          4017,
          8580,
          2429,
          6689
        ],
        [
          3256,
          1813,
          684,
          2289,
          2904,
          1974,
          3452,
          2314,
          4253
        ],
        [
          820,
          560,
          86,
          737,
          618,
          588,
          314,
          491,
          5141
        ]
      ]
    }
  },
  "test_metrics": {
    "classification": {
      "labels": [
        0,
        1,
        2,
        3,
        4,
        5,
        6,
        7,
        8
      ],
      "accuracy": 0.1982407904148784,
      "balanced_accuracy": 0.22684913121280165,
      "precision_macro": 0.19926059123073483,
      "precision_micro": 0.1982407904148784,
      "precision_weighted": 0.22498745058796038,
      "recall_macro": 0.22684913121280165,
      "recall_micro": 0.1982407904148784,
      "recall_weighted": 0.1982407904148784,
      "f1_macro": 0.1872703741341527,
      "f1_micro": 0.1982407904148784,
      "f1_weighted": 0.19638635335370966,
      "confusion_matrix": [
        [
          1329,
          437,
          150,
          467,
          274,
          264,
          344,
          294,
          1027
        ],
        [
          852,
          1243,
          243,
          707,
          392,
          504,
          814,
          374,
          1241
        ],
        [
          1134,
          985,
          693,
          1322,
          1182,
          1050,
          1474,
          517,
          1668
        ],
        [
          1420,
          895,
          677,
          2101,
          1548,
          1696,
          1226,
          619,
          1834
        ],
        [
          2204,
          1078,
          484,
          1473,
          3404,
          1404,
          1907,
          762,
          2642
        ],
        [
          1180,
          721,
          452,
          1258,
          1089,
          2083,
          965,
          464,
          1740
        ],
        [
          1979,
          1585,
          722,
          1622,
          2172,
          1726,
          3604,
          1054,
          2861
        ],
        [
          1330,
          760,
          332,
          937,
          1253,
          874,
          1530,
          1051,
          1847
        ],
        [
          325,
          210,
          38,
          313,
          241,
          252,
          135,
          183,
          2229
        ]
      ]
    }
  },
  "run_timestamp": "20251226_200553_088105",
  "params_hash": "c6baa84706605f77c7a1fd0254749d24f8a0c762da2cb15c41b9298f4a150d36"
}