{
  "best_epoch": 0,
  "best_val_loss": null,
  "total_seconds": 463.8338942579994,
  "epochs": [],
  "train_metrics": {
    "classification": {
      "labels": [
        0,
        1,
        2,
        3,
        4,
        5,
        6,
        7,
        8
      ],
      "accuracy": 0.7353841145833333,
      "balanced_accuracy": 0.7075131602653708,
      "precision_macro": 0.8018311486020389,
      "precision_micro": 0.7353841145833333,
      "precision_weighted": 0.7579734363097351,
      "recall_macro": 0.7075131602653708,
      "recall_micro": 0.7353841145833333,
      "recall_weighted": 0.7353841145833333,
      "f1_macro": 0.7424288231851767,
      "f1_micro": 0.7353841145833333,
      "f1_weighted": 0.7360642236177253,
      "confusion_matrix": [
        [
          1022,
          26,
          37,
          73,
          139,
          31,
          183,
          44,
          1
        ],
        [
          18,
          1383,
          66,
          85,
          159,
          46,
          313,
          56,
          3
        ],
        [
          16,
          31,
          2319,
          173,
          265,
          78,
          482,
          80,
          5
        ],
        [
          10,
          27,
          75,
          3102,
          315,
          74,
          509,
          88,
          1
        ],
        [
          17,
          24,
          79,
          188,
          4289,
          84,
          505,
          100,
          3
        ],
        [
          17,
          25,
          96,
          180,
          284,
          2234,
          468,
          82,
          2
        ],
        [
          20,
          26,
          75,
          156,
          373,
          75,
          5163,
          76,
          10
        ],
        [
          15,
          28,
          71,
          156,
          347,
          88,
          506,
          2158,
          2
        ],
        [
          5,
          7,
          41,
          37,
          122,
          22,
          164,
          44,
          921
        ]
      ]
    }
  },
  "test_metrics": {
    "classification": {
      "labels": [
        0,
        1,
        2,
        3,
        4,
        5,
        6,
        7,
        8
      ],
      "accuracy": 0.21263020833333332,
      "balanced_accuracy": 0.18065847172187477,
      "precision_macro": 0.20139805679680248,
      "precision_micro": 0.21263020833333332,
      "precision_weighted": 0.20556906712580994,
      "recall_macro": 0.18065847172187477,
      "recall_micro": 0.21263020833333332,
      "recall_weighted": 0.21263020833333332,
      "f1_macro": 0.18438471715990382,
      "f1_micro": 0.21263020833333332,
      "f1_weighted": 0.20354547358283434,
      "confusion_matrix": [
        [
          33,
          25,
          41,
          50,
          104,
          25,
          77,
          26,
          13
        ],
        [
          10,
          90,
          56,
          65,
          69,
          48,
          164,
          34,
          5
        ],
        [
          26,
          60,
          120,
          107,
          164,
          56,
          243,
          59,
          6
        ],
        [
          21,
          51,
          96,
          230,
          201,
          101,
          255,
          82,
          12
        ],
        [
          37,
          45,
          100,
          179,
          408,
          95,
          350,
          94,
          33
        ],
        [
          15,
          35,
          72,
          147,
          169,
          118,
          225,
          46,
          15
        ],
        [
          37,
          77,
          123,
          172,
          310,
          108,
          503,
          112,
          24
        ],
        [
          28,
          30,
          62,
          96,
          210,
          60,
          269,
          88,
          16
        ],
        [
          15,
          13,
          34,
          41,
          75,
          16,
          80,
          30,
          43
        ]
      ]
    }
  },
  "run_timestamp": "20251207_145324_995218",
  "params_hash": "08d7b83e6cc80818b71e9413eaa5e01b8044fa87c7cf4231d4107e6866d24d7e"
}