{
  "best_epoch": 0,
  "best_val_loss": null,
  "total_seconds": 0.16351647199189756,
  "epochs": [],
  "train_metrics": {
    "classification": {
      "labels": [
        0,
        1,
        2,
        3,
        4
      ],
      "accuracy": 0.31986607142857143,
      "balanced_accuracy": 0.3105690543042822,
      "precision_macro": 0.3036066609796253,
      "precision_micro": 0.31986607142857143,
      "precision_weighted": 0.326399388313238,
      "recall_macro": 0.3105690543042822,
      "recall_micro": 0.31986607142857143,
      "recall_weighted": 0.31986607142857143,
      "f1_macro": 0.3020667996546498,
      "f1_micro": 0.31986607142857143,
      "f1_weighted": 0.31877703026301324,
      "confusion_matrix": [
        [
          397,
          156,
          142,
          157,
          353
        ],
        [
          300,
          631,
          430,
          515,
          783
        ],
        [
          217,
          277,
          548,
          437,
          659
        ],
        [
          418,
          530,
          584,
          1080,
          1042
        ],
        [
          493,
          425,
          578,
          645,
          1643
        ]
      ]
    }
  },
  "test_metrics": {
    "classification": {
      "labels": [
        0,
        1,
        2,
        3,
        4
      ],
      "accuracy": 0.3142361111111111,
      "balanced_accuracy": 0.30961661406942287,
      "precision_macro": 0.3008079144783373,
      "precision_micro": 0.3142361111111111,
      "precision_weighted": 0.32240746292563066,
      "recall_macro": 0.30961661406942287,
      "recall_micro": 0.3142361111111111,
      "recall_weighted": 0.3142361111111111,
      "f1_macro": 0.29953825324927275,
      "f1_micro": 0.3142361111111111,
      "f1_weighted": 0.31390052081485814,
      "confusion_matrix": [
        [
          169,
          57,
          46,
          71,
          147
        ],
        [
          117,
          300,
          199,
          182,
          353
        ],
        [
          113,
          126,
          235,
          196,
          267
        ],
        [
          177,
          230,
          262,
          431,
          451
        ],
        [
          222,
          190,
          242,
          302,
          675
        ]
      ]
    }
  },
  "run_timestamp": "20251208_141516_064299",
  "params_hash": "07c1e3efd4c36d90c6e56392b4409e93a3195faf483da2642d2d738bb2c5655c"
}