{
  "best_epoch": 0,
  "best_val_loss": null,
  "total_seconds": 11.470738308998989,
  "epochs": [],
  "train_metrics": {
    "classification": {
      "labels": [
        0,
        1,
        2,
        3,
        4,
        5,
        6,
        7,
        8
      ],
      "accuracy": 0.20449015174739424,
      "balanced_accuracy": 0.2464394406671643,
      "precision_macro": 0.20362658527591845,
      "precision_micro": 0.20449015174739424,
      "precision_weighted": 0.24052554298978696,
      "recall_macro": 0.2464394406671643,
      "recall_micro": 0.20449015174739424,
      "recall_weighted": 0.20449015174739424,
      "f1_macro": 0.18608770630650182,
      "f1_micro": 0.20449015174739424,
      "f1_weighted": 0.19951169408914027,
      "confusion_matrix": [
        [
          5673,
          781,
          229,
          488,
          589,
          876,
          294,
          345,
          1936
        ],
        [
          3253,
          2036,
          657,
          1063,
          577,
          1529,
          846,
          822,
          1909
        ],
        [
          3880,
          2259,
          1499,
          3524,
          2041,
          4097,
          2032,
          2177,
          4031
        ],
        [
          3183,
          1863,
          767,
          5544,
          2564,
          5437,
          2172,
          1261,
          3302
        ],
        [
          6044,
          1937,
          1026,
          3481,
          4213,
          5720,
          2468,
          1598,
          5550
        ],
        [
          4769,
          2470,
          1360,
          4809,
          2628,
          12637,
          4254,
          2867,
          5556
        ],
        [
          5966,
          2529,
          1135,
          2894,
          2527,
          6856,
          5668,
          3135,
          7986
        ],
        [
          2341,
          1217,
          429,
          894,
          832,
          2835,
          1259,
          1876,
          3260
        ],
        [
          816,
          283,
          72,
          171,
          235,
          361,
          463,
          260,
          3545
        ]
      ]
    }
  },
  "test_metrics": {
    "classification": {
      "labels": [
        0,
        1,
        2,
        3,
        4,
        5,
        6,
        7,
        8
      ],
      "accuracy": 0.20390736766809728,
      "balanced_accuracy": 0.24537343969514058,
      "precision_macro": 0.20226182240620783,
      "precision_micro": 0.20390736766809728,
      "precision_weighted": 0.23800711599663973,
      "recall_macro": 0.24537343969514058,
      "recall_micro": 0.20390736766809728,
      "recall_weighted": 0.20390736766809728,
      "f1_macro": 0.18558422992775853,
      "f1_micro": 0.20390736766809728,
      "f1_weighted": 0.19844537145114458,
      "confusion_matrix": [
        [
          2418,
          368,
          93,
          211,
          253,
          394,
          147,
          128,
          854
        ],
        [
          1365,
          853,
          280,
          482,
          292,
          677,
          352,
          328,
          853
        ],
        [
          1653,
          985,
          607,
          1505,
          923,
          1761,
          917,
          1003,
          1687
        ],
        [
          1451,
          770,
          382,
          2419,
          1147,
          2256,
          932,
          521,
          1309
        ],
        [
          2437,
          863,
          407,
          1448,
          1848,
          2440,
          1102,
          667,
          2419
        ],
        [
          1994,
          1052,
          567,
          2021,
          1099,
          5361,
          1784,
          1134,
          2354
        ],
        [
          2581,
          1076,
          458,
          1328,
          1128,
          3027,
          2409,
          1297,
          3454
        ],
        [
          1032,
          506,
          207,
          381,
          376,
          1240,
          525,
          818,
          1408
        ],
        [
          363,
          127,
          28,
          62,
          97,
          147,
          197,
          116,
          1511
        ]
      ]
    }
  },
  "run_timestamp": "20251227_012206_985719",
  "params_hash": "d54f7f907ca72eb02d9c052c820d0bf7f25d3d2fae2eb6c905a08deae6ea41a1"
}