{
  "best_epoch": 0,
  "best_val_loss": null,
  "total_seconds": 0.01789786299923435,
  "epochs": [],
  "train_metrics": {
    "classification": {
      "labels": [
        0,
        1,
        2,
        3,
        4,
        5,
        6,
        7,
        8
      ],
      "accuracy": 0.1451636904761905,
      "balanced_accuracy": 0.16076624532141048,
      "precision_macro": 0.13829494894574626,
      "precision_micro": 0.1451636904761905,
      "precision_weighted": 0.15613358949233452,
      "recall_macro": 0.16076624532141048,
      "recall_micro": 0.1451636904761905,
      "recall_weighted": 0.1451636904761905,
      "f1_macro": 0.1251655527680209,
      "f1_micro": 0.1451636904761905,
      "f1_weighted": 0.12958006561543411,
      "confusion_matrix": [
        [
          182,
          188,
          9,
          30,
          67,
          122,
          64,
          23,
          22
        ],
        [
          165,
          279,
          20,
          39,
          90,
          137,
          92,
          55,
          62
        ],
        [
          182,
          373,
          25,
          54,
          121,
          332,
          208,
          55,
          148
        ],
        [
          186,
          394,
          26,
          69,
          182,
          437,
          262,
          80,
          188
        ],
        [
          325,
          570,
          51,
          123,
          215,
          379,
          377,
          33,
          240
        ],
        [
          170,
          262,
          34,
          55,
          107,
          500,
          209,
          55,
          85
        ],
        [
          245,
          563,
          42,
          98,
          220,
          607,
          513,
          91,
          209
        ],
        [
          140,
          330,
          25,
          62,
          123,
          281,
          277,
          66,
          165
        ],
        [
          76,
          93,
          9,
          34,
          54,
          119,
          122,
          16,
          102
        ]
      ]
    }
  },
  "test_metrics": {
    "classification": {
      "labels": [
        0,
        1,
        2,
        3,
        4,
        5,
        6,
        7,
        8
      ],
      "accuracy": 0.1453125,
      "balanced_accuracy": 0.16465166110935353,
      "precision_macro": 0.14409831705358506,
      "precision_micro": 0.1453125,
      "precision_weighted": 0.1649394740801037,
      "recall_macro": 0.16465166110935353,
      "recall_micro": 0.1453125,
      "recall_weighted": 0.1453125,
      "f1_macro": 0.1249326674190272,
      "f1_micro": 0.1453125,
      "f1_weighted": 0.13007254863166332,
      "confusion_matrix": [
        [
          80,
          61,
          3,
          12,
          27,
          42,
          22,
          12,
          9
        ],
        [
          61,
          134,
          10,
          15,
          39,
          57,
          41,
          15,
          24
        ],
        [
          77,
          157,
          18,
          21,
          49,
          149,
          76,
          19,
          81
        ],
        [
          102,
          149,
          14,
          37,
          59,
          196,
          123,
          33,
          88
        ],
        [
          133,
          236,
          18,
          44,
          86,
          178,
          176,
          26,
          105
        ],
        [
          74,
          103,
          17,
          25,
          50,
          207,
          95,
          21,
          46
        ],
        [
          116,
          289,
          17,
          34,
          110,
          227,
          220,
          40,
          79
        ],
        [
          67,
          132,
          12,
          27,
          38,
          125,
          145,
          26,
          74
        ],
        [
          29,
          47,
          8,
          11,
          21,
          33,
          46,
          6,
          29
        ]
      ]
    }
  },
  "run_timestamp": "20251208_103228_615455",
  "params_hash": "45770854e8b29f252d442bd2fc2477902d2386b6a3573b3c7f75cb6f381a9846"
}