{
  "best_epoch": 0,
  "best_val_loss": null,
  "total_seconds": 1.5663861529901624,
  "epochs": [],
  "train_metrics": {
    "classification": {
      "labels": [
        0,
        1,
        2,
        3,
        4
      ],
      "accuracy": 0.2796740879828326,
      "balanced_accuracy": 0.2537362167628091,
      "precision_macro": 0.25300034008516936,
      "precision_micro": 0.2796740879828326,
      "precision_weighted": 0.2791753495247092,
      "recall_macro": 0.2537362167628091,
      "recall_micro": 0.2796740879828326,
      "recall_weighted": 0.2796740879828326,
      "f1_macro": 0.25111822829677743,
      "f1_micro": 0.2796740879828326,
      "f1_weighted": 0.2773318746812693,
      "confusion_matrix": [
        [
          3224,
          3692,
          1529,
          4011,
          5790
        ],
        [
          4929,
          11064,
          4551,
          9012,
          11870
        ],
        [
          3635,
          6000,
          5081,
          7568,
          11317
        ],
        [
          6206,
          10318,
          6292,
          16028,
          17850
        ],
        [
          5674,
          10395,
          6900,
          12842,
          22990
        ]
      ]
    }
  },
  "test_metrics": {
    "classification": {
      "labels": [
        0,
        1,
        2,
        3,
        4
      ],
      "accuracy": 0.2782546494992847,
      "balanced_accuracy": 0.2526157622442403,
      "precision_macro": 0.2519008233843504,
      "precision_micro": 0.2782546494992847,
      "precision_weighted": 0.27737584212607996,
      "recall_macro": 0.2526157622442403,
      "recall_micro": 0.2782546494992847,
      "recall_weighted": 0.2782546494992847,
      "f1_macro": 0.25028488714755875,
      "f1_micro": 0.2782546494992847,
      "f1_weighted": 0.2759888253624956,
      "confusion_matrix": [
        [
          1454,
          1573,
          733,
          1785,
          2538
        ],
        [
          2085,
          4665,
          2020,
          3929,
          5057
        ],
        [
          1599,
          2542,
          2110,
          3149,
          4764
        ],
        [
          2654,
          4394,
          2544,
          6901,
          7664
        ],
        [
          2504,
          4419,
          3032,
          5591,
          9766
        ]
      ]
    }
  },
  "run_timestamp": "20251226_201351_813342",
  "params_hash": "771096f0ffbc90a480e8294f0d0d9fd057021b78fd7090bc788d49d8a623527a"
}