{
  "best_epoch": 0,
  "best_val_loss": null,
  "total_seconds": 0.6392402949859388,
  "epochs": [],
  "train_metrics": {
    "classification": {
      "labels": [
        0,
        1,
        2,
        3,
        4
      ],
      "accuracy": 0.271823267933783,
      "balanced_accuracy": 0.2517688655062026,
      "precision_macro": 0.24638025066610975,
      "precision_micro": 0.271823267933783,
      "precision_weighted": 0.2689006261717869,
      "recall_macro": 0.2517688655062026,
      "recall_micro": 0.271823267933783,
      "recall_weighted": 0.271823267933783,
      "f1_macro": 0.22443258209380285,
      "f1_micro": 0.271823267933783,
      "f1_weighted": 0.24892999253533357,
      "confusion_matrix": [
        [
          5939,
          1213,
          834,
          3062,
          7198
        ],
        [
          7893,
          4195,
          2365,
          10099,
          16874
        ],
        [
          6150,
          2753,
          2378,
          7055,
          15265
        ],
        [
          10977,
          4658,
          2389,
          14258,
          24412
        ],
        [
          9078,
          4239,
          3197,
          12309,
          29978
        ]
      ]
    }
  },
  "test_metrics": {
    "classification": {
      "labels": [
        0,
        1,
        2,
        3,
        4
      ],
      "accuracy": 0.2735939735336195,
      "balanced_accuracy": 0.2529508102630545,
      "precision_macro": 0.2472014529735392,
      "precision_micro": 0.2735939735336195,
      "precision_weighted": 0.26922869223755946,
      "recall_macro": 0.2529508102630545,
      "recall_micro": 0.2735939735336195,
      "recall_weighted": 0.2735939735336195,
      "f1_macro": 0.2262815388502067,
      "f1_micro": 0.2735939735336195,
      "f1_weighted": 0.2506962932656624,
      "confusion_matrix": [
        [
          2669,
          513,
          390,
          1353,
          3158
        ],
        [
          3348,
          1818,
          987,
          4334,
          7269
        ],
        [
          2646,
          1086,
          988,
          3129,
          6315
        ],
        [
          4720,
          2009,
          1031,
          6153,
          10244
        ],
        [
          3876,
          1860,
          1398,
          5327,
          12851
        ]
      ]
    }
  },
  "run_timestamp": "20251226_195835_185471",
  "params_hash": "5c8b1f64be7a0c7d30d189a6c3cc420aa83838ebc4ad621faeaebc9252d5e5ca"
}