{
  "best_epoch": 0,
  "best_val_loss": null,
  "total_seconds": 0.010721536003984511,
  "epochs": [],
  "train_metrics": {
    "classification": {
      "labels": [
        0,
        1,
        2,
        3,
        4
      ],
      "accuracy": 0.3236607142857143,
      "balanced_accuracy": 0.26441078322909356,
      "precision_macro": 0.2796217355196922,
      "precision_micro": 0.3236607142857143,
      "precision_weighted": 0.3078392892907449,
      "recall_macro": 0.26441078322909356,
      "recall_micro": 0.3236607142857143,
      "recall_weighted": 0.3236607142857143,
      "f1_macro": 0.23275340395377625,
      "f1_micro": 0.3236607142857143,
      "f1_weighted": 0.28032783026309105,
      "confusion_matrix": [
        [
          393,
          83,
          4,
          544,
          136
        ],
        [
          477,
          363,
          25,
          1591,
          344
        ],
        [
          331,
          210,
          36,
          946,
          236
        ],
        [
          661,
          375,
          58,
          2951,
          593
        ],
        [
          320,
          269,
          22,
          1865,
          607
        ]
      ]
    }
  },
  "test_metrics": {
    "classification": {
      "labels": [
        0,
        1,
        2,
        3,
        4
      ],
      "accuracy": 0.32274305555555555,
      "balanced_accuracy": 0.2609340627594627,
      "precision_macro": 0.27241898824293226,
      "precision_micro": 0.32274305555555555,
      "precision_weighted": 0.304309797310115,
      "recall_macro": 0.2609340627594627,
      "recall_micro": 0.32274305555555555,
      "recall_weighted": 0.32274305555555555,
      "f1_macro": 0.22853881954019922,
      "f1_micro": 0.32274305555555555,
      "f1_weighted": 0.2794168347360585,
      "confusion_matrix": [
        [
          165,
          27,
          6,
          237,
          55
        ],
        [
          204,
          148,
          7,
          709,
          122
        ],
        [
          177,
          81,
          13,
          386,
          89
        ],
        [
          272,
          175,
          16,
          1279,
          280
        ],
        [
          146,
          122,
          15,
          775,
          254
        ]
      ]
    }
  },
  "run_timestamp": "20251208_141523_220607",
  "params_hash": "3ddb9a686423e6562115b44f33485218a12c0d543c563e65db8d0e2dee30e851"
}