{
  "best_epoch": 0,
  "best_val_loss": null,
  "total_seconds": 3.8057875850063283,
  "epochs": [],
  "train_metrics": {
    "classification": {
      "labels": [
        0,
        1,
        2,
        3,
        4
      ],
      "accuracy": 0.2969372700797057,
      "balanced_accuracy": 0.2922090783969544,
      "precision_macro": 0.2843521896217248,
      "precision_micro": 0.2969372700797057,
      "precision_weighted": 0.3080745457286556,
      "recall_macro": 0.2922090783969544,
      "recall_micro": 0.2969372700797057,
      "recall_weighted": 0.2969372700797057,
      "f1_macro": 0.2816073290595849,
      "f1_micro": 0.2969372700797057,
      "f1_weighted": 0.2987426920045576,
      "confusion_matrix": [
        [
          6039,
          2871,
          2242,
          3306,
          3788
        ],
        [
          7457,
          9712,
          4931,
          8591,
          10735
        ],
        [
          5478,
          4382,
          7742,
          7030,
          8969
        ],
        [
          8649,
          7964,
          7264,
          16613,
          16204
        ],
        [
          8351,
          7535,
          7539,
          13491,
          21885
        ]
      ]
    }
  },
  "test_metrics": {
    "classification": {
      "labels": [
        0,
        1,
        2,
        3,
        4
      ],
      "accuracy": 0.296629113018598,
      "balanced_accuracy": 0.290536980232117,
      "precision_macro": 0.2832052084738791,
      "precision_micro": 0.296629113018598,
      "precision_weighted": 0.3068076535765307,
      "recall_macro": 0.290536980232117,
      "recall_micro": 0.296629113018598,
      "recall_weighted": 0.296629113018598,
      "f1_macro": 0.2807934817391482,
      "f1_micro": 0.296629113018598,
      "f1_weighted": 0.2982368583531782,
      "confusion_matrix": [
        [
          2638,
          1278,
          1078,
          1432,
          1657
        ],
        [
          3161,
          4135,
          2082,
          3796,
          4582
        ],
        [
          2357,
          1867,
          3185,
          3016,
          3739
        ],
        [
          3722,
          3429,
          3024,
          7132,
          6850
        ],
        [
          3547,
          3204,
          3260,
          5851,
          9450
        ]
      ]
    }
  },
  "run_timestamp": "20251227_011814_163761",
  "params_hash": "9eaea3877f7b4f55369698b70a258d9724a085ed0560d3ce9c7623ee5cc501e2"
}