{
  "best_epoch": 0,
  "best_val_loss": null,
  "total_seconds": 6.482347290002508,
  "epochs": [],
  "train_metrics": {
    "classification": {
      "labels": [
        0,
        1,
        2,
        3,
        4
      ],
      "accuracy": 0.3489375766400981,
      "balanced_accuracy": 0.33463281239898873,
      "precision_macro": 0.31981017340561646,
      "precision_micro": 0.3489375766400981,
      "precision_weighted": 0.3558725034649112,
      "recall_macro": 0.33463281239898873,
      "recall_micro": 0.3489375766400981,
      "recall_weighted": 0.3489375766400981,
      "f1_macro": 0.3158837191845043,
      "f1_micro": 0.3489375766400981,
      "f1_weighted": 0.34605481595926335,
      "confusion_matrix": [
        [
          8098,
          2438,
          792,
          3205,
          3327
        ],
        [
          6745,
          9961,
          4435,
          14071,
          8101
        ],
        [
          4804,
          3945,
          4837,
          8871,
          4820
        ],
        [
          9019,
          8882,
          6750,
          32658,
          15436
        ],
        [
          8314,
          4331,
          2818,
          14817,
          17293
        ]
      ]
    }
  },
  "test_metrics": {
    "classification": {
      "labels": [
        0,
        1,
        2,
        3,
        4
      ],
      "accuracy": 0.34575062589413447,
      "balanced_accuracy": 0.3323206902305583,
      "precision_macro": 0.31799696347195094,
      "precision_micro": 0.34575062589413447,
      "precision_weighted": 0.3514750335648113,
      "recall_macro": 0.3323206902305583,
      "recall_micro": 0.34575062589413447,
      "recall_weighted": 0.34575062589413447,
      "f1_macro": 0.3145717612427175,
      "f1_micro": 0.34575062589413447,
      "f1_weighted": 0.3425737645100325,
      "confusion_matrix": [
        [
          3487,
          1058,
          326,
          1471,
          1428
        ],
        [
          2875,
          4225,
          1936,
          6082,
          3547
        ],
        [
          1945,
          1769,
          2137,
          3717,
          2066
        ],
        [
          3687,
          3805,
          2879,
          13716,
          6620
        ],
        [
          3641,
          1894,
          1280,
          6511,
          7370
        ]
      ]
    }
  },
  "run_timestamp": "20251227_012218_961835",
  "params_hash": "1186bb5803ad6f1b89136079b52ea6b47a4a574f599881680d24ccb8bfa144a9"
}