{
  "best_epoch": 0,
  "best_val_loss": null,
  "total_seconds": 70.47250005300157,
  "epochs": [],
  "train_metrics": {
    "classification": {
      "labels": [
        0,
        1,
        2,
        3,
        4,
        5,
        6,
        7,
        8
      ],
      "accuracy": 0.23930391630901288,
      "balanced_accuracy": 0.27999307682808233,
      "precision_macro": 0.24107992760781086,
      "precision_micro": 0.23930391630901288,
      "precision_weighted": 0.26889598034150247,
      "recall_macro": 0.27999307682808233,
      "recall_micro": 0.23930391630901288,
      "recall_weighted": 0.23930391630901288,
      "f1_macro": 0.23277266164631324,
      "f1_micro": 0.23930391630901288,
      "f1_weighted": 0.2362338408091802,
      "confusion_matrix": [
        [
          3498,
          1748,
          396,
          962,
          467,
          491,
          350,
          590,
          2057
        ],
        [
          1342,
          5466,
          845,
          993,
          587,
          894,
          1367,
          1061,
          1812
        ],
        [
          2415,
          3573,
          2557,
          2924,
          2140,
          2665,
          2898,
          1217,
          2905
        ],
        [
          2552,
          2930,
          1769,
          5936,
          3770,
          4257,
          2287,
          1602,
          3656
        ],
        [
          4527,
          3258,
          1786,
          3568,
          8301,
          3372,
          3483,
          2391,
          5449
        ],
        [
          2603,
          2535,
          1103,
          2455,
          2065,
          6107,
          1973,
          1365,
          2695
        ],
        [
          3771,
          5176,
          2036,
          3098,
          4654,
          4273,
          8686,
          3081,
          5684
        ],
        [
          2716,
          2418,
          999,
          1848,
          2422,
          1801,
          3274,
          3550,
          3911
        ],
        [
          708,
          453,
          159,
          407,
          520,
          232,
          309,
          709,
          5858
        ]
      ]
    }
  },
  "test_metrics": {
    "classification": {
      "labels": [
        0,
        1,
        2,
        3,
        4,
        5,
        6,
        7,
        8
      ],
      "accuracy": 0.2387115522174535,
      "balanced_accuracy": 0.2785637000017423,
      "precision_macro": 0.24079930094915675,
      "precision_micro": 0.2387115522174535,
      "precision_weighted": 0.2686138299317656,
      "recall_macro": 0.2785637000017423,
      "recall_micro": 0.2387115522174535,
      "recall_weighted": 0.2387115522174535,
      "f1_macro": 0.23171985871623235,
      "f1_micro": 0.2387115522174535,
      "f1_weighted": 0.23581963303380837,
      "confusion_matrix": [
        [
          1498,
          734,
          196,
          445,
          218,
          218,
          138,
          244,
          895
        ],
        [
          585,
          2398,
          351,
          422,
          272,
          406,
          635,
          476,
          825
        ],
        [
          998,
          1632,
          1097,
          1290,
          881,
          1143,
          1192,
          528,
          1264
        ],
        [
          1141,
          1284,
          740,
          2390,
          1496,
          1870,
          979,
          616,
          1500
        ],
        [
          2008,
          1433,
          680,
          1568,
          3544,
          1375,
          1497,
          989,
          2264
        ],
        [
          1100,
          1087,
          469,
          1115,
          902,
          2589,
          932,
          575,
          1183
        ],
        [
          1622,
          2173,
          817,
          1254,
          1986,
          1860,
          3864,
          1321,
          2428
        ],
        [
          1115,
          1061,
          415,
          822,
          1046,
          764,
          1440,
          1505,
          1746
        ],
        [
          295,
          171,
          67,
          151,
          225,
          123,
          119,
          302,
          2473
        ]
      ]
    }
  },
  "run_timestamp": "20251226_200905_285607",
  "params_hash": "8963c13ac4168311ffb2f25bffe436d3f1d35b3fc7c5a2c90631644f17d97d3f"
}