{
  "best_epoch": 0,
  "best_val_loss": null,
  "total_seconds": 0.03612064500339329,
  "epochs": [],
  "train_metrics": {
    "classification": {
      "labels": [
        0,
        1,
        2,
        3,
        4,
        5,
        6,
        7,
        8
      ],
      "accuracy": 0.14300595238095237,
      "balanced_accuracy": 0.17121519534353155,
      "precision_macro": 0.15104119458998527,
      "precision_micro": 0.14300595238095237,
      "precision_weighted": 0.1735806644993064,
      "recall_macro": 0.17121519534353155,
      "recall_micro": 0.14300595238095237,
      "recall_weighted": 0.14300595238095237,
      "f1_macro": 0.11309893257187577,
      "f1_micro": 0.14300595238095237,
      "f1_weighted": 0.12314523029449577,
      "confusion_matrix": [
        [
          91,
          161,
          4,
          9,
          42,
          28,
          113,
          1,
          258
        ],
        [
          65,
          254,
          15,
          27,
          46,
          15,
          200,
          3,
          314
        ],
        [
          71,
          278,
          17,
          49,
          93,
          99,
          351,
          2,
          538
        ],
        [
          131,
          256,
          28,
          101,
          173,
          98,
          359,
          3,
          675
        ],
        [
          199,
          331,
          32,
          89,
          210,
          123,
          471,
          2,
          856
        ],
        [
          103,
          195,
          11,
          77,
          145,
          110,
          284,
          3,
          549
        ],
        [
          237,
          405,
          36,
          92,
          227,
          143,
          749,
          3,
          696
        ],
        [
          131,
          232,
          18,
          39,
          125,
          54,
          308,
          4,
          558
        ],
        [
          64,
          59,
          4,
          11,
          42,
          14,
          41,
          4,
          386
        ]
      ]
    }
  },
  "test_metrics": {
    "classification": {
      "labels": [
        0,
        1,
        2,
        3,
        4,
        5,
        6,
        7,
        8
      ],
      "accuracy": 0.13246527777777778,
      "balanced_accuracy": 0.16993563896801542,
      "precision_macro": 0.11734243181151759,
      "precision_micro": 0.13246527777777778,
      "precision_weighted": 0.1394897186623521,
      "recall_macro": 0.16993563896801542,
      "recall_micro": 0.13246527777777778,
      "recall_weighted": 0.13246527777777778,
      "f1_macro": 0.10262029527388036,
      "f1_micro": 0.13246527777777778,
      "f1_weighted": 0.11098569729612241,
      "confusion_matrix": [
        [
          39,
          52,
          1,
          4,
          21,
          9,
          47,
          1,
          94
        ],
        [
          28,
          112,
          6,
          11,
          16,
          1,
          100,
          1,
          121
        ],
        [
          35,
          111,
          3,
          27,
          52,
          37,
          154,
          2,
          226
        ],
        [
          56,
          120,
          19,
          32,
          79,
          44,
          174,
          2,
          275
        ],
        [
          91,
          171,
          6,
          26,
          94,
          38,
          205,
          2,
          369
        ],
        [
          54,
          100,
          7,
          30,
          73,
          34,
          137,
          0,
          203
        ],
        [
          101,
          200,
          20,
          24,
          104,
          53,
          301,
          2,
          327
        ],
        [
          58,
          124,
          3,
          16,
          57,
          29,
          113,
          0,
          246
        ],
        [
          19,
          21,
          1,
          5,
          14,
          4,
          16,
          2,
          148
        ]
      ]
    }
  },
  "run_timestamp": "20251208_102223_117916",
  "params_hash": "b8243d19131b3e7384e3879760b66f0a58e8cd48cde8896d433fd9382b7723f8"
}