{
  "best_epoch": 0,
  "best_val_loss": null,
  "total_seconds": 0.00894455700472463,
  "epochs": [],
  "train_metrics": {
    "classification": {
      "labels": [
        0,
        1,
        2,
        3,
        4
      ],
      "accuracy": 0.27589285714285716,
      "balanced_accuracy": 0.23736141286704182,
      "precision_macro": 0.2639176685129068,
      "precision_micro": 0.27589285714285716,
      "precision_weighted": 0.2757394929519873,
      "recall_macro": 0.23736141286704182,
      "recall_micro": 0.27589285714285716,
      "recall_weighted": 0.27589285714285716,
      "f1_macro": 0.18498938198347675,
      "f1_micro": 0.27589285714285716,
      "f1_weighted": 0.2176705325198353,
      "confusion_matrix": [
        [
          340,
          9,
          1,
          287,
          568
        ],
        [
          516,
          23,
          3,
          728,
          1389
        ],
        [
          332,
          41,
          6,
          615,
          1144
        ],
        [
          623,
          53,
          2,
          1148,
          1828
        ],
        [
          440,
          42,
          2,
          1109,
          2191
        ]
      ]
    }
  },
  "test_metrics": {
    "classification": {
      "labels": [
        0,
        1,
        2,
        3,
        4
      ],
      "accuracy": 0.28072916666666664,
      "balanced_accuracy": 0.24935323055455413,
      "precision_macro": 0.2621080545607163,
      "precision_micro": 0.28072916666666664,
      "precision_weighted": 0.2779247877254235,
      "recall_macro": 0.24935323055455413,
      "recall_micro": 0.28072916666666664,
      "recall_weighted": 0.28072916666666664,
      "f1_macro": 0.19287222988360703,
      "f1_micro": 0.28072916666666664,
      "f1_weighted": 0.222804652961501,
      "confusion_matrix": [
        [
          164,
          4,
          0,
          117,
          205
        ],
        [
          224,
          18,
          2,
          307,
          600
        ],
        [
          164,
          17,
          3,
          285,
          468
        ],
        [
          270,
          26,
          2,
          482,
          771
        ],
        [
          203,
          22,
          2,
          454,
          950
        ]
      ]
    }
  },
  "run_timestamp": "20251208_141440_151185",
  "params_hash": "b54027b7bee00f8c3047ae32df30ed622859fe7487facbc7fd58e3e9d3233d24"
}