{
  "best_epoch": 0,
  "best_val_loss": null,
  "total_seconds": 3.873145810008282,
  "epochs": [],
  "train_metrics": {
    "classification": {
      "labels": [
        0,
        1,
        2,
        3,
        4
      ],
      "accuracy": 0.2996244635193133,
      "balanced_accuracy": 0.2771178443076165,
      "precision_macro": 0.27383567620934796,
      "precision_micro": 0.2996244635193133,
      "precision_weighted": 0.30116418998528244,
      "recall_macro": 0.2771178443076165,
      "recall_micro": 0.2996244635193133,
      "recall_weighted": 0.2996244635193133,
      "f1_macro": 0.2719368693284835,
      "f1_micro": 0.2996244635193133,
      "f1_weighted": 0.2967984859585411,
      "confusion_matrix": [
        [
          3747,
          3972,
          1979,
          3179,
          5369
        ],
        [
          4959,
          13188,
          4729,
          7302,
          11248
        ],
        [
          3810,
          6794,
          6055,
          6971,
          9971
        ],
        [
          6473,
          11620,
          6869,
          14024,
          17708
        ],
        [
          6130,
          10052,
          6393,
          10688,
          25538
        ]
      ]
    }
  },
  "test_metrics": {
    "classification": {
      "labels": [
        0,
        1,
        2,
        3,
        4
      ],
      "accuracy": 0.2986967989985694,
      "balanced_accuracy": 0.27568076357423255,
      "precision_macro": 0.27281938849237114,
      "precision_micro": 0.2986967989985694,
      "precision_weighted": 0.29971847946164815,
      "recall_macro": 0.27568076357423255,
      "recall_micro": 0.2986967989985694,
      "recall_weighted": 0.2986967989985694,
      "f1_macro": 0.2710937445192341,
      "f1_micro": 0.2986967989985694,
      "f1_weighted": 0.29591701748560506,
      "confusion_matrix": [
        [
          1653,
          1675,
          909,
          1410,
          2436
        ],
        [
          2136,
          5557,
          2113,
          3182,
          4768
        ],
        [
          1650,
          2825,
          2526,
          2912,
          4251
        ],
        [
          2732,
          4935,
          2833,
          6042,
          7615
        ],
        [
          2615,
          4347,
          2815,
          4588,
          10947
        ]
      ]
    }
  },
  "run_timestamp": "20251226_201928_441950",
  "params_hash": "653225d33e12e41687826dc21fc4a43e8496d3f273604ffb06e8720fcaab502b"
}