{
  "best_epoch": 0,
  "best_val_loss": null,
  "total_seconds": 6.336163828993449,
  "epochs": [],
  "train_metrics": {
    "classification": {
      "labels": [
        0,
        1,
        2,
        3,
        4,
        5,
        6,
        7,
        8
      ],
      "accuracy": 0.1789546290619252,
      "balanced_accuracy": 0.20641862789149126,
      "precision_macro": 0.18163054022799152,
      "precision_micro": 0.1789546290619252,
      "precision_weighted": 0.20613160744510312,
      "recall_macro": 0.20641862789149126,
      "recall_micro": 0.1789546290619252,
      "recall_weighted": 0.1789546290619252,
      "f1_macro": 0.17139488773916992,
      "f1_micro": 0.1789546290619252,
      "f1_weighted": 0.17904122207472134,
      "confusion_matrix": [
        [
          2401,
          1280,
          462,
          1280,
          970,
          436,
          757,
          459,
          2514
        ],
        [
          1281,
          2852,
          1300,
          1330,
          1470,
          590,
          1750,
          1123,
          2671
        ],
        [
          2348,
          3047,
          2315,
          3397,
          1984,
          2293,
          2615,
          1471,
          3824
        ],
        [
          2841,
          2624,
          2088,
          5328,
          3172,
          2866,
          3084,
          1912,
          4844
        ],
        [
          4309,
          3892,
          2180,
          3904,
          5033,
          2772,
          4800,
          2340,
          6905
        ],
        [
          2188,
          2335,
          1768,
          2972,
          1889,
          3265,
          2748,
          1196,
          4540
        ],
        [
          3834,
          4114,
          2488,
          4112,
          4069,
          2982,
          8351,
          2881,
          7628
        ],
        [
          2663,
          2442,
          1386,
          2274,
          1874,
          1133,
          3792,
          2787,
          4588
        ],
        [
          403,
          492,
          251,
          457,
          614,
          500,
          813,
          797,
          5028
        ]
      ]
    }
  },
  "test_metrics": {
    "classification": {
      "labels": [
        0,
        1,
        2,
        3,
        4,
        5,
        6,
        7,
        8
      ],
      "accuracy": 0.17732922031473533,
      "balanced_accuracy": 0.20524482041997205,
      "precision_macro": 0.17951343675401032,
      "precision_micro": 0.17732922031473533,
      "precision_weighted": 0.2034474090125476,
      "recall_macro": 0.20524482041997205,
      "recall_micro": 0.17732922031473533,
      "recall_weighted": 0.17732922031473533,
      "f1_macro": 0.16947112028927347,
      "f1_micro": 0.17732922031473533,
      "f1_weighted": 0.17690190028281313,
      "confusion_matrix": [
        [
          1014,
          511,
          182,
          562,
          428,
          177,
          359,
          204,
          1149
        ],
        [
          589,
          1280,
          545,
          608,
          651,
          297,
          783,
          472,
          1145
        ],
        [
          985,
          1363,
          970,
          1484,
          818,
          1034,
          1129,
          626,
          1616
        ],
        [
          1272,
          1125,
          898,
          2212,
          1203,
          1221,
          1300,
          721,
          2064
        ],
        [
          1846,
          1636,
          917,
          1674,
          2075,
          1140,
          2063,
          1085,
          2922
        ],
        [
          943,
          1027,
          768,
          1315,
          877,
          1399,
          1206,
          479,
          1938
        ],
        [
          1563,
          1778,
          1081,
          1792,
          1704,
          1189,
          3663,
          1285,
          3270
        ],
        [
          1131,
          1120,
          618,
          974,
          821,
          508,
          1646,
          1114,
          1982
        ],
        [
          167,
          214,
          99,
          193,
          258,
          202,
          338,
          316,
          2139
        ]
      ]
    }
  },
  "run_timestamp": "20251226_201921_611637",
  "params_hash": "5557c0fb0058320340a1a03991baa6a2b47a8ba8970d535a461255aa58c733e5"
}