{
  "best_epoch": 0,
  "best_val_loss": null,
  "total_seconds": 0.013739210000494495,
  "epochs": [],
  "train_metrics": {
    "classification": {
      "labels": [
        0,
        1,
        2,
        3,
        4,
        5,
        6,
        7,
        8
      ],
      "accuracy": 0.15042162698412698,
      "balanced_accuracy": 0.14676316962215258,
      "precision_macro": 0.12243139524413434,
      "precision_micro": 0.15042162698412698,
      "precision_weighted": 0.14260417224974978,
      "recall_macro": 0.14676316962215258,
      "recall_micro": 0.15042162698412698,
      "recall_weighted": 0.15042162698412698,
      "f1_macro": 0.11964019954748764,
      "f1_micro": 0.15042162698412698,
      "f1_weighted": 0.13531835862854266,
      "confusion_matrix": [
        [
          44,
          104,
          0,
          67,
          72,
          21,
          93,
          4,
          21
        ],
        [
          37,
          184,
          0,
          89,
          69,
          17,
          102,
          8,
          53
        ],
        [
          54,
          185,
          0,
          153,
          109,
          45,
          210,
          22,
          96
        ],
        [
          107,
          220,
          0,
          213,
          101,
          63,
          268,
          38,
          104
        ],
        [
          110,
          301,
          0,
          190,
          208,
          39,
          286,
          50,
          181
        ],
        [
          55,
          180,
          0,
          136,
          103,
          38,
          268,
          27,
          61
        ],
        [
          81,
          272,
          0,
          251,
          218,
          63,
          417,
          65,
          222
        ],
        [
          62,
          140,
          0,
          144,
          112,
          43,
          238,
          40,
          136
        ],
        [
          19,
          64,
          0,
          50,
          52,
          7,
          81,
          12,
          69
        ]
      ]
    }
  },
  "test_metrics": {
    "classification": {
      "labels": [
        0,
        1,
        2,
        3,
        4,
        5,
        6,
        7,
        8
      ],
      "accuracy": 0.13917824074074073,
      "balanced_accuracy": 0.1331597768908982,
      "precision_macro": 0.10608425730343975,
      "precision_micro": 0.13917824074074073,
      "precision_weighted": 0.12696087736604345,
      "recall_macro": 0.1331597768908982,
      "recall_micro": 0.13917824074074073,
      "recall_weighted": 0.13917824074074073,
      "f1_macro": 0.10607158117431618,
      "f1_micro": 0.13917824074074073,
      "f1_weighted": 0.12265320548127134,
      "confusion_matrix": [
        [
          9,
          47,
          0,
          26,
          31,
          6,
          32,
          7,
          6
        ],
        [
          20,
          82,
          0,
          35,
          28,
          7,
          49,
          1,
          21
        ],
        [
          34,
          91,
          0,
          63,
          41,
          18,
          94,
          10,
          49
        ],
        [
          36,
          102,
          0,
          87,
          50,
          15,
          110,
          18,
          46
        ],
        [
          52,
          136,
          0,
          89,
          86,
          23,
          122,
          19,
          88
        ],
        [
          18,
          76,
          0,
          77,
          42,
          11,
          106,
          19,
          22
        ],
        [
          26,
          125,
          0,
          99,
          94,
          23,
          168,
          24,
          88
        ],
        [
          20,
          60,
          0,
          64,
          50,
          18,
          104,
          12,
          60
        ],
        [
          12,
          26,
          0,
          34,
          16,
          3,
          37,
          10,
          26
        ]
      ]
    }
  },
  "run_timestamp": "20251223_191536_313310",
  "params_hash": "9dac63801398295575b9b4aa4492e5098ebb0ce78fc51dcab76099184370777f"
}