{
  "best_epoch": 0,
  "best_val_loss": null,
  "total_seconds": 0.009389270009705797,
  "epochs": [],
  "train_metrics": {
    "classification": {
      "labels": [
        0,
        1,
        2,
        3,
        4
      ],
      "accuracy": 0.2486607142857143,
      "balanced_accuracy": 0.24529428478054252,
      "precision_macro": 0.26025202919665397,
      "precision_micro": 0.2486607142857143,
      "precision_weighted": 0.2747929582061139,
      "recall_macro": 0.24529428478054252,
      "recall_micro": 0.2486607142857143,
      "recall_weighted": 0.2486607142857143,
      "f1_macro": 0.20348127540491934,
      "f1_micro": 0.2486607142857143,
      "f1_weighted": 0.22102292697689327,
      "confusion_matrix": [
        [
          448,
          236,
          4,
          159,
          358
        ],
        [
          641,
          737,
          8,
          288,
          985
        ],
        [
          461,
          558,
          14,
          279,
          826
        ],
        [
          783,
          712,
          9,
          493,
          1657
        ],
        [
          639,
          998,
          7,
          490,
          1650
        ]
      ]
    }
  },
  "test_metrics": {
    "classification": {
      "labels": [
        0,
        1,
        2,
        3,
        4
      ],
      "accuracy": 0.25104166666666666,
      "balanced_accuracy": 0.2558059406436989,
      "precision_macro": 0.2699960553237686,
      "precision_micro": 0.25104166666666666,
      "precision_weighted": 0.2803808497710802,
      "recall_macro": 0.2558059406436989,
      "recall_micro": 0.25104166666666666,
      "recall_weighted": 0.25104166666666666,
      "f1_macro": 0.2088053631976275,
      "f1_micro": 0.25104166666666666,
      "f1_weighted": 0.22223779865270352,
      "confusion_matrix": [
        [
          204,
          95,
          0,
          66,
          125
        ],
        [
          252,
          357,
          3,
          124,
          415
        ],
        [
          209,
          244,
          8,
          114,
          362
        ],
        [
          322,
          356,
          6,
          199,
          668
        ],
        [
          264,
          435,
          4,
          250,
          678
        ]
      ]
    }
  },
  "run_timestamp": "20251208_141532_891517",
  "params_hash": "186f2c56928b0865ea46ac3235d462f8ea49f7d38cffe9ecf94ab4e66c5ab7ad"
}