{
  "best_epoch": 0,
  "best_val_loss": null,
  "total_seconds": 0.042837262008106336,
  "epochs": [],
  "train_metrics": {
    "classification": {
      "labels": [
        0,
        1,
        2,
        3,
        4,
        5,
        6,
        7,
        8
      ],
      "accuracy": 0.1578125,
      "balanced_accuracy": 0.18965294757181156,
      "precision_macro": 0.16474688542084162,
      "precision_micro": 0.1578125,
      "precision_weighted": 0.19666605647977203,
      "recall_macro": 0.18965294757181156,
      "recall_micro": 0.1578125,
      "recall_weighted": 0.1578125,
      "f1_macro": 0.14670348613605075,
      "f1_micro": 0.1578125,
      "f1_weighted": 0.15435476365182205,
      "confusion_matrix": [
        [
          297,
          63,
          24,
          45,
          34,
          103,
          30,
          41,
          98
        ],
        [
          183,
          146,
          35,
          73,
          37,
          117,
          28,
          87,
          123
        ],
        [
          285,
          227,
          83,
          180,
          98,
          253,
          90,
          174,
          263
        ],
        [
          229,
          155,
          66,
          367,
          121,
          279,
          80,
          154,
          226
        ],
        [
          406,
          169,
          74,
          267,
          154,
          339,
          94,
          195,
          334
        ],
        [
          309,
          200,
          91,
          420,
          131,
          562,
          191,
          304,
          435
        ],
        [
          288,
          253,
          96,
          282,
          150,
          473,
          257,
          201,
          476
        ],
        [
          98,
          74,
          43,
          73,
          63,
          251,
          74,
          111,
          200
        ],
        [
          42,
          32,
          8,
          30,
          15,
          71,
          34,
          32,
          144
        ]
      ]
    }
  },
  "test_metrics": {
    "classification": {
      "labels": [
        0,
        1,
        2,
        3,
        4,
        5,
        6,
        7,
        8
      ],
      "accuracy": 0.1638888888888889,
      "balanced_accuracy": 0.19631210104863525,
      "precision_macro": 0.17175108020876836,
      "precision_micro": 0.1638888888888889,
      "precision_weighted": 0.2098012578362611,
      "recall_macro": 0.19631210104863525,
      "recall_micro": 0.1638888888888889,
      "recall_weighted": 0.1638888888888889,
      "f1_macro": 0.15036877824974917,
      "f1_micro": 0.1638888888888889,
      "f1_weighted": 0.16233642842919044,
      "confusion_matrix": [
        [
          124,
          23,
          7,
          23,
          19,
          37,
          11,
          18,
          38
        ],
        [
          87,
          56,
          21,
          30,
          15,
          46,
          17,
          32,
          37
        ],
        [
          105,
          102,
          40,
          71,
          48,
          127,
          30,
          91,
          88
        ],
        [
          105,
          71,
          18,
          161,
          60,
          111,
          38,
          67,
          92
        ],
        [
          175,
          76,
          28,
          115,
          89,
          123,
          57,
          81,
          164
        ],
        [
          124,
          96,
          29,
          178,
          49,
          270,
          92,
          121,
          178
        ],
        [
          154,
          120,
          42,
          112,
          52,
          215,
          102,
          82,
          215
        ],
        [
          28,
          36,
          14,
          31,
          30,
          84,
          33,
          41,
          96
        ],
        [
          21,
          13,
          4,
          7,
          4,
          24,
          17,
          11,
          61
        ]
      ]
    }
  },
  "run_timestamp": "20251208_103508_427923",
  "params_hash": "0f4fc9600ca760e4ad972bd3ac25011ea8ac07fe6e63fbb76831421eb74d70c6"
}