{
  "best_epoch": 0,
  "best_val_loss": null,
  "total_seconds": 9.089736262016231,
  "epochs": [],
  "train_metrics": {
    "classification": {
      "labels": [
        0,
        1,
        2,
        3,
        4
      ],
      "accuracy": 0.33697693133047213,
      "balanced_accuracy": 0.3375602797402409,
      "precision_macro": 0.3134550025648349,
      "precision_micro": 0.33697693133047213,
      "precision_weighted": 0.3483356462563887,
      "recall_macro": 0.3375602797402409,
      "recall_micro": 0.33697693133047213,
      "recall_weighted": 0.33697693133047213,
      "f1_macro": 0.310977816759341,
      "f1_micro": 0.33697693133047213,
      "f1_weighted": 0.3352127484668025,
      "confusion_matrix": [
        [
          9328,
          2015,
          761,
          2321,
          3435
        ],
        [
          7228,
          9359,
          4298,
          14101,
          8327
        ],
        [
          5014,
          4029,
          5349,
          9029,
          3856
        ],
        [
          10706,
          9626,
          8101,
          30273,
          14039
        ],
        [
          9944,
          5315,
          3109,
          13164,
          16041
        ]
      ]
    }
  },
  "test_metrics": {
    "classification": {
      "labels": [
        0,
        1,
        2,
        3,
        4
      ],
      "accuracy": 0.33494277539341916,
      "balanced_accuracy": 0.3334277601220782,
      "precision_macro": 0.31119919238119054,
      "precision_micro": 0.33494277539341916,
      "precision_weighted": 0.34502153170829586,
      "recall_macro": 0.3334277601220782,
      "recall_micro": 0.33494277539341916,
      "recall_weighted": 0.33494277539341916,
      "f1_macro": 0.30837983915703776,
      "f1_micro": 0.33494277539341916,
      "f1_weighted": 0.33268688638194976,
      "confusion_matrix": [
        [
          3955,
          863,
          344,
          1081,
          1527
        ],
        [
          3091,
          3951,
          1765,
          6186,
          3672
        ],
        [
          2123,
          1693,
          2242,
          3871,
          1705
        ],
        [
          4534,
          4021,
          3311,
          12946,
          5895
        ],
        [
          4313,
          2383,
          1452,
          5674,
          6874
        ]
      ]
    }
  },
  "run_timestamp": "20251226_202154_929874",
  "params_hash": "592e422c54b9e51b7dbeeb033cb719eec9679842f5bcfc1d55bcaee7a679a2ab"
}