{
  "best_epoch": 0,
  "best_val_loss": null,
  "total_seconds": 6.691609845001949,
  "epochs": [],
  "train_metrics": {
    "classification": {
      "labels": [
        0,
        1,
        2,
        3,
        4,
        5,
        6,
        7,
        8
      ],
      "accuracy": 0.18510499693439608,
      "balanced_accuracy": 0.2159436145982533,
      "precision_macro": 0.18431261272706767,
      "precision_micro": 0.18510499693439608,
      "precision_weighted": 0.2060977971463804,
      "recall_macro": 0.2159436145982533,
      "recall_micro": 0.18510499693439608,
      "recall_weighted": 0.18510499693439608,
      "f1_macro": 0.17730154281138155,
      "f1_micro": 0.18510499693439608,
      "f1_weighted": 0.18073590926160288,
      "confusion_matrix": [
        [
          2542,
          1989,
          465,
          632,
          880,
          600,
          724,
          658,
          2069
        ],
        [
          1387,
          4849,
          934,
          878,
          980,
          947,
          1761,
          1070,
          1561
        ],
        [
          2637,
          3918,
          1862,
          1857,
          1860,
          2160,
          3766,
          1887,
          3347
        ],
        [
          2473,
          4315,
          1956,
          2886,
          3149,
          3174,
          3673,
          2977,
          4156
        ],
        [
          4114,
          4489,
          1713,
          2358,
          5238,
          3192,
          5536,
          3248,
          6247
        ],
        [
          2021,
          3346,
          1388,
          1641,
          2310,
          3584,
          3191,
          2096,
          3324
        ],
        [
          3168,
          5825,
          2152,
          2823,
          3502,
          4125,
          9234,
          4126,
          5504
        ],
        [
          2656,
          2507,
          947,
          1335,
          1879,
          1617,
          4001,
          3916,
          4081
        ],
        [
          624,
          623,
          320,
          508,
          789,
          311,
          661,
          986,
          4533
        ]
      ]
    }
  },
  "test_metrics": {
    "classification": {
      "labels": [
        0,
        1,
        2,
        3,
        4,
        5,
        6,
        7,
        8
      ],
      "accuracy": 0.1845158261802575,
      "balanced_accuracy": 0.215691389681122,
      "precision_macro": 0.18298776037646747,
      "precision_micro": 0.1845158261802575,
      "precision_weighted": 0.2039440560426852,
      "recall_macro": 0.215691389681122,
      "recall_micro": 0.1845158261802575,
      "recall_weighted": 0.1845158261802575,
      "f1_macro": 0.17662302501025792,
      "f1_micro": 0.1845158261802575,
      "f1_weighted": 0.1797879664829703,
      "confusion_matrix": [
        [
          1082,
          867,
          226,
          302,
          391,
          241,
          279,
          269,
          929
        ],
        [
          615,
          2093,
          402,
          437,
          473,
          457,
          741,
          463,
          689
        ],
        [
          1118,
          1637,
          784,
          820,
          854,
          942,
          1571,
          849,
          1450
        ],
        [
          1070,
          1814,
          804,
          1168,
          1323,
          1322,
          1537,
          1257,
          1721
        ],
        [
          1792,
          1855,
          718,
          1037,
          2215,
          1298,
          2388,
          1397,
          2658
        ],
        [
          914,
          1486,
          612,
          713,
          941,
          1556,
          1399,
          926,
          1405
        ],
        [
          1331,
          2557,
          881,
          1205,
          1495,
          1793,
          3941,
          1766,
          2356
        ],
        [
          1148,
          1050,
          458,
          537,
          820,
          711,
          1791,
          1700,
          1699
        ],
        [
          269,
          226,
          132,
          219,
          290,
          147,
          257,
          416,
          1970
        ]
      ]
    }
  },
  "run_timestamp": "20251227_011806_951727",
  "params_hash": "e68064b98758cafdfe771a0a266c38ea2f348ef8047b1e66c32afa0c9ff97d98"
}