{
  "best_epoch": 0,
  "best_val_loss": null,
  "total_seconds": 2.305788140016375,
  "epochs": [],
  "train_metrics": {
    "classification": {
      "labels": [
        0,
        1,
        2,
        3,
        4
      ],
      "accuracy": 0.3233685239117106,
      "balanced_accuracy": 0.31392715657746956,
      "precision_macro": 0.2915627573506182,
      "precision_micro": 0.3233685239117106,
      "precision_weighted": 0.3290827930262058,
      "recall_macro": 0.31392715657746956,
      "recall_micro": 0.3233685239117106,
      "recall_weighted": 0.3233685239117106,
      "f1_macro": 0.28061417669092026,
      "f1_micro": 0.3233685239117106,
      "f1_weighted": 0.31370609436830527,
      "confusion_matrix": [
        [
          9634,
          1624,
          672,
          3321,
          2609
        ],
        [
          9231,
          8571,
          2918,
          14833,
          7760
        ],
        [
          7133,
          3771,
          2963,
          9867,
          3543
        ],
        [
          12313,
          7992,
          5597,
          34425,
          12418
        ],
        [
          9996,
          5303,
          2329,
          18029,
          11916
        ]
      ]
    }
  },
  "test_metrics": {
    "classification": {
      "labels": [
        0,
        1,
        2,
        3,
        4
      ],
      "accuracy": 0.32283842989985695,
      "balanced_accuracy": 0.31286708158517124,
      "precision_macro": 0.29153860873803344,
      "precision_micro": 0.32283842989985695,
      "precision_weighted": 0.3279339540829934,
      "recall_macro": 0.31286708158517124,
      "recall_micro": 0.32283842989985695,
      "recall_weighted": 0.32283842989985695,
      "f1_macro": 0.2803039465955777,
      "f1_micro": 0.32283842989985695,
      "f1_weighted": 0.3126404254195165,
      "confusion_matrix": [
        [
          4145,
          707,
          293,
          1482,
          1143
        ],
        [
          3995,
          3719,
          1278,
          6346,
          3327
        ],
        [
          3073,
          1616,
          1229,
          4159,
          1557
        ],
        [
          5043,
          3443,
          2260,
          14622,
          5339
        ],
        [
          4421,
          2171,
          1028,
          7906,
          5170
        ]
      ]
    }
  },
  "run_timestamp": "20251227_011710_928785",
  "params_hash": "ac1f9e4b5d817dd561d4b3285b681d72eeb9fecd8b9e9e1c2bb5c41ba8eb840e"
}