{
  "best_epoch": 0,
  "best_val_loss": null,
  "total_seconds": 0.00968507099605631,
  "epochs": [],
  "train_metrics": {
    "classification": {
      "labels": [
        0,
        1,
        2,
        3,
        4
      ],
      "accuracy": 0.31532738095238094,
      "balanced_accuracy": 0.2581984058549146,
      "precision_macro": 0.2758212606697819,
      "precision_micro": 0.31532738095238094,
      "precision_weighted": 0.30848358679494225,
      "recall_macro": 0.2581984058549146,
      "recall_micro": 0.31532738095238094,
      "recall_weighted": 0.31532738095238094,
      "f1_macro": 0.21870013528777096,
      "f1_micro": 0.31532738095238094,
      "f1_weighted": 0.26247302415034396,
      "confusion_matrix": [
        [
          362,
          242,
          40,
          496,
          20
        ],
        [
          480,
          712,
          66,
          1496,
          46
        ],
        [
          339,
          316,
          87,
          984,
          33
        ],
        [
          678,
          753,
          118,
          2969,
          120
        ],
        [
          460,
          565,
          53,
          1897,
          108
        ]
      ]
    }
  },
  "test_metrics": {
    "classification": {
      "labels": [
        0,
        1,
        2,
        3,
        4
      ],
      "accuracy": 0.3137152777777778,
      "balanced_accuracy": 0.25494266354034767,
      "precision_macro": 0.2748258361892934,
      "precision_micro": 0.3137152777777778,
      "precision_weighted": 0.31538486378345015,
      "recall_macro": 0.25494266354034767,
      "recall_micro": 0.3137152777777778,
      "recall_weighted": 0.3137152777777778,
      "f1_macro": 0.21594563154209118,
      "f1_micro": 0.3137152777777778,
      "f1_weighted": 0.2637137212694333,
      "confusion_matrix": [
        [
          156,
          106,
          16,
          205,
          7
        ],
        [
          176,
          287,
          34,
          666,
          27
        ],
        [
          184,
          131,
          29,
          393,
          9
        ],
        [
          293,
          354,
          53,
          1275,
          47
        ],
        [
          203,
          249,
          29,
          771,
          60
        ]
      ]
    }
  },
  "run_timestamp": "20251208_141630_246771",
  "params_hash": "03e2825b854c8b8cb5be9fa13d062abdfeb796037c1d93bc2da59e3b41c743e2"
}