{
  "best_epoch": 0,
  "best_val_loss": null,
  "total_seconds": 3.314654342997528,
  "epochs": [],
  "train_metrics": {
    "classification": {
      "labels": [
        0,
        1,
        2,
        3,
        4,
        5,
        6,
        7,
        8
      ],
      "accuracy": 0.22050256996002285,
      "balanced_accuracy": 0.14409079931615723,
      "precision_macro": 0.20297359266938014,
      "precision_micro": 0.22050256996002285,
      "precision_weighted": 0.21097108975022846,
      "recall_macro": 0.14409079931615723,
      "recall_micro": 0.22050256996002285,
      "recall_weighted": 0.22050256996002285,
      "f1_macro": 0.11498584970802611,
      "f1_micro": 0.22050256996002285,
      "f1_weighted": 0.16022460327491805,
      "confusion_matrix": [
        [
          0,
          11,
          5,
          71,
          303,
          23,
          476,
          3,
          4
        ],
        [
          0,
          36,
          9,
          70,
          332,
          32,
          699,
          12,
          0
        ],
        [
          0,
          4,
          31,
          227,
          535,
          91,
          1026,
          25,
          2
        ],
        [
          0,
          9,
          25,
          355,
          712,
          96,
          1178,
          14,
          2
        ],
        [
          0,
          29,
          22,
          260,
          1141,
          112,
          1403,
          27,
          2
        ],
        [
          1,
          10,
          16,
          225,
          498,
          163,
          1025,
          16,
          5
        ],
        [
          0,
          19,
          33,
          282,
          875,
          104,
          2092,
          19,
          3
        ],
        [
          1,
          12,
          15,
          171,
          583,
          66,
          1044,
          36,
          2
        ],
        [
          0,
          1,
          2,
          65,
          305,
          7,
          378,
          15,
          7
        ]
      ]
    }
  },
  "test_metrics": {
    "classification": {
      "labels": [
        0,
        1,
        2,
        3,
        4,
        5,
        6,
        7,
        8
      ],
      "accuracy": 0.21219735038830517,
      "balanced_accuracy": 0.13448054379412533,
      "precision_macro": 0.13731088017914725,
      "precision_micro": 0.21219735038830517,
      "precision_weighted": 0.1698080052581358,
      "recall_macro": 0.13448054379412533,
      "recall_micro": 0.21219735038830517,
      "recall_weighted": 0.21219735038830517,
      "f1_macro": 0.10191624708596729,
      "f1_micro": 0.21219735038830517,
      "f1_weighted": 0.14964386965757265,
      "confusion_matrix": [
        [
          0,
          3,
          1,
          18,
          71,
          4,
          132,
          1,
          0
        ],
        [
          0,
          2,
          1,
          16,
          96,
          11,
          166,
          4,
          0
        ],
        [
          0,
          5,
          10,
          52,
          141,
          15,
          247,
          7,
          0
        ],
        [
          1,
          1,
          8,
          85,
          169,
          24,
          248,
          7,
          0
        ],
        [
          0,
          6,
          7,
          56,
          296,
          41,
          360,
          9,
          1
        ],
        [
          0,
          4,
          3,
          64,
          119,
          25,
          282,
          5,
          0
        ],
        [
          1,
          5,
          9,
          76,
          236,
          27,
          506,
          3,
          3
        ],
        [
          0,
          2,
          0,
          33,
          155,
          13,
          267,
          5,
          0
        ],
        [
          0,
          0,
          0,
          17,
          81,
          1,
          111,
          3,
          0
        ]
      ]
    }
  },
  "run_timestamp": "20251223_190547_175039",
  "params_hash": "3b5e63660ed9184e480ba588dfed5abd85438e005245a7cc63f2303984f7febc"
}