{
  "best_epoch": 0,
  "best_val_loss": null,
  "total_seconds": 0.018789099995046854,
  "epochs": [],
  "train_metrics": {
    "classification": {
      "labels": [
        0,
        1,
        2,
        3,
        4
      ],
      "accuracy": 0.26197916666666665,
      "balanced_accuracy": 0.24016891566266718,
      "precision_macro": 0.23671459070406828,
      "precision_micro": 0.26197916666666665,
      "precision_weighted": 0.260827507879177,
      "recall_macro": 0.24016891566266718,
      "recall_micro": 0.26197916666666665,
      "recall_weighted": 0.26197916666666665,
      "f1_macro": 0.22787688222943187,
      "f1_micro": 0.26197916666666665,
      "f1_weighted": 0.2519430955338653,
      "confusion_matrix": [
        [
          222,
          284,
          66,
          244,
          389
        ],
        [
          342,
          945,
          133,
          477,
          762
        ],
        [
          293,
          546,
          158,
          408,
          733
        ],
        [
          491,
          980,
          169,
          742,
          1272
        ],
        [
          471,
          871,
          267,
          721,
          1454
        ]
      ]
    }
  },
  "test_metrics": {
    "classification": {
      "labels": [
        0,
        1,
        2,
        3,
        4
      ],
      "accuracy": 0.25711805555555556,
      "balanced_accuracy": 0.23764766214949629,
      "precision_macro": 0.23494377249789772,
      "precision_micro": 0.25711805555555556,
      "precision_weighted": 0.260786676656765,
      "recall_macro": 0.23764766214949629,
      "recall_micro": 0.25711805555555556,
      "recall_weighted": 0.25711805555555556,
      "f1_macro": 0.22591317093509633,
      "f1_micro": 0.25711805555555556,
      "f1_weighted": 0.24996117523127837,
      "confusion_matrix": [
        [
          95,
          108,
          29,
          99,
          159
        ],
        [
          148,
          391,
          81,
          196,
          335
        ],
        [
          133,
          237,
          76,
          165,
          326
        ],
        [
          230,
          392,
          91,
          319,
          519
        ],
        [
          238,
          390,
          105,
          298,
          600
        ]
      ]
    }
  },
  "run_timestamp": "20251208_141650_187598",
  "params_hash": "90a38bec74bac5b1d186a8538c6a9da5eeaf23ea80b10e6137171ce66e243c44"
}