{
  "best_epoch": 0,
  "best_val_loss": null,
  "total_seconds": 1.3339657979959156,
  "epochs": [],
  "train_metrics": {
    "classification": {
      "labels": [
        0,
        1,
        2,
        3,
        4
      ],
      "accuracy": 0.2727525291232373,
      "balanced_accuracy": 0.2557459089803813,
      "precision_macro": 0.2516723074752448,
      "precision_micro": 0.2727525291232373,
      "precision_weighted": 0.27440395369110077,
      "recall_macro": 0.2557459089803813,
      "recall_micro": 0.2727525291232373,
      "recall_weighted": 0.2727525291232373,
      "f1_macro": 0.2475593214871757,
      "f1_micro": 0.2727525291232373,
      "f1_weighted": 0.26944247064123755,
      "confusion_matrix": [
        [
          4566,
          3835,
          1168,
          4546,
          4131
        ],
        [
          6168,
          11422,
          3049,
          9186,
          11601
        ],
        [
          4474,
          5864,
          3559,
          7966,
          11738
        ],
        [
          7856,
          10443,
          4336,
          17221,
          16838
        ],
        [
          7323,
          11271,
          4780,
          15253,
          20174
        ]
      ]
    }
  },
  "test_metrics": {
    "classification": {
      "labels": [
        0,
        1,
        2,
        3,
        4
      ],
      "accuracy": 0.2718504113018598,
      "balanced_accuracy": 0.2543354394735464,
      "precision_macro": 0.25023866301428715,
      "precision_micro": 0.2718504113018598,
      "precision_weighted": 0.2728150454419664,
      "recall_macro": 0.2543354394735464,
      "recall_micro": 0.2718504113018598,
      "recall_weighted": 0.2718504113018598,
      "f1_macro": 0.24654005324366826,
      "f1_micro": 0.2718504113018598,
      "f1_weighted": 0.2684818022275131,
      "confusion_matrix": [
        [
          2024,
          1615,
          552,
          2025,
          1867
        ],
        [
          2653,
          4802,
          1342,
          3917,
          5042
        ],
        [
          1959,
          2500,
          1473,
          3373,
          4859
        ],
        [
          3379,
          4460,
          1813,
          7293,
          7212
        ],
        [
          3224,
          4814,
          2062,
          6481,
          8731
        ]
      ]
    }
  },
  "run_timestamp": "20251227_011340_968326",
  "params_hash": "6912e9dee76d0f3c06cbb920dc875b12523ddcf817491c9c22893c7917b66ef6"
}