{
  "best_epoch": 0,
  "best_val_loss": null,
  "total_seconds": 0.02216802499606274,
  "epochs": [],
  "train_metrics": {
    "classification": {
      "labels": [
        0,
        1,
        2,
        3,
        4
      ],
      "accuracy": 0.28608630952380953,
      "balanced_accuracy": 0.27787719583112536,
      "precision_macro": 0.2636090796168141,
      "precision_micro": 0.28608630952380953,
      "precision_weighted": 0.2921557884071855,
      "recall_macro": 0.27787719583112536,
      "recall_micro": 0.28608630952380953,
      "recall_weighted": 0.28608630952380953,
      "f1_macro": 0.2621046512015681,
      "f1_micro": 0.28608630952380953,
      "f1_weighted": 0.28445317936233694,
      "confusion_matrix": [
        [
          445,
          170,
          92,
          328,
          125
        ],
        [
          486,
          633,
          306,
          975,
          400
        ],
        [
          270,
          305,
          313,
          600,
          271
        ],
        [
          632,
          769,
          528,
          1786,
          923
        ],
        [
          593,
          454,
          228,
          1140,
          668
        ]
      ]
    }
  },
  "test_metrics": {
    "classification": {
      "labels": [
        0,
        1,
        2,
        3,
        4
      ],
      "accuracy": 0.27586805555555555,
      "balanced_accuracy": 0.27091114023091306,
      "precision_macro": 0.2536711131145844,
      "precision_micro": 0.27586805555555555,
      "precision_weighted": 0.2817613139652467,
      "recall_macro": 0.27091114023091306,
      "recall_micro": 0.27586805555555555,
      "recall_weighted": 0.27586805555555555,
      "f1_macro": 0.251114349095122,
      "f1_micro": 0.27586805555555555,
      "f1_weighted": 0.27282862342493347,
      "confusion_matrix": [
        [
          200,
          62,
          32,
          142,
          54
        ],
        [
          222,
          254,
          119,
          446,
          149
        ],
        [
          119,
          126,
          126,
          249,
          126
        ],
        [
          319,
          356,
          210,
          766,
          371
        ],
        [
          264,
          200,
          99,
          506,
          243
        ]
      ]
    }
  },
  "run_timestamp": "20251208_141459_395931",
  "params_hash": "5cf4a5ba2d8baea47bb076acee0dc908c9fe893b3fa5d141ec5a54b63d606469"
}