{
  "best_epoch": 0,
  "best_val_loss": null,
  "total_seconds": 0.020667571006924845,
  "epochs": [],
  "train_metrics": {
    "classification": {
      "labels": [
        0,
        1,
        2
      ],
      "accuracy": 0.4236607142857143,
      "balanced_accuracy": 0.39152129171331557,
      "precision_macro": 0.39316891391350167,
      "precision_micro": 0.4236607142857143,
      "precision_weighted": 0.41634039625322716,
      "recall_macro": 0.39152129171331557,
      "recall_micro": 0.4236607142857143,
      "recall_weighted": 0.4236607142857143,
      "f1_macro": 0.3831928578229334,
      "f1_micro": 0.4236607142857143,
      "f1_weighted": 0.4088766589121314,
      "confusion_matrix": [
        [
          633,
          621,
          1114
        ],
        [
          840,
          1537,
          3046
        ],
        [
          665,
          1460,
          3524
        ]
      ]
    }
  },
  "test_metrics": {
    "classification": {
      "labels": [
        0,
        1,
        2
      ],
      "accuracy": 0.4383680555555556,
      "balanced_accuracy": 0.3996539341585912,
      "precision_macro": 0.40184259304688585,
      "precision_micro": 0.4383680555555556,
      "precision_weighted": 0.43472972677877314,
      "recall_macro": 0.3996539341585912,
      "recall_micro": 0.4383680555555556,
      "recall_weighted": 0.4383680555555556,
      "f1_macro": 0.39226940220681294,
      "f1_micro": 0.4383680555555556,
      "f1_weighted": 0.4260459141308449,
      "confusion_matrix": [
        [
          243,
          269,
          450
        ],
        [
          355,
          745,
          1262
        ],
        [
          301,
          598,
          1537
        ]
      ]
    }
  },
  "run_timestamp": "20251208_141606_237290",
  "params_hash": "5eb204185c0c665a83895204bff7bfaea1e9ff5e522fd4a3041d5ab4cdea577b"
}