{
  "best_epoch": 0,
  "best_val_loss": null,
  "total_seconds": 2.688093837990891,
  "epochs": [],
  "train_metrics": {
    "classification": {
      "labels": [
        0,
        1,
        2,
        3,
        4,
        5,
        6,
        7,
        8
      ],
      "accuracy": 0.17524237431023912,
      "balanced_accuracy": 0.19568033311895972,
      "precision_macro": 0.1738091831266641,
      "precision_micro": 0.17524237431023912,
      "precision_weighted": 0.196811175200162,
      "recall_macro": 0.19568033311895972,
      "recall_micro": 0.17524237431023912,
      "recall_weighted": 0.17524237431023912,
      "f1_macro": 0.16140295766108614,
      "f1_micro": 0.17524237431023912,
      "f1_weighted": 0.16906522201497742,
      "confusion_matrix": [
        [
          2918,
          1304,
          309,
          1247,
          608,
          840,
          1048,
          435,
          1850
        ],
        [
          1523,
          3344,
          428,
          1225,
          681,
          1095,
          3069,
          810,
          2192
        ],
        [
          2735,
          2549,
          924,
          3117,
          1451,
          2767,
          4701,
          1235,
          3815
        ],
        [
          3504,
          2782,
          1113,
          5075,
          1701,
          3569,
          4385,
          1973,
          4657
        ],
        [
          5315,
          3990,
          778,
          4299,
          2869,
          3670,
          5297,
          2919,
          6998
        ],
        [
          2614,
          2666,
          698,
          2972,
          1240,
          3799,
          3774,
          1160,
          3978
        ],
        [
          3786,
          4116,
          1020,
          4015,
          2390,
          3581,
          11246,
          3523,
          6782
        ],
        [
          2687,
          1585,
          547,
          2411,
          1337,
          1927,
          5001,
          2726,
          4718
        ],
        [
          760,
          651,
          170,
          877,
          543,
          787,
          1107,
          776,
          3684
        ]
      ]
    }
  },
  "test_metrics": {
    "classification": {
      "labels": [
        0,
        1,
        2,
        3,
        4,
        5,
        6,
        7,
        8
      ],
      "accuracy": 0.17196441344778254,
      "balanced_accuracy": 0.19237829794511588,
      "precision_macro": 0.17086882634987216,
      "precision_micro": 0.17196441344778254,
      "precision_weighted": 0.19290819625967612,
      "recall_macro": 0.19237829794511588,
      "recall_micro": 0.17196441344778254,
      "recall_weighted": 0.17196441344778254,
      "f1_macro": 0.1583458443471346,
      "f1_micro": 0.17196441344778254,
      "f1_weighted": 0.1656426456256421,
      "confusion_matrix": [
        [
          1257,
          562,
          125,
          551,
          270,
          374,
          436,
          169,
          842
        ],
        [
          684,
          1447,
          194,
          535,
          285,
          500,
          1356,
          368,
          1001
        ],
        [
          1156,
          1101,
          410,
          1335,
          620,
          1278,
          1964,
          528,
          1633
        ],
        [
          1566,
          1149,
          469,
          2022,
          709,
          1609,
          1766,
          801,
          1925
        ],
        [
          2279,
          1690,
          322,
          1821,
          1163,
          1611,
          2266,
          1258,
          2948
        ],
        [
          1160,
          1167,
          283,
          1370,
          532,
          1612,
          1675,
          486,
          1667
        ],
        [
          1604,
          1785,
          443,
          1811,
          1048,
          1492,
          4805,
          1425,
          2912
        ],
        [
          1148,
          708,
          246,
          1033,
          573,
          874,
          2169,
          1132,
          2031
        ],
        [
          309,
          262,
          77,
          399,
          217,
          354,
          455,
          315,
          1538
        ]
      ]
    }
  },
  "run_timestamp": "20251226_201538_518489",
  "params_hash": "4c7a6931a879250eb003dfcaee9df1f347349fc844c2299625e971205e43e7b2"
}