{
  "best_epoch": 0,
  "best_val_loss": null,
  "total_seconds": 0.023024319001706317,
  "epochs": [],
  "train_metrics": {
    "classification": {
      "labels": [
        0,
        1,
        2,
        3,
        4
      ],
      "accuracy": 0.2624255952380952,
      "balanced_accuracy": 0.25617076901792496,
      "precision_macro": 0.24713502246316982,
      "precision_micro": 0.2624255952380952,
      "precision_weighted": 0.2660475295806375,
      "recall_macro": 0.25617076901792496,
      "recall_micro": 0.2624255952380952,
      "recall_weighted": 0.2624255952380952,
      "f1_macro": 0.23968812822535188,
      "f1_micro": 0.2624255952380952,
      "f1_weighted": 0.2549006917202263,
      "confusion_matrix": [
        [
          391,
          187,
          79,
          209,
          339
        ],
        [
          496,
          681,
          170,
          416,
          896
        ],
        [
          390,
          403,
          219,
          349,
          777
        ],
        [
          626,
          634,
          273,
          736,
          1385
        ],
        [
          496,
          692,
          299,
          797,
          1500
        ]
      ]
    }
  },
  "test_metrics": {
    "classification": {
      "labels": [
        0,
        1,
        2,
        3,
        4
      ],
      "accuracy": 0.2673611111111111,
      "balanced_accuracy": 0.2655457680569322,
      "precision_macro": 0.25085214988130733,
      "precision_micro": 0.2673611111111111,
      "precision_weighted": 0.26913765463427225,
      "recall_macro": 0.2655457680569322,
      "recall_micro": 0.2673611111111111,
      "recall_weighted": 0.2673611111111111,
      "f1_macro": 0.24525799619422775,
      "f1_micro": 0.2673611111111111,
      "f1_weighted": 0.2588715435180115,
      "confusion_matrix": [
        [
          176,
          76,
          32,
          79,
          127
        ],
        [
          201,
          309,
          64,
          182,
          395
        ],
        [
          180,
          186,
          96,
          155,
          320
        ],
        [
          250,
          300,
          126,
          305,
          570
        ],
        [
          219,
          264,
          137,
          357,
          654
        ]
      ]
    }
  },
  "run_timestamp": "20251208_141559_327896",
  "params_hash": "451f5677943562e5255e2fcb35be0f8d388a43ddff14522931cd54bba85d40b8"
}