{
  "best_epoch": 0,
  "best_val_loss": null,
  "total_seconds": 6.158288236008957,
  "epochs": [],
  "train_metrics": {
    "classification": {
      "labels": [
        0,
        1,
        2,
        3,
        4
      ],
      "accuracy": 0.33677575107296137,
      "balanced_accuracy": 0.3188144662683504,
      "precision_macro": 0.30642555648504205,
      "precision_micro": 0.33677575107296137,
      "precision_weighted": 0.34264274624251084,
      "recall_macro": 0.3188144662683504,
      "recall_micro": 0.33677575107296137,
      "recall_weighted": 0.33677575107296137,
      "f1_macro": 0.30030104275054437,
      "f1_micro": 0.33677575107296137,
      "f1_weighted": 0.33211974484429974,
      "confusion_matrix": [
        [
          7748,
          2368,
          1235,
          3631,
          2878
        ],
        [
          6803,
          8930,
          4425,
          15484,
          7671
        ],
        [
          5366,
          3461,
          5167,
          9781,
          3502
        ],
        [
          9639,
          8141,
          7158,
          34928,
          12879
        ],
        [
          8874,
          4749,
          3508,
          16907,
          13535
        ]
      ]
    }
  },
  "test_metrics": {
    "classification": {
      "labels": [
        0,
        1,
        2,
        3,
        4
      ],
      "accuracy": 0.33185801144492133,
      "balanced_accuracy": 0.31483656466119264,
      "precision_macro": 0.30296292735322383,
      "precision_micro": 0.33185801144492133,
      "precision_weighted": 0.3370412683829946,
      "recall_macro": 0.31483656466119264,
      "recall_micro": 0.33185801144492133,
      "recall_weighted": 0.33185801144492133,
      "f1_macro": 0.29699955402091976,
      "f1_micro": 0.33185801144492133,
      "f1_weighted": 0.3268732978526671,
      "confusion_matrix": [
        [
          3318,
          1041,
          536,
          1629,
          1246
        ],
        [
          2961,
          3842,
          1895,
          6709,
          3258
        ],
        [
          2234,
          1482,
          2202,
          4176,
          1540
        ],
        [
          3968,
          3499,
          3003,
          14618,
          5619
        ],
        [
          3905,
          2067,
          1602,
          7410,
          5712
        ]
      ]
    }
  },
  "run_timestamp": "20251226_202304_624851",
  "params_hash": "85ad120c0779988cbd9d1cdc2e1d1093b38283e34c694a35c8a8ff95bbe9708d"
}