{
  "best_epoch": 0,
  "best_val_loss": null,
  "total_seconds": 0.010400336992461234,
  "epochs": [],
  "train_metrics": {
    "classification": {
      "labels": [
        0,
        1,
        2,
        3,
        4
      ],
      "accuracy": 0.2990327380952381,
      "balanced_accuracy": 0.25947086814756315,
      "precision_macro": 0.25340551148833945,
      "precision_micro": 0.2990327380952381,
      "precision_weighted": 0.28943094237981964,
      "recall_macro": 0.25947086814756315,
      "recall_micro": 0.2990327380952381,
      "recall_weighted": 0.29903273809523806,
      "f1_macro": 0.22997704872103233,
      "f1_micro": 0.2990327380952381,
      "f1_weighted": 0.26985491716573085,
      "confusion_matrix": [
        [
          436,
          97,
          87,
          387,
          153
        ],
        [
          625,
          282,
          153,
          1440,
          300
        ],
        [
          358,
          138,
          150,
          919,
          194
        ],
        [
          803,
          372,
          332,
          2635,
          496
        ],
        [
          518,
          211,
          181,
          1657,
          516
        ]
      ]
    }
  },
  "test_metrics": {
    "classification": {
      "labels": [
        0,
        1,
        2,
        3,
        4
      ],
      "accuracy": 0.29756944444444444,
      "balanced_accuracy": 0.2522672386911565,
      "precision_macro": 0.2418293039029818,
      "precision_micro": 0.29756944444444444,
      "precision_weighted": 0.2830084041813982,
      "recall_macro": 0.2522672386911565,
      "recall_micro": 0.29756944444444444,
      "recall_weighted": 0.29756944444444444,
      "f1_macro": 0.22155789370423742,
      "f1_micro": 0.29756944444444444,
      "f1_weighted": 0.26661706586455786,
      "confusion_matrix": [
        [
          179,
          51,
          33,
          167,
          60
        ],
        [
          265,
          111,
          78,
          620,
          116
        ],
        [
          180,
          69,
          50,
          378,
          69
        ],
        [
          323,
          178,
          157,
          1164,
          200
        ],
        [
          225,
          86,
          65,
          726,
          210
        ]
      ]
    }
  },
  "run_timestamp": "20251208_141633_541338",
  "params_hash": "7b3df8a48767c1b7daafdd7bf5b176eb279ea9e106cd3bb26e1efc1610b39b78"
}