{
  "best_epoch": 0,
  "best_val_loss": null,
  "total_seconds": 0.025230528000975028,
  "epochs": [],
  "train_metrics": {
    "regression": {
      "mae": 1.7661418914794922,
      "median_absolute_error": 1.6578447818756104,
      "mape": 0.5532168745994568,
      "mse": 4.373284339904785,
      "rmse": 2.0912399049140165,
      "r2": 0.034807801246643066,
      "explained_variance": 0.03480786085128784,
      "max_error": 5.5567426681518555
    }
  },
  "test_metrics": {
    "regression": {
      "mae": 1.7681846618652344,
      "median_absolute_error": 1.661672592163086,
      "mape": 0.5603857636451721,
      "mse": 4.3842620849609375,
      "rmse": 2.093862957540664,
      "r2": 0.038535892963409424,
      "explained_variance": 0.038559019565582275,
      "max_error": 5.466318607330322
    }
  },
  "run_timestamp": "20251226_173444_254029",
  "params_hash": "ec834a7531dfa0f0518993011fc832831acdb25b43cba2b8b51e66bcfad565e8"
}