{
  "best_epoch": 0,
  "best_val_loss": null,
  "total_seconds": 0.021196403991780244,
  "epochs": [],
  "train_metrics": {
    "classification": {
      "labels": [
        0,
        1,
        2
      ],
      "accuracy": 0.4431547619047619,
      "balanced_accuracy": 0.4175663080262149,
      "precision_macro": 0.4203355177717847,
      "precision_micro": 0.4431547619047619,
      "precision_weighted": 0.4415124346164057,
      "recall_macro": 0.4175663080262149,
      "recall_micro": 0.4431547619047619,
      "recall_weighted": 0.4431547619047619,
      "f1_macro": 0.4182398841506916,
      "f1_micro": 0.4431547619047619,
      "f1_weighted": 0.44154919684128885,
      "confusion_matrix": [
        [
          734,
          738,
          917
        ],
        [
          832,
          2402,
          2318
        ],
        [
          661,
          2018,
          2820
        ]
      ]
    }
  },
  "test_metrics": {
    "classification": {
      "labels": [
        0,
        1,
        2
      ],
      "accuracy": 0.4505208333333333,
      "balanced_accuracy": 0.4234917523972465,
      "precision_macro": 0.4253731497411186,
      "precision_micro": 0.4505208333333333,
      "precision_weighted": 0.4493326974161255,
      "recall_macro": 0.4234917523972465,
      "recall_micro": 0.4505208333333333,
      "recall_weighted": 0.4505208333333333,
      "f1_macro": 0.4239790199111006,
      "f1_micro": 0.4505208333333333,
      "f1_weighted": 0.44941165705598196,
      "confusion_matrix": [
        [
          310,
          339,
          352
        ],
        [
          334,
          1075,
          989
        ],
        [
          309,
          842,
          1210
        ]
      ]
    }
  },
  "run_timestamp": "20251208_141700_629359",
  "params_hash": "a2fa066db4cc5dec155d510fd2d38d60e4882d7b9efb04c1827cb9d0f172d0f0"
}