{
  "best_epoch": 0,
  "best_val_loss": null,
  "total_seconds": 63.76646507301484,
  "epochs": [],
  "train_metrics": {
    "classification": {
      "labels": [
        0,
        1,
        2,
        3,
        4,
        5,
        6,
        7,
        8
      ],
      "accuracy": 0.2517770922746781,
      "balanced_accuracy": 0.302307798764284,
      "precision_macro": 0.24892232222208963,
      "precision_micro": 0.2517770922746781,
      "precision_weighted": 0.28839742160644155,
      "recall_macro": 0.302307798764284,
      "recall_micro": 0.2517770922746781,
      "recall_weighted": 0.2517770922746781,
      "f1_macro": 0.23967509148195731,
      "f1_micro": 0.2517770922746781,
      "f1_weighted": 0.24975299997680622,
      "confusion_matrix": [
        [
          6532,
          872,
          505,
          437,
          478,
          311,
          197,
          575,
          1304
        ],
        [
          2807,
          2684,
          1450,
          730,
          509,
          1299,
          659,
          985,
          1569
        ],
        [
          3386,
          2291,
          4383,
          3336,
          2471,
          3402,
          1935,
          1652,
          2684
        ],
        [
          2269,
          1437,
          2558,
          7764,
          2505,
          4369,
          1717,
          1124,
          2350
        ],
        [
          4783,
          2126,
          1974,
          4163,
          6814,
          4533,
          1774,
          1585,
          4285
        ],
        [
          3513,
          2152,
          2759,
          6269,
          3845,
          12229,
          3637,
          2246,
          4700
        ],
        [
          5290,
          2651,
          2298,
          4147,
          3403,
          5372,
          5825,
          2910,
          6800
        ],
        [
          2528,
          1268,
          666,
          885,
          881,
          2039,
          1198,
          2354,
          3124
        ],
        [
          748,
          291,
          157,
          101,
          197,
          162,
          294,
          278,
          3978
        ]
      ]
    }
  },
  "test_metrics": {
    "classification": {
      "labels": [
        0,
        1,
        2,
        3,
        4,
        5,
        6,
        7,
        8
      ],
      "accuracy": 0.2519894492131617,
      "balanced_accuracy": 0.3016103345321679,
      "precision_macro": 0.24991712360495327,
      "precision_micro": 0.2519894492131617,
      "precision_weighted": 0.2884359298155954,
      "recall_macro": 0.3016103345321679,
      "recall_micro": 0.2519894492131617,
      "recall_weighted": 0.2519894492131617,
      "f1_macro": 0.24059273970621048,
      "f1_micro": 0.2519894492131617,
      "f1_weighted": 0.2501418279033364,
      "confusion_matrix": [
        [
          2706,
          421,
          229,
          179,
          236,
          182,
          100,
          227,
          586
        ],
        [
          1165,
          1183,
          691,
          322,
          231,
          560,
          268,
          414,
          648
        ],
        [
          1429,
          1003,
          1911,
          1395,
          1046,
          1543,
          825,
          724,
          1165
        ],
        [
          983,
          636,
          1102,
          3334,
          1068,
          1851,
          760,
          469,
          984
        ],
        [
          1975,
          883,
          775,
          1732,
          2948,
          2007,
          763,
          694,
          1854
        ],
        [
          1488,
          898,
          1114,
          2733,
          1618,
          5187,
          1510,
          918,
          1900
        ],
        [
          2230,
          1162,
          1012,
          1858,
          1548,
          2257,
          2515,
          1237,
          2939
        ],
        [
          1059,
          549,
          312,
          391,
          389,
          872,
          485,
          1058,
          1378
        ],
        [
          311,
          125,
          67,
          42,
          94,
          72,
          108,
          125,
          1704
        ]
      ]
    }
  },
  "run_timestamp": "20251226_201112_134525",
  "params_hash": "b2745d3cf87ca58c169a57f821cf1347b0b5274dde56dc046695cd9a8cf0d0f0"
}