{
  "best_epoch": 0,
  "best_val_loss": null,
  "total_seconds": 0.015348708009696566,
  "epochs": [],
  "train_metrics": {
    "classification": {
      "labels": [
        0,
        1,
        2,
        3,
        4
      ],
      "accuracy": 0.305952380952381,
      "balanced_accuracy": 0.26814115410927053,
      "precision_macro": 0.263677018182623,
      "precision_micro": 0.305952380952381,
      "precision_weighted": 0.29448026941836747,
      "recall_macro": 0.26814115410927053,
      "recall_micro": 0.305952380952381,
      "recall_weighted": 0.305952380952381,
      "f1_macro": 0.24492452087545385,
      "f1_micro": 0.305952380952381,
      "f1_weighted": 0.28296272052875154,
      "confusion_matrix": [
        [
          429,
          85,
          35,
          443,
          168
        ],
        [
          590,
          346,
          119,
          1253,
          492
        ],
        [
          332,
          187,
          136,
          848,
          256
        ],
        [
          675,
          405,
          256,
          2467,
          835
        ],
        [
          393,
          309,
          103,
          1544,
          734
        ]
      ]
    }
  },
  "test_metrics": {
    "classification": {
      "labels": [
        0,
        1,
        2,
        3,
        4
      ],
      "accuracy": 0.3092013888888889,
      "balanced_accuracy": 0.2694831454283716,
      "precision_macro": 0.2604472089289457,
      "precision_micro": 0.3092013888888889,
      "precision_weighted": 0.2977306925694017,
      "recall_macro": 0.2694831454283716,
      "recall_micro": 0.3092013888888889,
      "recall_weighted": 0.3092013888888889,
      "f1_macro": 0.24377390492189094,
      "f1_micro": 0.3092013888888889,
      "f1_weighted": 0.2868454173881078,
      "confusion_matrix": [
        [
          188,
          48,
          20,
          165,
          69
        ],
        [
          253,
          160,
          53,
          525,
          199
        ],
        [
          181,
          79,
          47,
          339,
          100
        ],
        [
          299,
          148,
          100,
          1084,
          391
        ],
        [
          178,
          135,
          52,
          645,
          302
        ]
      ]
    }
  },
  "run_timestamp": "20251208_141546_146243",
  "params_hash": "8a5675e9d4fd54a2f48496848af1f290f342be0c5c8ede229e9277cf54b794d9"
}