{
  "best_epoch": 0,
  "best_val_loss": null,
  "total_seconds": 0.009436345004360192,
  "epochs": [],
  "train_metrics": {
    "classification": {
      "labels": [
        0,
        1,
        2,
        3,
        4,
        5,
        6,
        7,
        8
      ],
      "accuracy": 0.16145833333333334,
      "balanced_accuracy": 0.14971719309362536,
      "precision_macro": 0.10784895000880661,
      "precision_micro": 0.16145833333333334,
      "precision_weighted": 0.1288153113060378,
      "recall_macro": 0.14971719309362536,
      "recall_micro": 0.16145833333333334,
      "recall_weighted": 0.16145833333333334,
      "f1_macro": 0.11517200217437394,
      "f1_micro": 0.16145833333333334,
      "f1_weighted": 0.13431742076900774,
      "confusion_matrix": [
        [
          233,
          73,
          0,
          40,
          93,
          105,
          143,
          0,
          20
        ],
        [
          267,
          85,
          0,
          72,
          117,
          159,
          227,
          0,
          12
        ],
        [
          260,
          127,
          0,
          123,
          189,
          357,
          393,
          0,
          49
        ],
        [
          314,
          152,
          0,
          143,
          232,
          439,
          461,
          0,
          83
        ],
        [
          519,
          216,
          0,
          171,
          324,
          416,
          595,
          0,
          72
        ],
        [
          261,
          102,
          0,
          82,
          119,
          485,
          401,
          0,
          27
        ],
        [
          377,
          183,
          0,
          147,
          340,
          591,
          873,
          0,
          77
        ],
        [
          223,
          76,
          0,
          99,
          207,
          285,
          524,
          0,
          55
        ],
        [
          101,
          64,
          0,
          50,
          115,
          85,
          183,
          0,
          27
        ]
      ]
    }
  },
  "test_metrics": {
    "classification": {
      "labels": [
        0,
        1,
        2,
        3,
        4,
        5,
        6,
        7,
        8
      ],
      "accuracy": 0.16128472222222223,
      "balanced_accuracy": 0.1482660724807275,
      "precision_macro": 0.10785409449624993,
      "precision_micro": 0.16128472222222223,
      "precision_weighted": 0.1325329796474181,
      "recall_macro": 0.1482660724807275,
      "recall_micro": 0.16128472222222223,
      "recall_weighted": 0.16128472222222223,
      "f1_macro": 0.11425426205038695,
      "f1_micro": 0.16128472222222223,
      "f1_weighted": 0.1366043605068838,
      "confusion_matrix": [
        [
          87,
          30,
          0,
          17,
          42,
          33,
          49,
          0,
          10
        ],
        [
          114,
          40,
          0,
          25,
          51,
          54,
          107,
          0,
          5
        ],
        [
          118,
          44,
          0,
          52,
          80,
          160,
          172,
          0,
          21
        ],
        [
          140,
          56,
          0,
          63,
          87,
          231,
          179,
          0,
          45
        ],
        [
          207,
          74,
          0,
          79,
          146,
          209,
          249,
          0,
          38
        ],
        [
          120,
          53,
          0,
          44,
          44,
          179,
          190,
          0,
          8
        ],
        [
          181,
          94,
          0,
          51,
          175,
          207,
          403,
          0,
          21
        ],
        [
          100,
          39,
          0,
          49,
          85,
          141,
          205,
          0,
          27
        ],
        [
          39,
          24,
          0,
          16,
          47,
          22,
          71,
          0,
          11
        ]
      ]
    }
  },
  "run_timestamp": "20251208_103013_242187",
  "params_hash": "6fb8c3792df29e62c35f4cb162b697c8eb3aab6226b28fac43a3a53d2731f580"
}