{
  "best_epoch": 0,
  "best_val_loss": null,
  "total_seconds": 12.058158256026218,
  "epochs": [],
  "train_metrics": {
    "classification": {
      "labels": [
        0,
        1,
        2,
        3,
        4
      ],
      "accuracy": 0.29869520232985897,
      "balanced_accuracy": 0.30294156702718106,
      "precision_macro": 0.29070117273498913,
      "precision_micro": 0.29869520232985897,
      "precision_weighted": 0.3166858805072256,
      "recall_macro": 0.30294156702718106,
      "recall_micro": 0.29869520232985897,
      "recall_weighted": 0.29869520232985897,
      "f1_macro": 0.2885473687088092,
      "f1_micro": 0.29869520232985897,
      "f1_weighted": 0.30321064890967486,
      "confusion_matrix": [
        [
          6758,
          3231,
          1894,
          2737,
          3626
        ],
        [
          7039,
          11472,
          6025,
          8343,
          8547
        ],
        [
          5450,
          5184,
          8288,
          7501,
          7178
        ],
        [
          9316,
          9702,
          8011,
          17760,
          11905
        ],
        [
          10901,
          8982,
          8013,
          12825,
          18080
        ]
      ]
    }
  },
  "test_metrics": {
    "classification": {
      "labels": [
        0,
        1,
        2,
        3,
        4
      ],
      "accuracy": 0.29670734978540775,
      "balanced_accuracy": 0.29967929308382657,
      "precision_macro": 0.2881231045405483,
      "precision_micro": 0.29670734978540775,
      "precision_weighted": 0.3138991610201433,
      "recall_macro": 0.29967929308382657,
      "recall_micro": 0.29670734978540775,
      "recall_weighted": 0.29670734978540775,
      "f1_macro": 0.2862321938292247,
      "f1_micro": 0.29670734978540775,
      "f1_weighted": 0.30100695778330067,
      "confusion_matrix": [
        [
          2953,
          1432,
          883,
          1165,
          1650
        ],
        [
          3023,
          4922,
          2516,
          3613,
          3682
        ],
        [
          2386,
          2270,
          3343,
          3097,
          3068
        ],
        [
          3905,
          4182,
          3498,
          7537,
          5035
        ],
        [
          4656,
          3807,
          3460,
          5597,
          7792
        ]
      ]
    }
  },
  "run_timestamp": "20251226_200614_035560",
  "params_hash": "e7faee94516676c1afbb56cc53e54fd12ebd21ed15ca5beed0247328757190a9"
}