{
  "best_epoch": 0,
  "best_val_loss": null,
  "total_seconds": 1.2550369520031381,
  "epochs": [],
  "train_metrics": {
    "classification": {
      "labels": [
        0,
        1,
        2,
        3,
        4,
        5,
        6,
        7,
        8
      ],
      "accuracy": 0.14945777130594728,
      "balanced_accuracy": 0.1641718203794896,
      "precision_macro": 0.14301681416908918,
      "precision_micro": 0.14945777130594728,
      "precision_weighted": 0.16228025739703636,
      "recall_macro": 0.1641718203794896,
      "recall_micro": 0.14945777130594728,
      "recall_weighted": 0.14945777130594728,
      "f1_macro": 0.13103152868731238,
      "f1_micro": 0.14945777130594728,
      "f1_weighted": 0.13846561017933356,
      "confusion_matrix": [
        [
          2495,
          2372,
          334,
          261,
          864,
          220,
          1505,
          933,
          1575
        ],
        [
          2091,
          3539,
          668,
          426,
          1174,
          540,
          3146,
          1333,
          1450
        ],
        [
          3414,
          3426,
          1260,
          957,
          2013,
          1029,
          5870,
          2369,
          2956
        ],
        [
          4060,
          4174,
          1726,
          1159,
          2249,
          1119,
          7224,
          2556,
          4492
        ],
        [
          5664,
          5279,
          1228,
          1428,
          4035,
          1750,
          8114,
          2878,
          5759
        ],
        [
          2335,
          4303,
          1229,
          916,
          1629,
          1169,
          5906,
          2805,
          2609
        ],
        [
          4574,
          5448,
          1701,
          1976,
          3523,
          1879,
          11505,
          4251,
          5602
        ],
        [
          3056,
          2237,
          711,
          927,
          2072,
          1175,
          5869,
          3036,
          3856
        ],
        [
          1360,
          482,
          402,
          209,
          1047,
          190,
          1654,
          1007,
          3004
        ]
      ]
    }
  },
  "test_metrics": {
    "classification": {
      "labels": [
        0,
        1,
        2,
        3,
        4,
        5,
        6,
        7,
        8
      ],
      "accuracy": 0.14909692417739628,
      "balanced_accuracy": 0.16484999782922716,
      "precision_macro": 0.1426087005361206,
      "precision_micro": 0.14909692417739628,
      "precision_weighted": 0.16064454510411436,
      "recall_macro": 0.16484999782922716,
      "recall_micro": 0.14909692417739628,
      "recall_weighted": 0.14909692417739628,
      "f1_macro": 0.13117770944333876,
      "f1_micro": 0.14909692417739628,
      "f1_weighted": 0.13761583975792602,
      "confusion_matrix": [
        [
          1124,
          1083,
          135,
          94,
          385,
          64,
          644,
          400,
          657
        ],
        [
          920,
          1584,
          308,
          191,
          520,
          239,
          1361,
          628,
          619
        ],
        [
          1457,
          1453,
          576,
          438,
          857,
          475,
          2516,
          961,
          1292
        ],
        [
          1707,
          1763,
          722,
          477,
          904,
          472,
          3118,
          1058,
          1795
        ],
        [
          2377,
          2266,
          494,
          593,
          1648,
          742,
          3459,
          1285,
          2494
        ],
        [
          1010,
          1882,
          547,
          395,
          708,
          468,
          2599,
          1217,
          1126
        ],
        [
          1978,
          2345,
          763,
          815,
          1496,
          821,
          4847,
          1834,
          2426
        ],
        [
          1273,
          980,
          345,
          377,
          851,
          531,
          2579,
          1350,
          1628
        ],
        [
          589,
          218,
          155,
          91,
          408,
          79,
          635,
          485,
          1266
        ]
      ]
    }
  },
  "run_timestamp": "20251227_011404_683120",
  "params_hash": "67eba347d2018abca20791605994e2731565c17ac1fa525f886e8a9e013afbcf"
}