{
  "best_epoch": 0,
  "best_val_loss": null,
  "total_seconds": 2.357850365980994,
  "epochs": [],
  "train_metrics": {
    "classification": {
      "labels": [
        0,
        1,
        2,
        3,
        4
      ],
      "accuracy": 0.325821007050889,
      "balanced_accuracy": 0.3044047191222163,
      "precision_macro": 0.2891993154809199,
      "precision_micro": 0.325821007050889,
      "precision_weighted": 0.32771355381895156,
      "recall_macro": 0.3044047191222163,
      "recall_micro": 0.325821007050889,
      "recall_weighted": 0.325821007050889,
      "f1_macro": 0.2809932498029352,
      "f1_micro": 0.325821007050889,
      "f1_weighted": 0.31723551527769583,
      "confusion_matrix": [
        [
          7830,
          1741,
          939,
          3552,
          3798
        ],
        [
          7254,
          7958,
          2937,
          15761,
          9403
        ],
        [
          6055,
          3722,
          2731,
          9936,
          4833
        ],
        [
          11440,
          8351,
          4910,
          33104,
          14940
        ],
        [
          8062,
          4090,
          2623,
          16400,
          16398
        ]
      ]
    }
  },
  "test_metrics": {
    "classification": {
      "labels": [
        0,
        1,
        2,
        3,
        4
      ],
      "accuracy": 0.3237884477825465,
      "balanced_accuracy": 0.3022009280416021,
      "precision_macro": 0.2878313342956346,
      "precision_micro": 0.3237884477825465,
      "precision_weighted": 0.32499819444150757,
      "recall_macro": 0.3022009280416021,
      "recall_micro": 0.3237884477825465,
      "recall_weighted": 0.3237884477825465,
      "f1_macro": 0.27972617222416396,
      "f1_micro": 0.3237884477825465,
      "f1_weighted": 0.31501670082582145,
      "confusion_matrix": [
        [
          3363,
          777,
          386,
          1609,
          1635
        ],
        [
          3093,
          3537,
          1161,
          6872,
          4002
        ],
        [
          2581,
          1635,
          1113,
          4237,
          2068
        ],
        [
          4746,
          3556,
          2118,
          13940,
          6347
        ],
        [
          3563,
          1804,
          1174,
          7138,
          7017
        ]
      ]
    }
  },
  "run_timestamp": "20251227_011745_457825",
  "params_hash": "2ecbad5d37d094eb34e4070247c82fe09aede63526e2f270b111cec7b8ba9e4a"
}