{
  "best_epoch": 0,
  "best_val_loss": null,
  "total_seconds": 0.010289580997778103,
  "epochs": [],
  "train_metrics": {
    "classification": {
      "labels": [
        0,
        1,
        2,
        3,
        4,
        5,
        6,
        7,
        8
      ],
      "accuracy": 0.1728422619047619,
      "balanced_accuracy": 0.12815511088447373,
      "precision_macro": 0.08563209747031097,
      "precision_micro": 0.1728422619047619,
      "precision_weighted": 0.11401321874000266,
      "recall_macro": 0.12815511088447373,
      "recall_micro": 0.1728422619047619,
      "recall_weighted": 0.1728422619047619,
      "f1_macro": 0.10226436196751723,
      "f1_micro": 0.1728422619047619,
      "f1_weighted": 0.13709951208687055,
      "confusion_matrix": [
        [
          53,
          0,
          0,
          157,
          243,
          83,
          171,
          0,
          0
        ],
        [
          43,
          0,
          0,
          223,
          307,
          130,
          236,
          0,
          0
        ],
        [
          71,
          0,
          0,
          338,
          331,
          296,
          462,
          0,
          0
        ],
        [
          143,
          0,
          0,
          454,
          366,
          365,
          496,
          0,
          0
        ],
        [
          136,
          0,
          0,
          531,
          701,
          283,
          662,
          0,
          0
        ],
        [
          52,
          0,
          0,
          359,
          311,
          329,
          426,
          0,
          0
        ],
        [
          126,
          0,
          0,
          625,
          620,
          431,
          786,
          0,
          0
        ],
        [
          79,
          0,
          0,
          399,
          356,
          211,
          424,
          0,
          0
        ],
        [
          37,
          0,
          0,
          162,
          191,
          95,
          140,
          0,
          0
        ]
      ]
    }
  },
  "test_metrics": {
    "classification": {
      "labels": [
        0,
        1,
        2,
        3,
        4,
        5,
        6,
        7,
        8
      ],
      "accuracy": 0.17309027777777777,
      "balanced_accuracy": 0.12401936877115932,
      "precision_macro": 0.08258107379944334,
      "precision_micro": 0.17309027777777777,
      "precision_weighted": 0.11506749409194926,
      "recall_macro": 0.12401936877115932,
      "recall_micro": 0.17309027777777777,
      "recall_weighted": 0.17309027777777777,
      "f1_macro": 0.09899615161653573,
      "f1_micro": 0.17309027777777777,
      "f1_weighted": 0.13807707382541964,
      "confusion_matrix": [
        [
          10,
          0,
          0,
          59,
          96,
          37,
          66,
          0,
          0
        ],
        [
          16,
          0,
          0,
          80,
          139,
          47,
          114,
          0,
          0
        ],
        [
          30,
          0,
          0,
          185,
          147,
          95,
          190,
          0,
          0
        ],
        [
          70,
          0,
          0,
          202,
          144,
          167,
          218,
          0,
          0
        ],
        [
          63,
          0,
          0,
          216,
          285,
          145,
          293,
          0,
          0
        ],
        [
          35,
          0,
          0,
          178,
          134,
          147,
          144,
          0,
          0
        ],
        [
          56,
          0,
          0,
          248,
          307,
          168,
          353,
          0,
          0
        ],
        [
          35,
          0,
          0,
          164,
          177,
          81,
          189,
          0,
          0
        ],
        [
          16,
          0,
          0,
          48,
          70,
          29,
          67,
          0,
          0
        ]
      ]
    }
  },
  "run_timestamp": "20251208_102908_941390",
  "params_hash": "2c019f5de20108bdea3f4ce3b308101f7191e3287fce8dc00610cc47a569dcfd"
}