{
  "best_epoch": 0,
  "best_val_loss": null,
  "total_seconds": 3.2920318600081373,
  "epochs": [],
  "train_metrics": {
    "classification": {
      "labels": [
        0,
        1,
        2,
        3,
        4,
        5,
        6,
        7,
        8
      ],
      "accuracy": 0.17994616033108524,
      "balanced_accuracy": 0.1882290644197231,
      "precision_macro": 0.17099963161910414,
      "precision_micro": 0.17994616033108524,
      "precision_weighted": 0.19439191432708058,
      "recall_macro": 0.1882290644197231,
      "recall_micro": 0.17994616033108524,
      "recall_weighted": 0.17994616033108524,
      "f1_macro": 0.1591485415150887,
      "f1_micro": 0.17994616033108524,
      "f1_weighted": 0.17240013895539003,
      "confusion_matrix": [
        [
          2583,
          847,
          305,
          1354,
          995,
          904,
          1435,
          221,
          1915
        ],
        [
          1421,
          2553,
          602,
          1535,
          896,
          1253,
          3434,
          397,
          2276
        ],
        [
          2680,
          1600,
          1534,
          3852,
          1530,
          2423,
          5451,
          634,
          3590
        ],
        [
          3040,
          2109,
          1415,
          6517,
          2194,
          3070,
          4713,
          1085,
          4616
        ],
        [
          5055,
          3293,
          942,
          5261,
          3739,
          3675,
          6555,
          1608,
          6007
        ],
        [
          2105,
          2040,
          1031,
          4004,
          1529,
          3220,
          4274,
          763,
          3935
        ],
        [
          3893,
          2839,
          1660,
          4603,
          2967,
          3375,
          12907,
          1788,
          6427
        ],
        [
          2747,
          975,
          852,
          2643,
          1889,
          1928,
          5957,
          1048,
          4900
        ],
        [
          869,
          526,
          114,
          811,
          866,
          902,
          1494,
          307,
          3466
        ]
      ]
    }
  },
  "test_metrics": {
    "classification": {
      "labels": [
        0,
        1,
        2,
        3,
        4,
        5,
        6,
        7,
        8
      ],
      "accuracy": 0.17637920243204577,
      "balanced_accuracy": 0.184466242262674,
      "precision_macro": 0.16705523438563044,
      "precision_micro": 0.17637920243204577,
      "precision_weighted": 0.18942380994222993,
      "recall_macro": 0.184466242262674,
      "recall_micro": 0.17637920243204577,
      "recall_weighted": 0.17637920243204577,
      "f1_macro": 0.15573424574164355,
      "f1_micro": 0.17637920243204577,
      "f1_weighted": 0.16851426118305782,
      "confusion_matrix": [
        [
          1082,
          378,
          124,
          614,
          455,
          386,
          584,
          87,
          876
        ],
        [
          599,
          1121,
          268,
          669,
          384,
          564,
          1517,
          183,
          1065
        ],
        [
          1151,
          686,
          647,
          1706,
          687,
          1104,
          2290,
          251,
          1503
        ],
        [
          1285,
          938,
          540,
          2648,
          937,
          1402,
          1965,
          460,
          1841
        ],
        [
          2128,
          1429,
          413,
          2231,
          1518,
          1551,
          2902,
          713,
          2473
        ],
        [
          918,
          893,
          453,
          1704,
          699,
          1381,
          1902,
          334,
          1668
        ],
        [
          1688,
          1206,
          691,
          1996,
          1207,
          1387,
          5533,
          788,
          2829
        ],
        [
          1145,
          451,
          382,
          1123,
          841,
          864,
          2583,
          423,
          2102
        ],
        [
          368,
          216,
          38,
          386,
          343,
          411,
          601,
          135,
          1428
        ]
      ]
    }
  },
  "run_timestamp": "20251226_195954_242786",
  "params_hash": "7ed94ade8e79dcc6ed1d6ff6dd5ef345a308d151d2ec5cb63cbb6570b9b15e44"
}