{
  "best_epoch": 0,
  "best_val_loss": null,
  "total_seconds": 1.5294333650090266,
  "epochs": [],
  "train_metrics": {
    "classification": {
      "labels": [
        0,
        1,
        2,
        3,
        4
      ],
      "accuracy": 0.28095301961986513,
      "balanced_accuracy": 0.2801664394544148,
      "precision_macro": 0.2697582536189474,
      "precision_micro": 0.28095301961986513,
      "precision_weighted": 0.2947519506183199,
      "recall_macro": 0.2801664394544148,
      "recall_micro": 0.28095301961986513,
      "recall_weighted": 0.28095301961986513,
      "f1_macro": 0.2624267484259769,
      "f1_micro": 0.28095301961986513,
      "f1_weighted": 0.27819673672593104,
      "confusion_matrix": [
        [
          6526,
          2539,
          2470,
          2244,
          4467
        ],
        [
          8475,
          8727,
          5385,
          6000,
          12839
        ],
        [
          6637,
          4590,
          6821,
          5121,
          10432
        ],
        [
          10944,
          7656,
          7135,
          11711,
          19248
        ],
        [
          8329,
          8151,
          7789,
          9663,
          24869
        ]
      ]
    }
  },
  "test_metrics": {
    "classification": {
      "labels": [
        0,
        1,
        2,
        3,
        4
      ],
      "accuracy": 0.2791934907010014,
      "balanced_accuracy": 0.2776881695411741,
      "precision_macro": 0.26686569295133006,
      "precision_micro": 0.2791934907010014,
      "precision_weighted": 0.29150074567759077,
      "recall_macro": 0.2776881695411741,
      "recall_micro": 0.2791934907010014,
      "recall_weighted": 0.2791934907010014,
      "f1_macro": 0.26015689064928127,
      "f1_micro": 0.2791934907010014,
      "f1_weighted": 0.27601775308006815,
      "confusion_matrix": [
        [
          2896,
          1055,
          1143,
          1016,
          1973
        ],
        [
          3656,
          3680,
          2262,
          2708,
          5450
        ],
        [
          2915,
          1936,
          2785,
          2238,
          4290
        ],
        [
          4822,
          3272,
          3056,
          4881,
          8126
        ],
        [
          3609,
          3467,
          3402,
          4096,
          10738
        ]
      ]
    }
  },
  "run_timestamp": "20251226_201610_388432",
  "params_hash": "2debf66cc97d6f08d47c8f5fe6dca70a7e4f8cd06e884ef961e5b50616ec5b9e"
}