{
  "best_epoch": 0,
  "best_val_loss": null,
  "total_seconds": 0.00955153800896369,
  "epochs": [],
  "train_metrics": {
    "classification": {
      "labels": [
        0,
        1,
        2,
        3,
        4
      ],
      "accuracy": 0.2779761904761905,
      "balanced_accuracy": 0.23951621668028844,
      "precision_macro": 0.26540801959894667,
      "precision_micro": 0.2779761904761905,
      "precision_weighted": 0.28446655958998424,
      "recall_macro": 0.23951621668028844,
      "recall_micro": 0.2779761904761905,
      "recall_weighted": 0.2779761904761905,
      "f1_macro": 0.18905260649666014,
      "f1_micro": 0.2779761904761905,
      "f1_weighted": 0.2222287701967087,
      "confusion_matrix": [
        [
          338,
          4,
          0,
          287,
          576
        ],
        [
          467,
          9,
          24,
          814,
          1345
        ],
        [
          339,
          3,
          29,
          649,
          1118
        ],
        [
          627,
          5,
          43,
          1296,
          1683
        ],
        [
          530,
          9,
          12,
          1169,
          2064
        ]
      ]
    }
  },
  "test_metrics": {
    "classification": {
      "labels": [
        0,
        1,
        2,
        3,
        4
      ],
      "accuracy": 0.2722222222222222,
      "balanced_accuracy": 0.24210135054380677,
      "precision_macro": 0.24785892328950337,
      "precision_micro": 0.2722222222222222,
      "precision_weighted": 0.26685789794819487,
      "recall_macro": 0.24210135054380677,
      "recall_micro": 0.2722222222222222,
      "recall_weighted": 0.2722222222222222,
      "f1_macro": 0.18866809975631943,
      "f1_micro": 0.2722222222222222,
      "f1_weighted": 0.217308246227431,
      "confusion_matrix": [
        [
          158,
          2,
          0,
          124,
          206
        ],
        [
          202,
          7,
          10,
          345,
          587
        ],
        [
          161,
          4,
          12,
          294,
          466
        ],
        [
          268,
          4,
          30,
          516,
          733
        ],
        [
          225,
          9,
          2,
          520,
          875
        ]
      ]
    }
  },
  "run_timestamp": "20251208_141436_954991",
  "params_hash": "de4427082f5509719ec98dc7bef69a44918129c035e383f797460f968a261007"
}