{
  "best_epoch": 0,
  "best_val_loss": null,
  "total_seconds": 12.333943560981425,
  "epochs": [],
  "train_metrics": {
    "classification": {
      "labels": [
        0,
        1,
        2,
        3,
        4
      ],
      "accuracy": 0.33668474095646844,
      "balanced_accuracy": 0.3374102839459057,
      "precision_macro": 0.3158764363541255,
      "precision_micro": 0.33668474095646844,
      "precision_weighted": 0.35242157810802544,
      "recall_macro": 0.3374102839459057,
      "recall_micro": 0.33668474095646844,
      "recall_weighted": 0.33668474095646844,
      "f1_macro": 0.31183197440317667,
      "f1_micro": 0.33668474095646844,
      "f1_weighted": 0.33712890320692307,
      "confusion_matrix": [
        [
          9147,
          2488,
          858,
          2382,
          2985
        ],
        [
          7629,
          10241,
          3835,
          13899,
          7709
        ],
        [
          5176,
          4009,
          5520,
          8550,
          4022
        ],
        [
          11484,
          10011,
          8290,
          29948,
          13012
        ],
        [
          10450,
          5742,
          3132,
          12816,
          15433
        ]
      ]
    }
  },
  "test_metrics": {
    "classification": {
      "labels": [
        0,
        1,
        2,
        3,
        4
      ],
      "accuracy": 0.33293097281831185,
      "balanced_accuracy": 0.3327278539529101,
      "precision_macro": 0.3127014575758246,
      "precision_micro": 0.33293097281831185,
      "precision_weighted": 0.3474279970083692,
      "recall_macro": 0.3327278539529101,
      "recall_micro": 0.33293097281831185,
      "recall_weighted": 0.33293097281831185,
      "f1_macro": 0.30867160716578845,
      "f1_micro": 0.33293097281831185,
      "f1_weighted": 0.33301788775509894,
      "confusion_matrix": [
        [
          3878,
          1101,
          343,
          1123,
          1325
        ],
        [
          3233,
          4341,
          1581,
          6076,
          3434
        ],
        [
          2178,
          1647,
          2362,
          3693,
          1754
        ],
        [
          4849,
          4208,
          3523,
          12640,
          5487
        ],
        [
          4543,
          2597,
          1459,
          5530,
          6567
        ]
      ]
    }
  },
  "run_timestamp": "20251226_200653_146401",
  "params_hash": "fee6c26567633dbcce1cb31a061455faa450ed4bd749bff93eb9da403586b391"
}