{
  "best_epoch": 0,
  "best_val_loss": null,
  "total_seconds": 0.028241798005183227,
  "epochs": [],
  "train_metrics": {
    "classification": {
      "labels": [
        0,
        1,
        2,
        3,
        4,
        5,
        6,
        7,
        8
      ],
      "accuracy": 0.15699404761904762,
      "balanced_accuracy": 0.15859713309107576,
      "precision_macro": 0.13525357854386147,
      "precision_micro": 0.15699404761904762,
      "precision_weighted": 0.15618688406675965,
      "recall_macro": 0.15859713309107576,
      "recall_micro": 0.15699404761904762,
      "recall_weighted": 0.15699404761904762,
      "f1_macro": 0.1326161771932421,
      "f1_micro": 0.15699404761904762,
      "f1_weighted": 0.1450598955283993,
      "confusion_matrix": [
        [
          141,
          113,
          15,
          37,
          111,
          103,
          89,
          2,
          96
        ],
        [
          108,
          205,
          38,
          113,
          121,
          129,
          150,
          1,
          74
        ],
        [
          137,
          174,
          82,
          107,
          157,
          350,
          279,
          4,
          208
        ],
        [
          160,
          253,
          79,
          112,
          216,
          450,
          284,
          7,
          263
        ],
        [
          287,
          247,
          74,
          116,
          385,
          476,
          370,
          5,
          353
        ],
        [
          144,
          171,
          74,
          91,
          116,
          449,
          280,
          7,
          145
        ],
        [
          193,
          238,
          118,
          187,
          331,
          588,
          621,
          3,
          309
        ],
        [
          137,
          96,
          53,
          118,
          214,
          319,
          316,
          1,
          215
        ],
        [
          93,
          22,
          24,
          54,
          108,
          120,
          87,
          3,
          114
        ]
      ]
    }
  },
  "test_metrics": {
    "classification": {
      "labels": [
        0,
        1,
        2,
        3,
        4,
        5,
        6,
        7,
        8
      ],
      "accuracy": 0.1529513888888889,
      "balanced_accuracy": 0.15736100582842874,
      "precision_macro": 0.14571975055837733,
      "precision_micro": 0.1529513888888889,
      "precision_weighted": 0.16760591438357608,
      "recall_macro": 0.15736100582842874,
      "recall_micro": 0.1529513888888889,
      "recall_weighted": 0.1529513888888889,
      "f1_macro": 0.12932742501031902,
      "f1_micro": 0.1529513888888889,
      "f1_weighted": 0.14167827904667074,
      "confusion_matrix": [
        [
          51,
          43,
          9,
          12,
          43,
          42,
          27,
          0,
          41
        ],
        [
          44,
          93,
          19,
          35,
          54,
          63,
          59,
          0,
          29
        ],
        [
          59,
          68,
          25,
          62,
          72,
          151,
          125,
          3,
          82
        ],
        [
          77,
          98,
          31,
          66,
          80,
          198,
          128,
          0,
          123
        ],
        [
          124,
          98,
          35,
          51,
          155,
          222,
          182,
          0,
          135
        ],
        [
          55,
          75,
          30,
          51,
          53,
          192,
          102,
          2,
          78
        ],
        [
          106,
          107,
          43,
          84,
          167,
          232,
          254,
          5,
          134
        ],
        [
          59,
          32,
          20,
          54,
          105,
          136,
          144,
          2,
          94
        ],
        [
          29,
          15,
          14,
          16,
          41,
          32,
          40,
          0,
          43
        ]
      ]
    }
  },
  "run_timestamp": "20251208_103307_354628",
  "params_hash": "6736cdf2b278a4394ec785231821d6269e91855bab623ed735e3ee3e4648dc09"
}