{
  "best_epoch": 0,
  "best_val_loss": null,
  "total_seconds": 5.986048825994658,
  "epochs": [],
  "train_metrics": {
    "classification": {
      "labels": [
        0,
        1,
        2,
        3,
        4,
        5,
        6,
        7,
        8
      ],
      "accuracy": 0.22603559932556713,
      "balanced_accuracy": 0.1676333687303847,
      "precision_macro": 0.2126788619349538,
      "precision_micro": 0.22603559932556713,
      "precision_weighted": 0.21360552551416934,
      "recall_macro": 0.1676333687303847,
      "recall_micro": 0.22603559932556713,
      "recall_weighted": 0.22603559932556713,
      "f1_macro": 0.16021926713166285,
      "f1_micro": 0.22603559932556713,
      "f1_weighted": 0.1902611513824855,
      "confusion_matrix": [
        [
          638,
          213,
          587,
          1190,
          2343,
          590,
          4405,
          429,
          164
        ],
        [
          168,
          1059,
          608,
          1252,
          2653,
          547,
          7427,
          578,
          75
        ],
        [
          354,
          608,
          1271,
          2500,
          6085,
          1152,
          10362,
          767,
          195
        ],
        [
          141,
          388,
          1116,
          4766,
          7427,
          1940,
          11828,
          849,
          304
        ],
        [
          656,
          672,
          1162,
          3774,
          12080,
          2038,
          14171,
          1026,
          556
        ],
        [
          226,
          422,
          705,
          2694,
          5699,
          2960,
          9367,
          431,
          397
        ],
        [
          277,
          1015,
          1005,
          3441,
          8978,
          1758,
          22548,
          869,
          568
        ],
        [
          498,
          236,
          810,
          2364,
          5321,
          761,
          11488,
          1045,
          416
        ],
        [
          76,
          117,
          276,
          1339,
          2429,
          422,
          3483,
          391,
          822
        ]
      ]
    }
  },
  "test_metrics": {
    "classification": {
      "labels": [
        0,
        1,
        2,
        3,
        4,
        5,
        6,
        7,
        8
      ],
      "accuracy": 0.22452834406294706,
      "balanced_accuracy": 0.16679485697277852,
      "precision_macro": 0.20738836992134307,
      "precision_micro": 0.22452834406294706,
      "precision_weighted": 0.21031342645135256,
      "recall_macro": 0.16679485697277852,
      "recall_micro": 0.22452834406294706,
      "recall_weighted": 0.22452834406294706,
      "f1_macro": 0.15852180534283922,
      "f1_micro": 0.22452834406294706,
      "f1_weighted": 0.18854600871704633,
      "confusion_matrix": [
        [
          255,
          96,
          236,
          557,
          1055,
          279,
          1814,
          210,
          84
        ],
        [
          85,
          453,
          297,
          539,
          1192,
          243,
          3267,
          258,
          36
        ],
        [
          159,
          280,
          549,
          1083,
          2594,
          503,
          4424,
          325,
          108
        ],
        [
          82,
          148,
          488,
          2007,
          3043,
          850,
          4916,
          348,
          134
        ],
        [
          278,
          303,
          553,
          1618,
          5087,
          876,
          5919,
          480,
          244
        ],
        [
          88,
          195,
          270,
          1168,
          2483,
          1333,
          4075,
          172,
          168
        ],
        [
          132,
          425,
          381,
          1503,
          3878,
          738,
          9639,
          370,
          259
        ],
        [
          216,
          118,
          323,
          1002,
          2264,
          350,
          5025,
          416,
          200
        ],
        [
          34,
          50,
          111,
          551,
          1047,
          176,
          1438,
          169,
          350
        ]
      ]
    }
  },
  "run_timestamp": "20251207_221852_927976",
  "params_hash": "f0f5bc76dbb13911f90833ea0394d17c4e01f229b0a0867758d27d5153838a79"
}