{
  "best_epoch": 0,
  "best_val_loss": null,
  "total_seconds": 0.08571961999405175,
  "epochs": [],
  "train_metrics": {
    "classification": {
      "labels": [
        0,
        1,
        2,
        3,
        4,
        5,
        6,
        7,
        8
      ],
      "accuracy": 0.1705357142857143,
      "balanced_accuracy": 0.16909199383854143,
      "precision_macro": 0.1642938175596327,
      "precision_micro": 0.1705357142857143,
      "precision_weighted": 0.18985594310205714,
      "recall_macro": 0.16909199383854143,
      "recall_micro": 0.1705357142857143,
      "recall_weighted": 0.1705357142857143,
      "f1_macro": 0.15396957853284252,
      "f1_micro": 0.1705357142857143,
      "f1_weighted": 0.17195936165680867,
      "confusion_matrix": [
        [
          150,
          26,
          55,
          69,
          128,
          81,
          65,
          30,
          103
        ],
        [
          102,
          90,
          83,
          106,
          127,
          92,
          137,
          33,
          169
        ],
        [
          169,
          74,
          146,
          176,
          199,
          218,
          199,
          50,
          267
        ],
        [
          257,
          55,
          186,
          243,
          258,
          230,
          226,
          86,
          283
        ],
        [
          308,
          149,
          139,
          214,
          603,
          256,
          253,
          93,
          298
        ],
        [
          169,
          66,
          108,
          196,
          222,
          284,
          184,
          50,
          198
        ],
        [
          301,
          115,
          173,
          277,
          425,
          303,
          512,
          109,
          373
        ],
        [
          195,
          71,
          87,
          108,
          231,
          159,
          280,
          98,
          240
        ],
        [
          61,
          13,
          37,
          41,
          107,
          101,
          64,
          35,
          166
        ]
      ]
    }
  },
  "test_metrics": {
    "classification": {
      "labels": [
        0,
        1,
        2,
        3,
        4,
        5,
        6,
        7,
        8
      ],
      "accuracy": 0.1597222222222222,
      "balanced_accuracy": 0.16258722719395063,
      "precision_macro": 0.15178014671016854,
      "precision_micro": 0.1597222222222222,
      "precision_weighted": 0.18073792967856764,
      "recall_macro": 0.16258722719395063,
      "recall_micro": 0.1597222222222222,
      "recall_weighted": 0.1597222222222222,
      "f1_macro": 0.1414615088177622,
      "f1_micro": 0.1597222222222222,
      "f1_weighted": 0.16117630917452475,
      "confusion_matrix": [
        [
          57,
          11,
          25,
          22,
          61,
          24,
          24,
          13,
          31
        ],
        [
          55,
          30,
          31,
          34,
          44,
          44,
          74,
          12,
          72
        ],
        [
          85,
          35,
          49,
          101,
          82,
          81,
          93,
          19,
          102
        ],
        [
          111,
          33,
          73,
          101,
          107,
          116,
          101,
          34,
          125
        ],
        [
          142,
          59,
          51,
          105,
          238,
          132,
          121,
          30,
          124
        ],
        [
          70,
          28,
          59,
          89,
          89,
          112,
          72,
          22,
          97
        ],
        [
          142,
          40,
          70,
          106,
          200,
          126,
          228,
          60,
          160
        ],
        [
          93,
          32,
          36,
          48,
          77,
          71,
          114,
          35,
          140
        ],
        [
          22,
          5,
          15,
          18,
          42,
          33,
          17,
          8,
          70
        ]
      ]
    }
  },
  "run_timestamp": "20251208_103735_866188",
  "params_hash": "bd50d7babac7f168de98338954304fb633f561929a60a67fa28dbdf74a9baccc"
}