{
  "best_epoch": 0,
  "best_val_loss": null,
  "total_seconds": 0.6421254099986982,
  "epochs": [],
  "train_metrics": {
    "classification": {
      "labels": [
        0,
        1,
        2,
        3,
        4
      ],
      "accuracy": 0.2779401057633354,
      "balanced_accuracy": 0.23180150931061286,
      "precision_macro": 0.2413869881310446,
      "precision_micro": 0.2779401057633354,
      "precision_weighted": 0.2625306889040459,
      "recall_macro": 0.23180150931061286,
      "recall_micro": 0.2779401057633354,
      "recall_weighted": 0.2779401057633354,
      "f1_macro": 0.22896206429652172,
      "f1_micro": 0.2779401057633354,
      "f1_weighted": 0.26402103902848756,
      "confusion_matrix": [
        [
          1193,
          2633,
          1611,
          6219,
          6590
        ],
        [
          1555,
          8688,
          4003,
          11974,
          15206
        ],
        [
          1139,
          4973,
          4117,
          9727,
          13645
        ],
        [
          2176,
          8866,
          5204,
          19980,
          20468
        ],
        [
          1928,
          9239,
          5487,
          18100,
          24047
        ]
      ]
    }
  },
  "test_metrics": {
    "classification": {
      "labels": [
        0,
        1,
        2,
        3,
        4
      ],
      "accuracy": 0.27933878755364805,
      "balanced_accuracy": 0.23308291032636824,
      "precision_macro": 0.24321986912026747,
      "precision_micro": 0.27933878755364805,
      "precision_weighted": 0.26371438320850193,
      "recall_macro": 0.23308291032636824,
      "recall_micro": 0.27933878755364805,
      "recall_weighted": 0.27933878755364805,
      "f1_macro": 0.2302012344552767,
      "f1_micro": 0.27933878755364805,
      "f1_weighted": 0.26519991313440977,
      "confusion_matrix": [
        [
          521,
          1134,
          749,
          2755,
          2924
        ],
        [
          622,
          3750,
          1755,
          5298,
          6331
        ],
        [
          433,
          2079,
          1768,
          4178,
          5706
        ],
        [
          953,
          3715,
          2212,
          8536,
          8741
        ],
        [
          821,
          3976,
          2363,
          7734,
          10418
        ]
      ]
    }
  },
  "run_timestamp": "20251227_011316_974236",
  "params_hash": "29da150cd1e1ec84a8f096be51abac73dbf8a5e86f63626130488066bde13b7b"
}