{
  "best_epoch": 0,
  "best_val_loss": null,
  "total_seconds": 0.015438945993082598,
  "epochs": [],
  "train_metrics": {
    "classification": {
      "labels": [
        0,
        1,
        2,
        3,
        4,
        5,
        6,
        7,
        8
      ],
      "accuracy": 0.15595238095238095,
      "balanced_accuracy": 0.15007378826058637,
      "precision_macro": 0.12863118569780102,
      "precision_micro": 0.15595238095238095,
      "precision_weighted": 0.14909846789766623,
      "recall_macro": 0.15007378826058637,
      "recall_micro": 0.15595238095238095,
      "recall_weighted": 0.15595238095238095,
      "f1_macro": 0.1302820710924519,
      "f1_micro": 0.15595238095238095,
      "f1_weighted": 0.1442388736560991,
      "confusion_matrix": [
        [
          138,
          153,
          49,
          67,
          93,
          56,
          111,
          0,
          40
        ],
        [
          125,
          237,
          105,
          109,
          96,
          87,
          163,
          0,
          17
        ],
        [
          202,
          226,
          193,
          174,
          109,
          151,
          392,
          0,
          51
        ],
        [
          299,
          270,
          180,
          184,
          117,
          231,
          450,
          0,
          93
        ],
        [
          334,
          385,
          222,
          219,
          243,
          149,
          606,
          0,
          155
        ],
        [
          168,
          196,
          125,
          159,
          93,
          216,
          440,
          0,
          80
        ],
        [
          256,
          334,
          260,
          298,
          188,
          274,
          819,
          0,
          159
        ],
        [
          161,
          195,
          153,
          214,
          105,
          120,
          416,
          0,
          105
        ],
        [
          62,
          115,
          58,
          71,
          52,
          66,
          135,
          0,
          66
        ]
      ]
    }
  },
  "test_metrics": {
    "classification": {
      "labels": [
        0,
        1,
        2,
        3,
        4,
        5,
        6,
        7,
        8
      ],
      "accuracy": 0.15572916666666667,
      "balanced_accuracy": 0.1562778044321573,
      "precision_macro": 0.12640724399115888,
      "precision_micro": 0.15572916666666667,
      "precision_weighted": 0.14565808216093265,
      "recall_macro": 0.1562778044321573,
      "recall_micro": 0.15572916666666667,
      "recall_weighted": 0.15572916666666667,
      "f1_macro": 0.13095260423061097,
      "f1_micro": 0.15572916666666667,
      "f1_weighted": 0.14264034303108544,
      "confusion_matrix": [
        [
          68,
          57,
          23,
          21,
          35,
          21,
          31,
          0,
          12
        ],
        [
          54,
          108,
          47,
          35,
          39,
          28,
          72,
          0,
          13
        ],
        [
          83,
          102,
          86,
          86,
          45,
          78,
          145,
          0,
          22
        ],
        [
          130,
          109,
          94,
          88,
          55,
          105,
          187,
          0,
          33
        ],
        [
          135,
          152,
          106,
          104,
          93,
          62,
          291,
          0,
          59
        ],
        [
          64,
          103,
          62,
          92,
          38,
          83,
          161,
          0,
          35
        ],
        [
          105,
          172,
          104,
          143,
          87,
          108,
          346,
          0,
          67
        ],
        [
          61,
          69,
          66,
          87,
          70,
          47,
          189,
          0,
          57
        ],
        [
          19,
          47,
          22,
          27,
          22,
          16,
          52,
          0,
          25
        ]
      ]
    }
  },
  "run_timestamp": "20251208_103119_894813",
  "params_hash": "5a0553fa032641ccb3c01236f7d9a764a5bd4fafd663d272cde0bb3ad30a0596"
}