{
  "best_epoch": 0,
  "best_val_loss": null,
  "total_seconds": 2.245855234999908,
  "epochs": [],
  "train_metrics": {
    "classification": {
      "labels": [
        0,
        1,
        2,
        3,
        4
      ],
      "accuracy": 0.2921855839975475,
      "balanced_accuracy": 0.27672112957069855,
      "precision_macro": 0.2710668321828039,
      "precision_micro": 0.2921855839975475,
      "precision_weighted": 0.2974478543432396,
      "recall_macro": 0.27672112957069855,
      "recall_micro": 0.2921855839975475,
      "recall_weighted": 0.2921855839975475,
      "f1_macro": 0.26563204227815385,
      "f1_micro": 0.2921855839975475,
      "f1_weighted": 0.2891575327737387,
      "confusion_matrix": [
        [
          5514,
          2961,
          1788,
          3049,
          4934
        ],
        [
          6993,
          9706,
          3858,
          8330,
          12539
        ],
        [
          6069,
          4633,
          4555,
          7688,
          10656
        ],
        [
          8970,
          8446,
          4818,
          16561,
          17899
        ],
        [
          7708,
          8338,
          5544,
          12548,
          24663
        ]
      ]
    }
  },
  "test_metrics": {
    "classification": {
      "labels": [
        0,
        1,
        2,
        3,
        4
      ],
      "accuracy": 0.29287374821173107,
      "balanced_accuracy": 0.2767191236508898,
      "precision_macro": 0.2711432387521087,
      "precision_micro": 0.29287374821173107,
      "precision_weighted": 0.29732403859026624,
      "recall_macro": 0.2767191236508898,
      "recall_micro": 0.29287374821173107,
      "recall_weighted": 0.29287374821173107,
      "f1_macro": 0.26577160881889483,
      "f1_micro": 0.29287374821173107,
      "f1_weighted": 0.2894845881035481,
      "confusion_matrix": [
        [
          2465,
          1294,
          811,
          1343,
          2170
        ],
        [
          2965,
          4153,
          1623,
          3621,
          5394
        ],
        [
          2646,
          2035,
          1854,
          3212,
          4417
        ],
        [
          3986,
          3563,
          1975,
          7046,
          7587
        ],
        [
          3376,
          3514,
          2301,
          5435,
          10686
        ]
      ]
    }
  },
  "run_timestamp": "20251226_201754_511724",
  "params_hash": "8430ef328c1216e708835d891d351e78f36370c1e52451ba73aa55229a87824f"
}