{
  "best_epoch": 0,
  "best_val_loss": null,
  "total_seconds": 1.181903913995484,
  "epochs": [],
  "train_metrics": {
    "classification": {
      "labels": [
        0,
        1,
        2,
        3,
        4
      ],
      "accuracy": 0.2796453479460454,
      "balanced_accuracy": 0.2611772647222195,
      "precision_macro": 0.2527276684356997,
      "precision_micro": 0.2796453479460454,
      "precision_weighted": 0.27745836124287565,
      "recall_macro": 0.2611772647222195,
      "recall_micro": 0.2796453479460454,
      "recall_weighted": 0.2796453479460454,
      "f1_macro": 0.2454359553250705,
      "f1_micro": 0.2796453479460454,
      "f1_weighted": 0.26636844013843286,
      "confusion_matrix": [
        [
          4851,
          3102,
          1795,
          2466,
          6032
        ],
        [
          6468,
          9696,
          4669,
          6362,
          14231
        ],
        [
          5167,
          7090,
          4255,
          4934,
          12155
        ],
        [
          8262,
          9500,
          5115,
          9857,
          23960
        ],
        [
          6463,
          9128,
          5415,
          8073,
          29722
        ]
      ]
    }
  },
  "test_metrics": {
    "classification": {
      "labels": [
        0,
        1,
        2,
        3,
        4
      ],
      "accuracy": 0.28060175250357655,
      "balanced_accuracy": 0.26150226478674093,
      "precision_macro": 0.2530117637105137,
      "precision_micro": 0.28060175250357655,
      "precision_weighted": 0.2777441194618699,
      "recall_macro": 0.26150226478674093,
      "recall_micro": 0.28060175250357655,
      "recall_weighted": 0.28060175250357655,
      "f1_macro": 0.24659815709913743,
      "f1_micro": 0.28060175250357655,
      "f1_weighted": 0.2678698663191313,
      "confusion_matrix": [
        [
          2158,
          1335,
          824,
          1076,
          2690
        ],
        [
          2709,
          4212,
          2037,
          2815,
          5983
        ],
        [
          2258,
          3113,
          1771,
          2063,
          4959
        ],
        [
          3635,
          4102,
          2098,
          4259,
          10063
        ],
        [
          2768,
          3891,
          2441,
          3506,
          12706
        ]
      ]
    }
  },
  "run_timestamp": "20251226_201514_118664",
  "params_hash": "264dbb315c3ae6c1e44a8733e6bca22cce7226b5bc9e130d908205b7d2b10e22"
}