{
  "best_epoch": 0,
  "best_val_loss": null,
  "total_seconds": 3.639797660987824,
  "epochs": [],
  "train_metrics": {
    "classification": {
      "labels": [
        0,
        1,
        2,
        3,
        4,
        5,
        6,
        7,
        8
      ],
      "accuracy": 0.1795006897608829,
      "balanced_accuracy": 0.19467204223897394,
      "precision_macro": 0.17226636819402458,
      "precision_micro": 0.1795006897608829,
      "precision_weighted": 0.20858575677799293,
      "recall_macro": 0.19467204223897394,
      "recall_micro": 0.1795006897608829,
      "recall_weighted": 0.1795006897608829,
      "f1_macro": 0.16046322108737984,
      "f1_micro": 0.1795006897608829,
      "f1_weighted": 0.18025818901137286,
      "confusion_matrix": [
        [
          5303,
          626,
          884,
          451,
          823,
          1147,
          540,
          286,
          1151
        ],
        [
          2520,
          1845,
          1278,
          814,
          1020,
          1968,
          1312,
          556,
          1379
        ],
        [
          4784,
          2820,
          2906,
          2323,
          2249,
          3853,
          2972,
          1146,
          2487
        ],
        [
          4901,
          2158,
          2161,
          4550,
          2116,
          4601,
          2592,
          804,
          2210
        ],
        [
          6905,
          2259,
          2650,
          3603,
          3716,
          5664,
          2627,
          944,
          3669
        ],
        [
          8024,
          2943,
          2318,
          5085,
          2837,
          10082,
          4585,
          1930,
          3546
        ],
        [
          9194,
          2060,
          2791,
          3611,
          2550,
          5725,
          6678,
          1586,
          4501
        ],
        [
          2372,
          934,
          1213,
          871,
          831,
          3135,
          2646,
          771,
          2170
        ],
        [
          1346,
          522,
          367,
          505,
          449,
          594,
          673,
          127,
          1623
        ]
      ]
    }
  },
  "test_metrics": {
    "classification": {
      "labels": [
        0,
        1,
        2,
        3,
        4,
        5,
        6,
        7,
        8
      ],
      "accuracy": 0.17674803290414878,
      "balanced_accuracy": 0.19010369229073273,
      "precision_macro": 0.17107100814429466,
      "precision_micro": 0.17674803290414878,
      "precision_weighted": 0.2062640923429787,
      "recall_macro": 0.19010369229073273,
      "recall_micro": 0.17674803290414878,
      "recall_weighted": 0.17674803290414878,
      "f1_macro": 0.1586226945864772,
      "f1_micro": 0.17674803290414878,
      "f1_weighted": 0.17815015067849999,
      "confusion_matrix": [
        [
          2203,
          317,
          393,
          231,
          342,
          473,
          243,
          143,
          521
        ],
        [
          1025,
          786,
          626,
          348,
          479,
          838,
          527,
          223,
          630
        ],
        [
          2065,
          1191,
          1281,
          1022,
          955,
          1659,
          1324,
          524,
          1020
        ],
        [
          2113,
          957,
          905,
          1950,
          939,
          1961,
          1065,
          349,
          948
        ],
        [
          2802,
          911,
          1104,
          1485,
          1611,
          2416,
          1256,
          392,
          1654
        ],
        [
          3402,
          1248,
          891,
          2181,
          1240,
          4139,
          1958,
          753,
          1554
        ],
        [
          3977,
          871,
          1223,
          1588,
          1101,
          2546,
          2844,
          660,
          1948
        ],
        [
          1010,
          420,
          482,
          391,
          348,
          1384,
          1129,
          355,
          974
        ],
        [
          603,
          221,
          145,
          230,
          210,
          277,
          257,
          60,
          645
        ]
      ]
    }
  },
  "run_timestamp": "20251226_200033_217451",
  "params_hash": "3e85c8b8d8628a41e78ccd7fe8b9ea095c4f73607a68fbf67690310d685b513d"
}