{
  "best_epoch": 0,
  "best_val_loss": null,
  "total_seconds": 0.025217397007509135,
  "epochs": [],
  "train_metrics": {
    "classification": {
      "labels": [
        0,
        1,
        2,
        3,
        4
      ],
      "accuracy": 0.2933779761904762,
      "balanced_accuracy": 0.25917547642029637,
      "precision_macro": 0.2525422101075577,
      "precision_micro": 0.2933779761904762,
      "precision_weighted": 0.276050830539882,
      "recall_macro": 0.25917547642029637,
      "recall_micro": 0.2933779761904762,
      "recall_weighted": 0.2933779761904762,
      "f1_macro": 0.23397407604707493,
      "f1_micro": 0.2933779761904762,
      "f1_weighted": 0.26320090842624094,
      "confusion_matrix": [
        [
          285,
          221,
          20,
          235,
          444
        ],
        [
          383,
          673,
          34,
          470,
          1099
        ],
        [
          298,
          366,
          50,
          456,
          968
        ],
        [
          416,
          630,
          99,
          770,
          1739
        ],
        [
          415,
          514,
          67,
          623,
          2165
        ]
      ]
    }
  },
  "test_metrics": {
    "classification": {
      "labels": [
        0,
        1,
        2,
        3,
        4
      ],
      "accuracy": 0.29149305555555555,
      "balanced_accuracy": 0.2618100252078581,
      "precision_macro": 0.2561923267617428,
      "precision_micro": 0.29149305555555555,
      "precision_weighted": 0.27594559861044565,
      "recall_macro": 0.2618100252078581,
      "recall_micro": 0.29149305555555555,
      "recall_weighted": 0.29149305555555555,
      "f1_macro": 0.23687039246270486,
      "f1_micro": 0.29149305555555555,
      "f1_weighted": 0.26221993124853915,
      "confusion_matrix": [
        [
          124,
          89,
          5,
          92,
          180
        ],
        [
          142,
          320,
          19,
          182,
          488
        ],
        [
          136,
          155,
          24,
          199,
          423
        ],
        [
          186,
          262,
          35,
          312,
          756
        ],
        [
          146,
          219,
          38,
          329,
          899
        ]
      ]
    }
  },
  "run_timestamp": "20251208_141653_557094",
  "params_hash": "d70edc9143240b00fb934cabcd56e78d8dc73e5afad8b73352a64ff6d41f5921"
}