{
  "best_epoch": 0,
  "best_val_loss": null,
  "total_seconds": 1.3601951220189221,
  "epochs": [],
  "train_metrics": {
    "classification": {
      "labels": [
        0,
        1,
        2,
        3,
        4
      ],
      "accuracy": 0.3132807709993869,
      "balanced_accuracy": 0.2957648976849763,
      "precision_macro": 0.2762979009905488,
      "precision_micro": 0.3132807709993869,
      "precision_weighted": 0.31161142578316264,
      "recall_macro": 0.2957648976849763,
      "recall_micro": 0.3132807709993869,
      "recall_weighted": 0.3132807709993869,
      "f1_macro": 0.26198837604857256,
      "f1_micro": 0.3132807709993869,
      "f1_weighted": 0.297022249021626,
      "confusion_matrix": [
        [
          9056,
          1585,
          634,
          3817,
          2768
        ],
        [
          8991,
          7240,
          2419,
          17411,
          7252
        ],
        [
          7194,
          3281,
          2281,
          10963,
          3558
        ],
        [
          12564,
          7432,
          4618,
          36200,
          11931
        ],
        [
          9345,
          4730,
          1945,
          20927,
          10626
        ]
      ]
    }
  },
  "test_metrics": {
    "classification": {
      "labels": [
        0,
        1,
        2,
        3,
        4
      ],
      "accuracy": 0.3108793812589413,
      "balanced_accuracy": 0.2937401278291325,
      "precision_macro": 0.2748260397985434,
      "precision_micro": 0.3108793812589413,
      "precision_weighted": 0.30853646199997486,
      "recall_macro": 0.2937401278291325,
      "recall_micro": 0.3108793812589413,
      "recall_weighted": 0.3108793812589413,
      "f1_macro": 0.26042509684843057,
      "f1_micro": 0.3108793812589413,
      "f1_weighted": 0.2941164611133213,
      "confusion_matrix": [
        [
          3894,
          682,
          280,
          1716,
          1198
        ],
        [
          4006,
          3041,
          1076,
          7325,
          3217
        ],
        [
          3048,
          1450,
          998,
          4550,
          1588
        ],
        [
          5148,
          3310,
          1886,
          15352,
          5011
        ],
        [
          4173,
          1983,
          813,
          9197,
          4530
        ]
      ]
    }
  },
  "run_timestamp": "20251227_011346_946004",
  "params_hash": "19a34504f5d23428173dd19c21bfe5c6d31dba8d714d01ca9985250cbde0d8f0"
}