{
  "best_epoch": 0,
  "best_val_loss": null,
  "total_seconds": 0.01737291800964158,
  "epochs": [],
  "train_metrics": {
    "classification": {
      "labels": [
        0,
        1,
        2,
        3,
        4,
        5,
        6,
        7,
        8
      ],
      "accuracy": 0.17232142857142857,
      "balanced_accuracy": 0.15886193803094556,
      "precision_macro": 0.12573763789224562,
      "precision_micro": 0.17232142857142857,
      "precision_weighted": 0.14518975218946942,
      "recall_macro": 0.15886193803094556,
      "recall_micro": 0.17232142857142857,
      "recall_weighted": 0.17232142857142857,
      "f1_macro": 0.12969979376349874,
      "f1_micro": 0.17232142857142857,
      "f1_weighted": 0.14729952732943777,
      "confusion_matrix": [
        [
          211,
          55,
          57,
          78,
          104,
          0,
          181,
          2,
          19
        ],
        [
          223,
          87,
          113,
          126,
          118,
          0,
          248,
          5,
          19
        ],
        [
          282,
          124,
          203,
          189,
          173,
          0,
          452,
          11,
          64
        ],
        [
          316,
          133,
          247,
          275,
          202,
          0,
          536,
          16,
          99
        ],
        [
          382,
          191,
          231,
          308,
          361,
          0,
          667,
          6,
          167
        ],
        [
          216,
          94,
          159,
          220,
          151,
          0,
          578,
          6,
          53
        ],
        [
          302,
          176,
          259,
          282,
          284,
          0,
          1060,
          9,
          216
        ],
        [
          162,
          124,
          170,
          186,
          145,
          0,
          533,
          4,
          145
        ],
        [
          59,
          44,
          75,
          79,
          71,
          0,
          180,
          2,
          115
        ]
      ]
    }
  },
  "test_metrics": {
    "classification": {
      "labels": [
        0,
        1,
        2,
        3,
        4,
        5,
        6,
        7,
        8
      ],
      "accuracy": 0.16024305555555557,
      "balanced_accuracy": 0.1522979038456624,
      "precision_macro": 0.12307188768400706,
      "precision_micro": 0.16024305555555557,
      "precision_weighted": 0.14143449785393344,
      "recall_macro": 0.1522979038456624,
      "recall_micro": 0.16024305555555557,
      "recall_weighted": 0.16024305555555557,
      "f1_macro": 0.12379972914691535,
      "f1_micro": 0.16024305555555557,
      "f1_weighted": 0.13938890610221194,
      "confusion_matrix": [
        [
          70,
          24,
          19,
          45,
          42,
          0,
          58,
          2,
          8
        ],
        [
          93,
          39,
          47,
          37,
          63,
          0,
          106,
          2,
          9
        ],
        [
          107,
          48,
          99,
          101,
          82,
          0,
          186,
          2,
          22
        ],
        [
          141,
          53,
          116,
          124,
          88,
          0,
          237,
          8,
          34
        ],
        [
          175,
          81,
          110,
          119,
          142,
          0,
          295,
          3,
          77
        ],
        [
          93,
          46,
          71,
          94,
          73,
          0,
          241,
          5,
          15
        ],
        [
          124,
          93,
          118,
          139,
          153,
          0,
          399,
          3,
          103
        ],
        [
          73,
          43,
          64,
          77,
          79,
          0,
          226,
          3,
          81
        ],
        [
          18,
          20,
          27,
          27,
          27,
          0,
          63,
          1,
          47
        ]
      ]
    }
  },
  "run_timestamp": "20251208_104252_569542",
  "params_hash": "cb72107c35ec30cd9504fb2c9a1ffacc2d0576b849c0d251d528e61aafe8ee5b"
}