{
  "best_epoch": 0,
  "best_val_loss": null,
  "total_seconds": 1.8525905149872415,
  "epochs": [],
  "train_metrics": {
    "classification": {
      "labels": [
        0,
        1,
        2,
        3,
        4
      ],
      "accuracy": 0.28866013948497854,
      "balanced_accuracy": 0.2816841963323936,
      "precision_macro": 0.27180494784038356,
      "precision_micro": 0.28866013948497854,
      "precision_weighted": 0.2953407463738021,
      "recall_macro": 0.2816841963323936,
      "recall_micro": 0.28866013948497854,
      "recall_weighted": 0.28866013948497854,
      "f1_macro": 0.26317220690332416,
      "f1_micro": 0.28866013948497854,
      "f1_weighted": 0.28152497637094637,
      "confusion_matrix": [
        [
          6703,
          2190,
          1746,
          2322,
          5285
        ],
        [
          7637,
          7122,
          4875,
          7609,
          14183
        ],
        [
          6055,
          3886,
          5523,
          6711,
          11426
        ],
        [
          9668,
          6628,
          5662,
          14145,
          20591
        ],
        [
          9049,
          6454,
          5880,
          10648,
          26770
        ]
      ]
    }
  },
  "test_metrics": {
    "classification": {
      "labels": [
        0,
        1,
        2,
        3,
        4
      ],
      "accuracy": 0.2913760729613734,
      "balanced_accuracy": 0.28251526949705014,
      "precision_macro": 0.27375105271421196,
      "precision_micro": 0.2913760729613734,
      "precision_weighted": 0.29747307678973695,
      "recall_macro": 0.28251526949705014,
      "recall_micro": 0.2913760729613734,
      "recall_weighted": 0.2913760729613734,
      "f1_macro": 0.26518584488940755,
      "f1_micro": 0.2913760729613734,
      "f1_weighted": 0.2842385055494992,
      "confusion_matrix": [
        [
          2940,
          934,
          815,
          1057,
          2337
        ],
        [
          3253,
          3097,
          2127,
          3251,
          6028
        ],
        [
          2630,
          1679,
          2296,
          2842,
          4717
        ],
        [
          4143,
          2723,
          2331,
          6138,
          8822
        ],
        [
          3859,
          2768,
          2535,
          4551,
          11599
        ]
      ]
    }
  },
  "run_timestamp": "20251226_195900_325782",
  "params_hash": "26f7a7bdcf8c125b7b9799abb238051371116edc1600cd18af985f600b9cb6f2"
}