{
  "best_epoch": 0,
  "best_val_loss": null,
  "total_seconds": 5.308491184026934,
  "epochs": [],
  "train_metrics": {
    "classification": {
      "labels": [
        0,
        1,
        2,
        3,
        4,
        5,
        6,
        7,
        8
      ],
      "accuracy": 0.1769524064990803,
      "balanced_accuracy": 0.2001205947080272,
      "precision_macro": 0.17929907327983946,
      "precision_micro": 0.1769524064990803,
      "precision_weighted": 0.2039981425634162,
      "recall_macro": 0.2001205947080272,
      "recall_micro": 0.1769524064990803,
      "recall_weighted": 0.1769524064990803,
      "f1_macro": 0.16337177388889676,
      "f1_micro": 0.1769524064990803,
      "f1_weighted": 0.17027876477846293,
      "confusion_matrix": [
        [
          2729,
          1223,
          279,
          1292,
          572,
          1017,
          1126,
          479,
          1842
        ],
        [
          2172,
          3037,
          633,
          1362,
          371,
          1081,
          3160,
          721,
          1830
        ],
        [
          2943,
          2146,
          1164,
          2880,
          756,
          2891,
          4725,
          1226,
          4563
        ],
        [
          3091,
          2708,
          1174,
          5071,
          1368,
          4604,
          3562,
          1618,
          5563
        ],
        [
          5014,
          3334,
          1146,
          4031,
          2241,
          4858,
          4896,
          2104,
          8511
        ],
        [
          2328,
          2506,
          1007,
          2829,
          874,
          5326,
          3175,
          1126,
          3730
        ],
        [
          3862,
          3508,
          1248,
          4510,
          1752,
          5033,
          10842,
          2784,
          6920
        ],
        [
          2391,
          1598,
          634,
          2398,
          1094,
          2395,
          4408,
          2462,
          5559
        ],
        [
          738,
          537,
          193,
          860,
          544,
          946,
          891,
          576,
          4070
        ]
      ]
    }
  },
  "test_metrics": {
    "classification": {
      "labels": [
        0,
        1,
        2,
        3,
        4,
        5,
        6,
        7,
        8
      ],
      "accuracy": 0.1740768061516452,
      "balanced_accuracy": 0.19753071284515628,
      "precision_macro": 0.17799417291666883,
      "precision_micro": 0.1740768061516452,
      "precision_weighted": 0.20141517614668128,
      "recall_macro": 0.19753071284515628,
      "recall_micro": 0.1740768061516452,
      "recall_weighted": 0.1740768061516452,
      "f1_macro": 0.16116223937937652,
      "f1_micro": 0.1740768061516452,
      "f1_weighted": 0.16758911445392186,
      "confusion_matrix": [
        [
          1182,
          574,
          118,
          584,
          239,
          435,
          424,
          189,
          841
        ],
        [
          893,
          1349,
          275,
          628,
          179,
          519,
          1404,
          305,
          818
        ],
        [
          1247,
          933,
          554,
          1299,
          347,
          1223,
          1920,
          565,
          1937
        ],
        [
          1361,
          1154,
          431,
          2050,
          566,
          1978,
          1483,
          638,
          2355
        ],
        [
          2257,
          1373,
          443,
          1738,
          859,
          2167,
          2025,
          874,
          3622
        ],
        [
          1011,
          1122,
          439,
          1237,
          362,
          2230,
          1425,
          490,
          1636
        ],
        [
          1692,
          1530,
          496,
          1842,
          745,
          2158,
          4607,
          1247,
          3008
        ],
        [
          1013,
          730,
          282,
          1044,
          461,
          1028,
          1887,
          1056,
          2413
        ],
        [
          342,
          204,
          78,
          361,
          216,
          398,
          389,
          250,
          1688
        ]
      ]
    }
  },
  "run_timestamp": "20251226_201637_230363",
  "params_hash": "993f5d3095a3a544e59f56477503675bc55a637b2febaad2e477d56a8557f474"
}