{
  "best_epoch": 0,
  "best_val_loss": null,
  "total_seconds": 0.009644899997510947,
  "epochs": [],
  "train_metrics": {
    "classification": {
      "labels": [
        0,
        1,
        2,
        3,
        4,
        5,
        6,
        7,
        8
      ],
      "accuracy": 0.15267857142857144,
      "balanced_accuracy": 0.149126521825377,
      "precision_macro": 0.08057978289400015,
      "precision_micro": 0.15267857142857144,
      "precision_weighted": 0.10022525876400191,
      "recall_macro": 0.149126521825377,
      "recall_micro": 0.15267857142857144,
      "recall_weighted": 0.15267857142857144,
      "f1_macro": 0.08434907545330059,
      "f1_micro": 0.15267857142857144,
      "f1_weighted": 0.1023221465102534,
      "confusion_matrix": [
        [
          110,
          0,
          0,
          0,
          66,
          13,
          271,
          0,
          247
        ],
        [
          89,
          0,
          0,
          0,
          79,
          26,
          340,
          0,
          405
        ],
        [
          150,
          0,
          0,
          0,
          112,
          57,
          675,
          0,
          504
        ],
        [
          177,
          0,
          0,
          0,
          114,
          71,
          810,
          0,
          652
        ],
        [
          248,
          0,
          0,
          0,
          180,
          162,
          936,
          0,
          787
        ],
        [
          127,
          0,
          0,
          0,
          141,
          111,
          650,
          0,
          448
        ],
        [
          286,
          0,
          0,
          0,
          207,
          95,
          1325,
          0,
          675
        ],
        [
          131,
          0,
          0,
          0,
          101,
          75,
          612,
          0,
          550
        ],
        [
          64,
          0,
          0,
          0,
          55,
          26,
          154,
          0,
          326
        ]
      ]
    }
  },
  "test_metrics": {
    "classification": {
      "labels": [
        0,
        1,
        2,
        3,
        4,
        5,
        6,
        7,
        8
      ],
      "accuracy": 0.14756944444444445,
      "balanced_accuracy": 0.14677262911582953,
      "precision_macro": 0.07870505931138239,
      "precision_micro": 0.14756944444444445,
      "precision_weighted": 0.10064123760265223,
      "recall_macro": 0.14677262911582953,
      "recall_micro": 0.14756944444444445,
      "recall_weighted": 0.14756944444444445,
      "f1_macro": 0.08152788305030972,
      "f1_micro": 0.14756944444444445,
      "f1_weighted": 0.1006757350868177,
      "confusion_matrix": [
        [
          49,
          0,
          0,
          0,
          22,
          7,
          98,
          0,
          92
        ],
        [
          46,
          0,
          0,
          0,
          26,
          7,
          151,
          0,
          166
        ],
        [
          77,
          0,
          0,
          0,
          46,
          23,
          292,
          0,
          209
        ],
        [
          89,
          0,
          0,
          0,
          53,
          26,
          373,
          0,
          260
        ],
        [
          117,
          0,
          0,
          0,
          84,
          76,
          395,
          0,
          330
        ],
        [
          62,
          0,
          0,
          0,
          52,
          43,
          303,
          0,
          178
        ],
        [
          123,
          0,
          0,
          0,
          81,
          52,
          561,
          0,
          315
        ],
        [
          53,
          0,
          0,
          0,
          53,
          34,
          259,
          0,
          247
        ],
        [
          19,
          0,
          0,
          0,
          22,
          7,
          69,
          0,
          113
        ]
      ]
    }
  },
  "run_timestamp": "20251208_101924_681494",
  "params_hash": "9c0f23079938c079435e93736463afeee8a65b106cfcb540a60603dd61be37e4"
}