{
  "best_epoch": 0,
  "best_val_loss": null,
  "total_seconds": 15.247149888979038,
  "epochs": [],
  "train_metrics": {
    "classification": {
      "labels": [
        0,
        1,
        2
      ],
      "accuracy": 0.4989797286940527,
      "balanced_accuracy": 0.4761173598140122,
      "precision_macro": 0.4708644673027979,
      "precision_micro": 0.4989797286940527,
      "precision_weighted": 0.5038738068179918,
      "recall_macro": 0.4761173598140122,
      "recall_micro": 0.4989797286940527,
      "recall_weighted": 0.4989797286940527,
      "f1_macro": 0.4726993312245666,
      "f1_micro": 0.4989797286940527,
      "f1_weighted": 0.5008448887053705,
      "confusion_matrix": [
        [
          13771,
          10660,
          11507
        ],
        [
          14037,
          42009,
          28907
        ],
        [
          13338,
          26148,
          48391
        ]
      ]
    }
  },
  "test_metrics": {
    "classification": {
      "labels": [
        0,
        1,
        2
      ],
      "accuracy": 0.4966358190271817,
      "balanced_accuracy": 0.47300864170910417,
      "precision_macro": 0.4687077078928102,
      "precision_micro": 0.4966358190271817,
      "precision_weighted": 0.5008157271547792,
      "recall_macro": 0.47300864170910417,
      "recall_micro": 0.4966358190271817,
      "recall_weighted": 0.4966358190271817,
      "f1_macro": 0.47021483123421565,
      "f1_micro": 0.4966358190271817,
      "f1_weighted": 0.498232063921256,
      "confusion_matrix": [
        [
          5925,
          4750,
          5113
        ],
        [
          6186,
          17603,
          12185
        ],
        [
          5674,
          11129,
          20907
        ]
      ]
    }
  },
  "run_timestamp": "20251226_202415_046387",
  "params_hash": "fefa5d66b2e59fef82091e5902e17893c17a18d3464d466abfccd810f5b73b55"
}