{
  "best_epoch": 0,
  "best_val_loss": null,
  "total_seconds": 0.033584403005079366,
  "epochs": [],
  "train_metrics": {
    "classification": {
      "labels": [
        0,
        1,
        2,
        3,
        4,
        5,
        6,
        7,
        8
      ],
      "accuracy": 0.16197916666666667,
      "balanced_accuracy": 0.16128843538687063,
      "precision_macro": 0.15276766124631286,
      "precision_micro": 0.16197916666666667,
      "precision_weighted": 0.17854832901080214,
      "recall_macro": 0.16128843538687063,
      "recall_micro": 0.16197916666666667,
      "recall_weighted": 0.16197916666666667,
      "f1_macro": 0.14095502428570653,
      "f1_micro": 0.16197916666666667,
      "f1_weighted": 0.15929317230514942,
      "confusion_matrix": [
        [
          69,
          75,
          44,
          43,
          155,
          67,
          74,
          8,
          172
        ],
        [
          74,
          148,
          106,
          30,
          161,
          52,
          165,
          10,
          193
        ],
        [
          118,
          168,
          187,
          118,
          190,
          173,
          268,
          16,
          260
        ],
        [
          171,
          197,
          190,
          187,
          238,
          189,
          285,
          52,
          315
        ],
        [
          221,
          236,
          175,
          136,
          523,
          186,
          403,
          51,
          382
        ],
        [
          110,
          134,
          165,
          110,
          194,
          193,
          237,
          29,
          305
        ],
        [
          210,
          263,
          206,
          147,
          423,
          270,
          616,
          61,
          392
        ],
        [
          108,
          168,
          119,
          95,
          263,
          128,
          308,
          35,
          245
        ],
        [
          36,
          15,
          27,
          22,
          112,
          94,
          92,
          8,
          219
        ]
      ]
    }
  },
  "test_metrics": {
    "classification": {
      "labels": [
        0,
        1,
        2,
        3,
        4,
        5,
        6,
        7,
        8
      ],
      "accuracy": 0.15399305555555556,
      "balanced_accuracy": 0.15649529604189596,
      "precision_macro": 0.14514616464845104,
      "precision_micro": 0.15399305555555556,
      "precision_weighted": 0.17138804402589822,
      "recall_macro": 0.15649529604189596,
      "recall_micro": 0.15399305555555556,
      "recall_weighted": 0.15399305555555556,
      "f1_macro": 0.13395486589520236,
      "f1_micro": 0.15399305555555556,
      "f1_weighted": 0.1521202743282532,
      "confusion_matrix": [
        [
          32,
          26,
          18,
          17,
          64,
          19,
          30,
          4,
          58
        ],
        [
          34,
          58,
          41,
          9,
          78,
          19,
          69,
          5,
          83
        ],
        [
          47,
          72,
          80,
          50,
          97,
          76,
          121,
          4,
          100
        ],
        [
          97,
          81,
          83,
          70,
          101,
          96,
          139,
          22,
          112
        ],
        [
          112,
          102,
          64,
          72,
          189,
          89,
          183,
          29,
          162
        ],
        [
          43,
          47,
          65,
          64,
          75,
          85,
          103,
          22,
          134
        ],
        [
          100,
          113,
          95,
          67,
          205,
          91,
          280,
          14,
          167
        ],
        [
          54,
          65,
          47,
          43,
          100,
          55,
          131,
          15,
          136
        ],
        [
          19,
          6,
          13,
          6,
          42,
          38,
          26,
          2,
          78
        ]
      ]
    }
  },
  "run_timestamp": "20251208_104733_702600",
  "params_hash": "11ef5c7ae227a9c491023d9d623d300a0fea83748e436ce8edc4b3d324a1de9d"
}