{
  "best_epoch": 0,
  "best_val_loss": null,
  "total_seconds": 0.0253953770006774,
  "epochs": [],
  "train_metrics": {
    "classification": {
      "labels": [
        0,
        1,
        2,
        3,
        4,
        5,
        6,
        7,
        8
      ],
      "accuracy": 0.16889880952380953,
      "balanced_accuracy": 0.19031657356076392,
      "precision_macro": 0.14421805973497528,
      "precision_micro": 0.16889880952380953,
      "precision_weighted": 0.17755121445159022,
      "recall_macro": 0.19031657356076392,
      "recall_micro": 0.16889880952380953,
      "recall_weighted": 0.16889880952380953,
      "f1_macro": 0.11964582986992885,
      "f1_micro": 0.16889880952380953,
      "f1_weighted": 0.1347758911643755,
      "confusion_matrix": [
        [
          274,
          4,
          15,
          13,
          87,
          139,
          14,
          31,
          158
        ],
        [
          142,
          3,
          15,
          4,
          122,
          233,
          25,
          83,
          202
        ],
        [
          250,
          18,
          48,
          15,
          238,
          521,
          48,
          166,
          349
        ],
        [
          234,
          15,
          40,
          11,
          245,
          616,
          46,
          156,
          314
        ],
        [
          459,
          17,
          53,
          28,
          298,
          584,
          50,
          142,
          401
        ],
        [
          257,
          26,
          56,
          14,
          290,
          1173,
          86,
          251,
          490
        ],
        [
          362,
          18,
          49,
          14,
          296,
          761,
          109,
          233,
          634
        ],
        [
          127,
          3,
          25,
          11,
          109,
          307,
          33,
          140,
          232
        ],
        [
          57,
          2,
          4,
          2,
          40,
          74,
          6,
          9,
          214
        ]
      ]
    }
  },
  "test_metrics": {
    "classification": {
      "labels": [
        0,
        1,
        2,
        3,
        4,
        5,
        6,
        7,
        8
      ],
      "accuracy": 0.16701388888888888,
      "balanced_accuracy": 0.18403254537958108,
      "precision_macro": 0.1559339283033104,
      "precision_micro": 0.16701388888888888,
      "precision_weighted": 0.1940802917844825,
      "recall_macro": 0.18403254537958108,
      "recall_micro": 0.16701388888888888,
      "recall_weighted": 0.16701388888888888,
      "f1_macro": 0.11985930087994937,
      "f1_micro": 0.16701388888888888,
      "f1_weighted": 0.138345536690975,
      "confusion_matrix": [
        [
          118,
          3,
          2,
          2,
          25,
          63,
          3,
          16,
          68
        ],
        [
          56,
          3,
          5,
          6,
          60,
          86,
          12,
          34,
          79
        ],
        [
          84,
          3,
          26,
          6,
          104,
          216,
          20,
          97,
          146
        ],
        [
          100,
          5,
          22,
          6,
          116,
          263,
          19,
          69,
          123
        ],
        [
          201,
          13,
          25,
          11,
          150,
          249,
          19,
          56,
          184
        ],
        [
          95,
          3,
          31,
          9,
          121,
          489,
          32,
          114,
          243
        ],
        [
          186,
          11,
          17,
          5,
          104,
          318,
          47,
          96,
          310
        ],
        [
          53,
          1,
          9,
          4,
          41,
          125,
          15,
          52,
          93
        ],
        [
          25,
          1,
          3,
          0,
          14,
          42,
          2,
          4,
          71
        ]
      ]
    }
  },
  "run_timestamp": "20251208_104602_711036",
  "params_hash": "82e673c344a755aa1d08c757cb0f832145abeeb8122a5e321c82dd259ed356f3"
}