{
  "best_epoch": 0,
  "best_val_loss": null,
  "total_seconds": 5.108019850013079,
  "epochs": [],
  "train_metrics": {
    "classification": {
      "labels": [
        0,
        1,
        2
      ],
      "accuracy": 0.4616895309625996,
      "balanced_accuracy": 0.4239496150608664,
      "precision_macro": 0.4254383924214004,
      "precision_micro": 0.4616895309625996,
      "precision_weighted": 0.45950443977537314,
      "recall_macro": 0.4239496150608664,
      "recall_micro": 0.4616895309625996,
      "recall_weighted": 0.4616895309625996,
      "f1_macro": 0.42457187639158117,
      "f1_micro": 0.4616895309625996,
      "f1_weighted": 0.46051032172253425,
      "confusion_matrix": [
        [
          9611,
          12111,
          14216
        ],
        [
          11742,
          43292,
          29919
        ],
        [
          12421,
          31973,
          43483
        ]
      ]
    }
  },
  "test_metrics": {
    "classification": {
      "labels": [
        0,
        1,
        2
      ],
      "accuracy": 0.4604345493562232,
      "balanced_accuracy": 0.4230737669894367,
      "precision_macro": 0.4249489417044601,
      "precision_micro": 0.4604345493562232,
      "precision_weighted": 0.457565021480036,
      "recall_macro": 0.4230737669894367,
      "recall_micro": 0.4604345493562232,
      "recall_weighted": 0.4604345493562232,
      "f1_macro": 0.4237783669064353,
      "f1_micro": 0.4604345493562232,
      "f1_weighted": 0.4588273005307838,
      "confusion_matrix": [
        [
          4162,
          5390,
          6236
        ],
        [
          5004,
          18387,
          12583
        ],
        [
          5354,
          13709,
          18647
        ]
      ]
    }
  },
  "run_timestamp": "20251227_012049_744514",
  "params_hash": "2a6d5a7df4f8d4dd34e803189e25e99f559b3af00a6c189bc48555e803d573f4"
}