{
  "best_epoch": 0,
  "best_val_loss": null,
  "total_seconds": 0.009649813990108669,
  "epochs": [],
  "train_metrics": {
    "classification": {
      "labels": [
        0,
        1,
        2,
        3,
        4
      ],
      "accuracy": 0.30944940476190474,
      "balanced_accuracy": 0.23999953510340627,
      "precision_macro": 0.18817909877791517,
      "precision_micro": 0.30944940476190474,
      "precision_weighted": 0.21407000955780597,
      "recall_macro": 0.23999953510340627,
      "recall_micro": 0.30944940476190474,
      "recall_weighted": 0.30944940476190474,
      "f1_macro": 0.18634780136828405,
      "f1_micro": 0.30944940476190474,
      "f1_weighted": 0.2340165684162255,
      "confusion_matrix": [
        [
          325,
          238,
          3,
          594,
          0
        ],
        [
          474,
          596,
          33,
          1697,
          0
        ],
        [
          272,
          332,
          25,
          1130,
          0
        ],
        [
          640,
          735,
          50,
          3213,
          0
        ],
        [
          404,
          642,
          27,
          2010,
          0
        ]
      ]
    }
  },
  "test_metrics": {
    "classification": {
      "labels": [
        0,
        1,
        2,
        3,
        4
      ],
      "accuracy": 0.3076388888888889,
      "balanced_accuracy": 0.23990877250813614,
      "precision_macro": 0.20508622895994794,
      "precision_micro": 0.3076388888888889,
      "precision_weighted": 0.2255584879469665,
      "recall_macro": 0.23990877250813614,
      "recall_micro": 0.3076388888888889,
      "recall_weighted": 0.3076388888888889,
      "f1_macro": 0.18569774695919206,
      "f1_micro": 0.3076388888888889,
      "f1_weighted": 0.23419275963791336,
      "confusion_matrix": [
        [
          149,
          98,
          2,
          241,
          0
        ],
        [
          183,
          239,
          8,
          760,
          0
        ],
        [
          141,
          146,
          12,
          447,
          0
        ],
        [
          278,
          362,
          10,
          1372,
          0
        ],
        [
          196,
          278,
          11,
          827,
          0
        ]
      ]
    }
  },
  "run_timestamp": "20251208_141532_996941",
  "params_hash": "b97842dd74ee53b59fe5a9436bb8eb92924558c48ecc9598fc9d88969511c131"
}