{
  "best_epoch": 0,
  "best_val_loss": null,
  "total_seconds": 0.008552091996534728,
  "epochs": [],
  "train_metrics": {
    "classification": {
      "labels": [
        0,
        1,
        2,
        3,
        4
      ],
      "accuracy": 0.3079613095238095,
      "balanced_accuracy": 0.24355483804788364,
      "precision_macro": 0.19756961333267561,
      "precision_micro": 0.3079613095238095,
      "precision_weighted": 0.24304791956558391,
      "recall_macro": 0.24355483804788364,
      "recall_micro": 0.3079613095238095,
      "recall_weighted": 0.3079613095238095,
      "f1_macro": 0.17725705451157575,
      "f1_micro": 0.3079613095238095,
      "f1_weighted": 0.22659690856397105,
      "confusion_matrix": [
        [
          428,
          108,
          0,
          596,
          28
        ],
        [
          650,
          294,
          0,
          1803,
          53
        ],
        [
          438,
          149,
          0,
          1123,
          49
        ],
        [
          817,
          374,
          0,
          3352,
          95
        ],
        [
          559,
          271,
          0,
          2188,
          65
        ]
      ]
    }
  },
  "test_metrics": {
    "classification": {
      "labels": [
        0,
        1,
        2,
        3,
        4
      ],
      "accuracy": 0.3081597222222222,
      "balanced_accuracy": 0.24426218935138647,
      "precision_macro": 0.19086882145825568,
      "precision_micro": 0.3081597222222222,
      "precision_weighted": 0.23648563975103856,
      "recall_macro": 0.24426218935138647,
      "recall_micro": 0.3081597222222222,
      "recall_weighted": 0.3081597222222222,
      "f1_macro": 0.1777624160116835,
      "f1_micro": 0.3081597222222222,
      "f1_weighted": 0.22848172186701382,
      "confusion_matrix": [
        [
          190,
          45,
          0,
          238,
          17
        ],
        [
          239,
          122,
          0,
          798,
          31
        ],
        [
          224,
          57,
          0,
          448,
          17
        ],
        [
          362,
          169,
          0,
          1435,
          56
        ],
        [
          238,
          110,
          0,
          936,
          28
        ]
      ]
    }
  },
  "run_timestamp": "20251208_141626_916672",
  "params_hash": "3dea235414169a9aa196106e09af4a9490cbe98e027e160e3e72089f005c5df2"
}