{
  "best_epoch": 0,
  "best_val_loss": null,
  "total_seconds": 9.626607677986613,
  "epochs": [],
  "train_metrics": {
    "classification": {
      "labels": [
        0,
        1,
        2,
        3,
        4,
        5,
        6,
        7,
        8
      ],
      "accuracy": 0.19254387645616186,
      "balanced_accuracy": 0.22268560048420158,
      "precision_macro": 0.18905915056989506,
      "precision_micro": 0.19254387645616186,
      "precision_weighted": 0.22640214240720136,
      "recall_macro": 0.22268560048420158,
      "recall_micro": 0.19254387645616186,
      "recall_weighted": 0.19254387645616186,
      "f1_macro": 0.1749797354674334,
      "f1_micro": 0.19254387645616186,
      "f1_weighted": 0.19129993305252857,
      "confusion_matrix": [
        [
          5911,
          905,
          739,
          585,
          742,
          896,
          237,
          225,
          971
        ],
        [
          3477,
          1797,
          1260,
          1075,
          747,
          1492,
          855,
          631,
          1358
        ],
        [
          5034,
          2208,
          3210,
          2562,
          2604,
          3905,
          2153,
          1293,
          2571
        ],
        [
          3714,
          1869,
          2503,
          4581,
          2872,
          4589,
          1979,
          1015,
          2971
        ],
        [
          6797,
          1555,
          2119,
          3210,
          6262,
          4728,
          1929,
          864,
          4573
        ],
        [
          6137,
          2156,
          2685,
          4696,
          4555,
          10795,
          2880,
          1807,
          5639
        ],
        [
          8547,
          2262,
          2448,
          3676,
          3652,
          5827,
          4186,
          1658,
          6440
        ],
        [
          2996,
          1373,
          846,
          915,
          929,
          2684,
          1713,
          927,
          2560
        ],
        [
          1331,
          540,
          233,
          279,
          252,
          571,
          342,
          130,
          2528
        ]
      ]
    }
  },
  "test_metrics": {
    "classification": {
      "labels": [
        0,
        1,
        2,
        3,
        4,
        5,
        6,
        7,
        8
      ],
      "accuracy": 0.18824883762517883,
      "balanced_accuracy": 0.21672456458985437,
      "precision_macro": 0.18612732492215478,
      "precision_micro": 0.18824883762517883,
      "precision_weighted": 0.2219958025141001,
      "recall_macro": 0.21672456458985437,
      "recall_micro": 0.18824883762517883,
      "recall_weighted": 0.18824883762517883,
      "f1_macro": 0.1717194931296053,
      "f1_micro": 0.18824883762517883,
      "f1_weighted": 0.18727447184215143,
      "confusion_matrix": [
        [
          2452,
          402,
          316,
          252,
          358,
          435,
          110,
          116,
          425
        ],
        [
          1450,
          775,
          585,
          497,
          308,
          696,
          354,
          238,
          579
        ],
        [
          2160,
          999,
          1432,
          997,
          1094,
          1709,
          950,
          582,
          1118
        ],
        [
          1706,
          837,
          1080,
          1903,
          1254,
          1939,
          823,
          416,
          1229
        ],
        [
          2817,
          651,
          868,
          1310,
          2737,
          1977,
          847,
          356,
          2068
        ],
        [
          2578,
          913,
          1117,
          2007,
          1998,
          4412,
          1153,
          775,
          2413
        ],
        [
          3712,
          1018,
          1076,
          1606,
          1615,
          2548,
          1709,
          718,
          2756
        ],
        [
          1326,
          550,
          376,
          387,
          416,
          1212,
          717,
          397,
          1112
        ],
        [
          612,
          228,
          105,
          117,
          113,
          244,
          154,
          49,
          1026
        ]
      ]
    }
  },
  "run_timestamp": "20251226_200511_558106",
  "params_hash": "acb98fa522631b6b1875739e01879acd11b475fc840293148c47f45a2614a06e"
}