{
  "best_epoch": 0,
  "best_val_loss": null,
  "total_seconds": 49.58384503101115,
  "epochs": [],
  "train_metrics": {
    "classification": {
      "labels": [
        0,
        1,
        2,
        3,
        4,
        5,
        6,
        7,
        8
      ],
      "accuracy": 0.2574388795217658,
      "balanced_accuracy": 0.3059466559332447,
      "precision_macro": 0.2535878807227803,
      "precision_micro": 0.2574388795217658,
      "precision_weighted": 0.29314384871276744,
      "recall_macro": 0.3059466559332447,
      "recall_micro": 0.2574388795217658,
      "recall_weighted": 0.2574388795217658,
      "f1_macro": 0.24679215446936245,
      "f1_micro": 0.2574388795217658,
      "f1_weighted": 0.2566329095312655,
      "confusion_matrix": [
        [
          6391,
          915,
          493,
          434,
          381,
          343,
          339,
          514,
          1401
        ],
        [
          2833,
          2777,
          1335,
          806,
          453,
          1286,
          760,
          1075,
          1367
        ],
        [
          3096,
          2396,
          4036,
          3594,
          2492,
          3157,
          1854,
          2172,
          2743
        ],
        [
          1781,
          1838,
          2463,
          7691,
          2578,
          4351,
          1952,
          1237,
          2202
        ],
        [
          4682,
          2286,
          1740,
          3936,
          7154,
          4237,
          2113,
          1947,
          3942
        ],
        [
          2709,
          1919,
          2652,
          6230,
          4154,
          12203,
          3698,
          3391,
          4394
        ],
        [
          4111,
          2767,
          1911,
          3802,
          3929,
          5782,
          6650,
          3383,
          6361
        ],
        [
          2185,
          1313,
          639,
          893,
          807,
          1959,
          1067,
          2983,
          3097
        ],
        [
          709,
          363,
          115,
          125,
          169,
          222,
          320,
          323,
          3860
        ]
      ]
    }
  },
  "test_metrics": {
    "classification": {
      "labels": [
        0,
        1,
        2,
        3,
        4,
        5,
        6,
        7,
        8
      ],
      "accuracy": 0.2544036123032904,
      "balanced_accuracy": 0.30133983775604156,
      "precision_macro": 0.25102191198361096,
      "precision_micro": 0.2544036123032904,
      "precision_weighted": 0.28998592324707917,
      "recall_macro": 0.30133983775604156,
      "recall_micro": 0.2544036123032904,
      "recall_weighted": 0.2544036123032904,
      "f1_macro": 0.24373747448541097,
      "f1_micro": 0.2544036123032904,
      "f1_weighted": 0.2537593182893908,
      "confusion_matrix": [
        [
          2670,
          406,
          200,
          192,
          182,
          184,
          146,
          249,
          637
        ],
        [
          1218,
          1170,
          598,
          403,
          184,
          534,
          311,
          478,
          586
        ],
        [
          1313,
          1100,
          1677,
          1541,
          1026,
          1434,
          820,
          973,
          1157
        ],
        [
          810,
          801,
          1058,
          3248,
          1063,
          1925,
          825,
          527,
          930
        ],
        [
          1875,
          993,
          687,
          1643,
          3088,
          1865,
          943,
          805,
          1732
        ],
        [
          1161,
          802,
          1098,
          2650,
          1735,
          5090,
          1575,
          1384,
          1871
        ],
        [
          1790,
          1224,
          808,
          1716,
          1783,
          2469,
          2921,
          1367,
          2680
        ],
        [
          986,
          513,
          281,
          392,
          345,
          875,
          469,
          1255,
          1377
        ],
        [
          301,
          154,
          44,
          60,
          61,
          120,
          126,
          139,
          1643
        ]
      ]
    }
  },
  "run_timestamp": "20251226_202430_887119",
  "params_hash": "3f10558c19ddc526b60db56e3d3f2fe48bc4cae36dc24f706198e2d308f77f58"
}