{
  "best_epoch": 0,
  "best_val_loss": null,
  "total_seconds": 2.8388037830009125,
  "epochs": [],
  "train_metrics": {
    "classification": {
      "labels": [
        0,
        1,
        2,
        3,
        4
      ],
      "accuracy": 0.2886649294911097,
      "balanced_accuracy": 0.2794256075087705,
      "precision_macro": 0.2707813061934975,
      "precision_micro": 0.2886649294911097,
      "precision_weighted": 0.29518131957721816,
      "recall_macro": 0.2794256075087705,
      "recall_micro": 0.2886649294911097,
      "recall_weighted": 0.2886649294911097,
      "f1_macro": 0.2643963282151519,
      "f1_micro": 0.2886649294911097,
      "f1_weighted": 0.28396264958422446,
      "confusion_matrix": [
        [
          6215,
          2542,
          2004,
          2884,
          4601
        ],
        [
          7688,
          8223,
          4463,
          8021,
          13031
        ],
        [
          6149,
          4305,
          5455,
          6483,
          11209
        ],
        [
          9448,
          7138,
          5772,
          14383,
          19953
        ],
        [
          7971,
          6965,
          6599,
          11278,
          25988
        ]
      ]
    }
  },
  "test_metrics": {
    "classification": {
      "labels": [
        0,
        1,
        2,
        3,
        4
      ],
      "accuracy": 0.28896190987124465,
      "balanced_accuracy": 0.27939948523143665,
      "precision_macro": 0.2704808719334292,
      "precision_micro": 0.28896190987124465,
      "precision_weighted": 0.2944115425315662,
      "recall_macro": 0.27939948523143665,
      "recall_micro": 0.28896190987124465,
      "recall_weighted": 0.28896190987124465,
      "f1_macro": 0.2643886562677893,
      "f1_micro": 0.28896190987124465,
      "f1_weighted": 0.2837798608691606,
      "confusion_matrix": [
        [
          2789,
          1089,
          932,
          1272,
          2001
        ],
        [
          3273,
          3470,
          2008,
          3475,
          5530
        ],
        [
          2693,
          1809,
          2283,
          2756,
          4623
        ],
        [
          4217,
          3032,
          2329,
          6034,
          8545
        ],
        [
          3430,
          2925,
          2816,
          4863,
          11278
        ]
      ]
    }
  },
  "run_timestamp": "20251226_201642_997587",
  "params_hash": "ac503c759a68354b12675fcedef7d6222d31cb6e6775fc4b2847ab987c00ae61"
}