{
  "best_epoch": 0,
  "best_val_loss": null,
  "total_seconds": 0.01768763200379908,
  "epochs": [],
  "train_metrics": {
    "classification": {
      "labels": [
        0,
        1,
        2,
        3,
        4
      ],
      "accuracy": 0.3098214285714286,
      "balanced_accuracy": 0.27626884823536824,
      "precision_macro": 0.2628665488472234,
      "precision_micro": 0.3098214285714286,
      "precision_weighted": 0.3008395966900959,
      "recall_macro": 0.27626884823536824,
      "recall_micro": 0.3098214285714286,
      "recall_weighted": 0.3098214285714286,
      "f1_macro": 0.23434644785004868,
      "f1_micro": 0.3098214285714286,
      "f1_weighted": 0.27437526984376487,
      "confusion_matrix": [
        [
          499,
          24,
          90,
          387,
          160
        ],
        [
          636,
          87,
          193,
          1360,
          524
        ],
        [
          430,
          41,
          175,
          853,
          260
        ],
        [
          794,
          98,
          373,
          2604,
          769
        ],
        [
          621,
          81,
          192,
          1390,
          799
        ]
      ]
    }
  },
  "test_metrics": {
    "classification": {
      "labels": [
        0,
        1,
        2,
        3,
        4
      ],
      "accuracy": 0.30694444444444446,
      "balanced_accuracy": 0.2727528413524346,
      "precision_macro": 0.23574428379797782,
      "precision_micro": 0.30694444444444446,
      "precision_weighted": 0.27754170472434636,
      "recall_macro": 0.2727528413524346,
      "recall_micro": 0.30694444444444446,
      "recall_weighted": 0.30694444444444446,
      "f1_macro": 0.22372752102686572,
      "f1_micro": 0.30694444444444446,
      "f1_weighted": 0.26792982616203564,
      "confusion_matrix": [
        [
          224,
          9,
          39,
          161,
          57
        ],
        [
          265,
          19,
          77,
          607,
          222
        ],
        [
          198,
          15,
          55,
          367,
          111
        ],
        [
          363,
          46,
          137,
          1134,
          342
        ],
        [
          311,
          32,
          85,
          548,
          336
        ]
      ]
    }
  },
  "run_timestamp": "20251208_141556_131901",
  "params_hash": "6c39fd9d10b97fbe4c2ada0f017400c1523d0153fd8c3a7b514cf1f4298c3c8c"
}