{
  "best_epoch": 0,
  "best_val_loss": null,
  "total_seconds": 1.7833377920032945,
  "epochs": [],
  "train_metrics": {
    "classification": {
      "labels": [
        0,
        1,
        2,
        3,
        4
      ],
      "accuracy": 0.3103588672593501,
      "balanced_accuracy": 0.28547129507978697,
      "precision_macro": 0.27594559961297904,
      "precision_micro": 0.3103588672593501,
      "precision_weighted": 0.3110727062618493,
      "recall_macro": 0.28547129507978697,
      "recall_micro": 0.3103588672593501,
      "recall_weighted": 0.3103588672593501,
      "f1_macro": 0.2538070722327391,
      "f1_micro": 0.3103588672593501,
      "f1_weighted": 0.29206238494408066,
      "confusion_matrix": [
        [
          8257,
          2039,
          694,
          4688,
          2182
        ],
        [
          9155,
          5900,
          2332,
          18726,
          7200
        ],
        [
          6450,
          2083,
          2662,
          12183,
          3899
        ],
        [
          14398,
          5677,
          3736,
          38110,
          10824
        ],
        [
          10489,
          5438,
          1989,
          19793,
          9864
        ]
      ]
    }
  },
  "test_metrics": {
    "classification": {
      "labels": [
        0,
        1,
        2,
        3,
        4
      ],
      "accuracy": 0.307023426323319,
      "balanced_accuracy": 0.2827510931273197,
      "precision_macro": 0.27414590846584613,
      "precision_micro": 0.307023426323319,
      "precision_weighted": 0.30826952137086183,
      "recall_macro": 0.2827510931273197,
      "recall_micro": 0.307023426323319,
      "recall_weighted": 0.307023426323319,
      "f1_macro": 0.2516604781192875,
      "f1_micro": 0.307023426323319,
      "f1_weighted": 0.28860924996091725,
      "confusion_matrix": [
        [
          3535,
          880,
          316,
          2127,
          912
        ],
        [
          4024,
          2596,
          996,
          8094,
          2955
        ],
        [
          2729,
          960,
          1087,
          5219,
          1639
        ],
        [
          6094,
          2485,
          1555,
          16014,
          4559
        ],
        [
          4651,
          2292,
          873,
          8642,
          4238
        ]
      ]
    }
  },
  "run_timestamp": "20251226_201451_277360",
  "params_hash": "f928af4147c270823c5427a398efc4c2b7628d81e2bb034e54aec445c105e8b2"
}