{
  "best_epoch": 0,
  "best_val_loss": null,
  "total_seconds": 0.010342115987441503,
  "epochs": [],
  "train_metrics": {
    "classification": {
      "labels": [
        0,
        1,
        2,
        3,
        4
      ],
      "accuracy": 0.31547619047619047,
      "balanced_accuracy": 0.2638057144428335,
      "precision_macro": 0.2762681531963982,
      "precision_micro": 0.31547619047619047,
      "precision_weighted": 0.3082001109194495,
      "recall_macro": 0.2638057144428335,
      "recall_micro": 0.31547619047619047,
      "recall_weighted": 0.31547619047619047,
      "f1_macro": 0.21714669060678973,
      "f1_micro": 0.31547619047619047,
      "f1_weighted": 0.26441454128140457,
      "confusion_matrix": [
        [
          472,
          80,
          3,
          512,
          93
        ],
        [
          684,
          192,
          52,
          1672,
          200
        ],
        [
          429,
          99,
          45,
          1019,
          167
        ],
        [
          850,
          220,
          60,
          3010,
          498
        ],
        [
          535,
          164,
          26,
          1837,
          521
        ]
      ]
    }
  },
  "test_metrics": {
    "classification": {
      "labels": [
        0,
        1,
        2,
        3,
        4
      ],
      "accuracy": 0.31805555555555554,
      "balanced_accuracy": 0.26736772358596383,
      "precision_macro": 0.29550401051986347,
      "precision_micro": 0.31805555555555554,
      "precision_weighted": 0.3201171178808422,
      "recall_macro": 0.26736772358596383,
      "recall_micro": 0.31805555555555554,
      "recall_weighted": 0.31805555555555554,
      "f1_macro": 0.2208589434635988,
      "f1_micro": 0.31805555555555554,
      "f1_weighted": 0.2671465623832407,
      "confusion_matrix": [
        [
          209,
          25,
          2,
          216,
          38
        ],
        [
          261,
          80,
          16,
          747,
          86
        ],
        [
          211,
          36,
          30,
          405,
          64
        ],
        [
          367,
          115,
          27,
          1309,
          204
        ],
        [
          229,
          69,
          11,
          799,
          204
        ]
      ]
    }
  },
  "run_timestamp": "20251208_141623_537582",
  "params_hash": "43cddc0efb97b16417ff60ec62b7c6491cc1f11bb8337f27f38d4b86ca4e153a"
}