{
  "best_epoch": 0,
  "best_val_loss": null,
  "total_seconds": 0.013177280998206697,
  "epochs": [],
  "train_metrics": {
    "classification": {
      "labels": [
        0,
        1,
        2,
        3,
        4
      ],
      "accuracy": 0.3205357142857143,
      "balanced_accuracy": 0.2600237568265682,
      "precision_macro": 0.27887545016199505,
      "precision_micro": 0.3205357142857143,
      "precision_weighted": 0.30750941465284193,
      "recall_macro": 0.2600237568265682,
      "recall_micro": 0.3205357142857143,
      "recall_weighted": 0.3205357142857143,
      "f1_macro": 0.2339336040046494,
      "f1_micro": 0.3205357142857143,
      "f1_weighted": 0.28437732785037495,
      "confusion_matrix": [
        [
          346,
          149,
          7,
          459,
          199
        ],
        [
          454,
          420,
          16,
          1485,
          425
        ],
        [
          231,
          201,
          31,
          1030,
          266
        ],
        [
          607,
          570,
          38,
          2801,
          622
        ],
        [
          434,
          314,
          21,
          1604,
          710
        ]
      ]
    }
  },
  "test_metrics": {
    "classification": {
      "labels": [
        0,
        1,
        2,
        3,
        4
      ],
      "accuracy": 0.3182291666666667,
      "balanced_accuracy": 0.25639713296158473,
      "precision_macro": 0.281952807041577,
      "precision_micro": 0.3182291666666667,
      "precision_weighted": 0.3097799219302719,
      "recall_macro": 0.25639713296158473,
      "recall_micro": 0.3182291666666667,
      "recall_weighted": 0.3182291666666667,
      "f1_macro": 0.23014673307845274,
      "f1_micro": 0.3182291666666667,
      "f1_weighted": 0.28283024807750784,
      "confusion_matrix": [
        [
          144,
          60,
          1,
          202,
          83
        ],
        [
          164,
          166,
          7,
          691,
          162
        ],
        [
          119,
          81,
          9,
          412,
          125
        ],
        [
          278,
          249,
          11,
          1186,
          298
        ],
        [
          190,
          124,
          2,
          668,
          328
        ]
      ]
    }
  },
  "run_timestamp": "20251208_141549_460900",
  "params_hash": "8303dd5dbaf84ed62f0ec2b2422c365da647ace94e0610b9162026808b70cb5a"
}