{
  "best_epoch": 0,
  "best_val_loss": null,
  "total_seconds": 2.622109593008645,
  "epochs": [],
  "train_metrics": {
    "classification": {
      "labels": [
        0,
        1,
        2,
        3,
        4,
        5,
        6,
        7,
        8
      ],
      "accuracy": 0.1636984595340282,
      "balanced_accuracy": 0.1815914225465755,
      "precision_macro": 0.1678788799866939,
      "precision_micro": 0.1636984595340282,
      "precision_weighted": 0.1933720998826936,
      "recall_macro": 0.1815914225465755,
      "recall_micro": 0.1636984595340282,
      "recall_weighted": 0.1636984595340282,
      "f1_macro": 0.15016772630148142,
      "f1_micro": 0.1636984595340282,
      "f1_weighted": 0.16061299611138913,
      "confusion_matrix": [
        [
          801,
          1662,
          550,
          1625,
          946,
          933,
          1115,
          476,
          2451
        ],
        [
          485,
          3844,
          739,
          1843,
          791,
          1294,
          2251,
          539,
          2581
        ],
        [
          858,
          3334,
          1637,
          3759,
          1282,
          3151,
          3485,
          804,
          4984
        ],
        [
          1227,
          3630,
          2280,
          5588,
          1833,
          4532,
          2523,
          1003,
          6143
        ],
        [
          1723,
          4408,
          1710,
          4760,
          3407,
          4854,
          4350,
          1355,
          9568
        ],
        [
          516,
          3311,
          1439,
          3657,
          1436,
          5091,
          2438,
          829,
          4184
        ],
        [
          1343,
          5932,
          1896,
          5546,
          2650,
          5257,
          8103,
          1834,
          7898
        ],
        [
          1151,
          2694,
          728,
          3108,
          1753,
          2832,
          3193,
          1584,
          5896
        ],
        [
          279,
          959,
          261,
          963,
          946,
          1030,
          470,
          327,
          4120
        ]
      ]
    }
  },
  "test_metrics": {
    "classification": {
      "labels": [
        0,
        1,
        2,
        3,
        4,
        5,
        6,
        7,
        8
      ],
      "accuracy": 0.16264306151645208,
      "balanced_accuracy": 0.18138841412050052,
      "precision_macro": 0.16777792840220873,
      "precision_micro": 0.16264306151645208,
      "precision_weighted": 0.19241421369941825,
      "recall_macro": 0.18138841412050052,
      "recall_micro": 0.16264306151645208,
      "recall_weighted": 0.16264306151645208,
      "f1_macro": 0.14952482375615894,
      "f1_micro": 0.16264306151645208,
      "f1_weighted": 0.15943364480869332,
      "confusion_matrix": [
        [
          337,
          737,
          234,
          691,
          392,
          427,
          464,
          196,
          1108
        ],
        [
          231,
          1692,
          308,
          820,
          333,
          579,
          1036,
          226,
          1145
        ],
        [
          327,
          1399,
          703,
          1613,
          564,
          1416,
          1453,
          372,
          2178
        ],
        [
          561,
          1530,
          900,
          2297,
          785,
          1837,
          1105,
          412,
          2589
        ],
        [
          780,
          1828,
          699,
          2075,
          1421,
          2047,
          1831,
          568,
          4109
        ],
        [
          247,
          1408,
          632,
          1558,
          609,
          2210,
          1115,
          320,
          1853
        ],
        [
          584,
          2619,
          786,
          2372,
          1152,
          2201,
          3420,
          789,
          3402
        ],
        [
          482,
          1153,
          354,
          1289,
          742,
          1228,
          1406,
          712,
          2548
        ],
        [
          110,
          396,
          109,
          390,
          363,
          453,
          196,
          149,
          1760
        ]
      ]
    }
  },
  "run_timestamp": "20251226_201348_744399",
  "params_hash": "c50569bd0e321caae2b5790059af5d27a689fd776c4121c7ac645cbbd1076da0"
}