{
  "best_epoch": 0,
  "best_val_loss": null,
  "total_seconds": 0.018497423006920144,
  "epochs": [],
  "train_metrics": {
    "classification": {
      "labels": [
        0,
        1,
        2,
        3,
        4,
        5,
        6,
        7,
        8
      ],
      "accuracy": 0.14895833333333333,
      "balanced_accuracy": 0.16944174292912542,
      "precision_macro": 0.12810570932290488,
      "precision_micro": 0.14895833333333333,
      "precision_weighted": 0.14791234174065007,
      "recall_macro": 0.16944174292912542,
      "recall_micro": 0.14895833333333333,
      "recall_weighted": 0.14895833333333333,
      "f1_macro": 0.10303424803669814,
      "f1_micro": 0.14895833333333333,
      "f1_weighted": 0.11164251041561046,
      "confusion_matrix": [
        [
          129,
          106,
          0,
          5,
          33,
          19,
          175,
          24,
          216
        ],
        [
          119,
          161,
          0,
          9,
          29,
          15,
          236,
          30,
          340
        ],
        [
          186,
          101,
          0,
          17,
          53,
          60,
          511,
          14,
          556
        ],
        [
          190,
          136,
          0,
          8,
          70,
          58,
          584,
          16,
          762
        ],
        [
          282,
          171,
          0,
          22,
          115,
          92,
          731,
          21,
          879
        ],
        [
          128,
          163,
          0,
          4,
          67,
          79,
          491,
          13,
          532
        ],
        [
          339,
          178,
          0,
          23,
          76,
          86,
          1091,
          53,
          742
        ],
        [
          177,
          56,
          0,
          9,
          54,
          69,
          459,
          31,
          614
        ],
        [
          62,
          9,
          0,
          6,
          11,
          39,
          91,
          19,
          388
        ]
      ]
    }
  },
  "test_metrics": {
    "classification": {
      "labels": [
        0,
        1,
        2,
        3,
        4,
        5,
        6,
        7,
        8
      ],
      "accuracy": 0.14027777777777778,
      "balanced_accuracy": 0.16314739843275483,
      "precision_macro": 0.12707661461142694,
      "precision_micro": 0.14027777777777778,
      "precision_weighted": 0.14921280578478435,
      "recall_macro": 0.16314739843275483,
      "recall_micro": 0.14027777777777778,
      "recall_weighted": 0.14027777777777778,
      "f1_macro": 0.09768343419185754,
      "f1_micro": 0.14027777777777778,
      "f1_weighted": 0.10717122335199082,
      "confusion_matrix": [
        [
          54,
          41,
          0,
          0,
          10,
          13,
          62,
          8,
          80
        ],
        [
          49,
          63,
          0,
          5,
          12,
          1,
          117,
          16,
          133
        ],
        [
          80,
          41,
          0,
          5,
          21,
          22,
          228,
          13,
          237
        ],
        [
          102,
          60,
          0,
          4,
          21,
          30,
          278,
          7,
          299
        ],
        [
          122,
          74,
          0,
          8,
          47,
          46,
          313,
          9,
          383
        ],
        [
          68,
          65,
          0,
          6,
          35,
          31,
          222,
          8,
          203
        ],
        [
          149,
          80,
          0,
          10,
          35,
          39,
          459,
          16,
          344
        ],
        [
          78,
          30,
          0,
          5,
          19,
          36,
          189,
          18,
          271
        ],
        [
          21,
          2,
          0,
          3,
          7,
          14,
          46,
          5,
          132
        ]
      ]
    }
  },
  "run_timestamp": "20251208_101958_163883",
  "params_hash": "54152ca55ed0cc5c2e12082c4e2edbe838d4e042f6245bf20de8edbafb9ce7bd"
}