{
  "best_epoch": 0,
  "best_val_loss": null,
  "total_seconds": 1.8742867429973558,
  "epochs": [],
  "train_metrics": {
    "classification": {
      "labels": [
        0,
        1,
        2,
        3,
        4,
        5,
        6,
        7,
        8
      ],
      "accuracy": 0.1726701410177805,
      "balanced_accuracy": 0.17811318072691928,
      "precision_macro": 0.162817510476661,
      "precision_micro": 0.1726701410177805,
      "precision_weighted": 0.18574074032864238,
      "recall_macro": 0.17811318072691928,
      "recall_micro": 0.1726701410177805,
      "recall_weighted": 0.1726701410177805,
      "f1_macro": 0.15109981181398122,
      "f1_micro": 0.1726701410177805,
      "f1_weighted": 0.1649437582390794,
      "confusion_matrix": [
        [
          2227,
          1818,
          522,
          1551,
          958,
          205,
          1299,
          433,
          1546
        ],
        [
          1541,
          3489,
          1080,
          1407,
          1278,
          265,
          3110,
          691,
          1506
        ],
        [
          2616,
          3319,
          2099,
          3251,
          2414,
          574,
          4895,
          1145,
          2981
        ],
        [
          2924,
          3884,
          2246,
          5009,
          2794,
          629,
          4926,
          2190,
          4157
        ],
        [
          4707,
          4658,
          1891,
          4690,
          4175,
          676,
          7002,
          2875,
          5461
        ],
        [
          2261,
          3207,
          1315,
          3003,
          2170,
          702,
          5308,
          1420,
          3515
        ],
        [
          2978,
          4930,
          1909,
          4371,
          3456,
          731,
          13068,
          3129,
          5887
        ],
        [
          2215,
          2175,
          1012,
          2395,
          2034,
          523,
          6312,
          2346,
          3927
        ],
        [
          832,
          732,
          412,
          1130,
          745,
          238,
          1629,
          704,
          2933
        ]
      ]
    }
  },
  "test_metrics": {
    "classification": {
      "labels": [
        0,
        1,
        2,
        3,
        4,
        5,
        6,
        7,
        8
      ],
      "accuracy": 0.17184146995708155,
      "balanced_accuracy": 0.17800745586899533,
      "precision_macro": 0.1629054717533474,
      "precision_micro": 0.17184146995708155,
      "precision_weighted": 0.1847760894614125,
      "recall_macro": 0.17800745586899533,
      "recall_micro": 0.17184146995708155,
      "recall_weighted": 0.17184146995708155,
      "f1_macro": 0.1508219874672788,
      "f1_micro": 0.17184146995708155,
      "f1_weighted": 0.16384944178097693,
      "confusion_matrix": [
        [
          927,
          809,
          228,
          709,
          426,
          89,
          523,
          218,
          657
        ],
        [
          702,
          1569,
          483,
          589,
          563,
          108,
          1378,
          309,
          669
        ],
        [
          1110,
          1437,
          943,
          1407,
          1084,
          240,
          2022,
          484,
          1298
        ],
        [
          1228,
          1662,
          932,
          2053,
          1153,
          249,
          2135,
          856,
          1748
        ],
        [
          2016,
          2016,
          743,
          2010,
          1693,
          283,
          3042,
          1238,
          2317
        ],
        [
          989,
          1395,
          580,
          1328,
          911,
          309,
          2292,
          644,
          1504
        ],
        [
          1286,
          2123,
          775,
          1885,
          1486,
          334,
          5594,
          1253,
          2589
        ],
        [
          961,
          925,
          437,
          1058,
          905,
          233,
          2700,
          1027,
          1668
        ],
        [
          331,
          289,
          181,
          477,
          302,
          125,
          662,
          299,
          1260
        ]
      ]
    }
  },
  "run_timestamp": "20251227_011456_066745",
  "params_hash": "606df46187d201b35cb3a0fe1feb754b52bcfa406ab1a33aeae5fe669eb3d409"
}