{
  "best_epoch": 0,
  "best_val_loss": null,
  "total_seconds": 4.257982004026417,
  "epochs": [],
  "train_metrics": {
    "classification": {
      "labels": [
        0,
        1,
        2,
        3,
        4,
        5,
        6,
        7,
        8
      ],
      "accuracy": 0.18148375229920294,
      "balanced_accuracy": 0.20520837055864957,
      "precision_macro": 0.1803453999897909,
      "precision_micro": 0.18148375229920294,
      "precision_weighted": 0.20423602442964628,
      "recall_macro": 0.20520837055864957,
      "recall_micro": 0.18148375229920294,
      "recall_weighted": 0.18148375229920294,
      "f1_macro": 0.16883423198104489,
      "f1_micro": 0.18148375229920294,
      "f1_weighted": 0.17631447636323117,
      "confusion_matrix": [
        [
          2583,
          1492,
          295,
          726,
          999,
          835,
          1025,
          498,
          2106
        ],
        [
          1851,
          3493,
          541,
          943,
          799,
          1528,
          2408,
          887,
          1917
        ],
        [
          2826,
          2936,
          1340,
          1787,
          1881,
          3650,
          4064,
          1416,
          3394
        ],
        [
          3232,
          2864,
          1218,
          2710,
          3148,
          5747,
          3509,
          1555,
          4776
        ],
        [
          4605,
          3250,
          1457,
          1839,
          5673,
          5037,
          4993,
          2091,
          7190
        ],
        [
          1922,
          2398,
          1008,
          1768,
          2188,
          6059,
          3636,
          1174,
          2748
        ],
        [
          3644,
          4833,
          1615,
          2249,
          3834,
          5893,
          9603,
          2729,
          6059
        ],
        [
          2540,
          1885,
          604,
          1118,
          2271,
          2993,
          4521,
          2189,
          4818
        ],
        [
          701,
          841,
          202,
          308,
          861,
          704,
          884,
          616,
          4238
        ]
      ]
    }
  },
  "test_metrics": {
    "classification": {
      "labels": [
        0,
        1,
        2,
        3,
        4,
        5,
        6,
        7,
        8
      ],
      "accuracy": 0.18124105865522175,
      "balanced_accuracy": 0.20556336355430757,
      "precision_macro": 0.18037647841915802,
      "precision_micro": 0.18124105865522175,
      "precision_weighted": 0.20316234209897382,
      "recall_macro": 0.20556336355430757,
      "recall_micro": 0.18124105865522175,
      "recall_weighted": 0.18124105865522175,
      "f1_macro": 0.16875558648206473,
      "f1_micro": 0.18124105865522175,
      "f1_weighted": 0.17563074797774886,
      "confusion_matrix": [
        [
          1129,
          667,
          136,
          315,
          474,
          364,
          383,
          185,
          933
        ],
        [
          805,
          1530,
          222,
          401,
          366,
          729,
          1056,
          420,
          841
        ],
        [
          1228,
          1232,
          594,
          765,
          818,
          1584,
          1729,
          609,
          1466
        ],
        [
          1406,
          1205,
          508,
          1139,
          1266,
          2460,
          1459,
          640,
          1933
        ],
        [
          2052,
          1394,
          597,
          757,
          2341,
          2245,
          2101,
          874,
          2997
        ],
        [
          821,
          1031,
          443,
          785,
          922,
          2684,
          1578,
          514,
          1174
        ],
        [
          1603,
          2068,
          679,
          942,
          1680,
          2542,
          4078,
          1166,
          2567
        ],
        [
          1079,
          829,
          270,
          424,
          1015,
          1316,
          2034,
          916,
          2031
        ],
        [
          286,
          342,
          66,
          133,
          358,
          301,
          355,
          280,
          1805
        ]
      ]
    }
  },
  "run_timestamp": "20251227_011731_122220",
  "params_hash": "1b7bd850bfd6243cc19a466f4d6a9b9ebe22f21b8358d21ba51e770c018acbbc"
}