{
  "best_epoch": 0,
  "best_val_loss": null,
  "total_seconds": 0.006168243999127299,
  "epochs": [],
  "train_metrics": {
    "classification": {
      "labels": [
        0,
        1,
        2,
        3,
        4
      ],
      "accuracy": 0.3025297619047619,
      "balanced_accuracy": 0.23374444804715563,
      "precision_macro": 0.17800505117839502,
      "precision_micro": 0.3025297619047619,
      "precision_weighted": 0.19991920810726052,
      "recall_macro": 0.23374444804715563,
      "recall_micro": 0.3025297619047619,
      "recall_weighted": 0.3025297619047619,
      "f1_macro": 0.14669543286710768,
      "f1_micro": 0.3025297619047619,
      "f1_weighted": 0.1945138754061874,
      "confusion_matrix": [
        [
          437,
          23,
          0,
          700,
          0
        ],
        [
          757,
          55,
          5,
          1983,
          0
        ],
        [
          389,
          78,
          5,
          1287,
          0
        ],
        [
          969,
          93,
          7,
          3569,
          0
        ],
        [
          588,
          85,
          5,
          2405,
          0
        ]
      ]
    }
  },
  "test_metrics": {
    "classification": {
      "labels": [
        0,
        1,
        2,
        3,
        4
      ],
      "accuracy": 0.309375,
      "balanced_accuracy": 0.23849407054251365,
      "precision_macro": 0.1888262221916531,
      "precision_micro": 0.309375,
      "precision_weighted": 0.21239347775969103,
      "recall_macro": 0.23849407054251365,
      "recall_micro": 0.309375,
      "recall_weighted": 0.309375,
      "f1_macro": 0.1492601737607226,
      "f1_micro": 0.309375,
      "f1_weighted": 0.20107019622396843,
      "confusion_matrix": [
        [
          195,
          9,
          0,
          286,
          0
        ],
        [
          290,
          23,
          2,
          875,
          0
        ],
        [
          221,
          36,
          2,
          487,
          0
        ],
        [
          430,
          27,
          3,
          1562,
          0
        ],
        [
          271,
          29,
          1,
          1011,
          0
        ]
      ]
    }
  },
  "run_timestamp": "20251208_141519_974392",
  "params_hash": "04624b00344712660bb809402cd9ee6a41be07c88873ebee0725206b9f3b31db"
}