{
  "best_epoch": 0,
  "best_val_loss": null,
  "total_seconds": 0.25006624500383623,
  "epochs": [],
  "train_metrics": {
    "classification": {
      "labels": [
        0,
        1,
        2,
        3,
        4,
        5,
        6,
        7,
        8
      ],
      "accuracy": 0.19322916666666667,
      "balanced_accuracy": 0.2251171862869297,
      "precision_macro": 0.20129662921228342,
      "precision_micro": 0.19322916666666667,
      "precision_weighted": 0.229033296694895,
      "recall_macro": 0.2251171862869297,
      "recall_micro": 0.19322916666666667,
      "recall_weighted": 0.19322916666666667,
      "f1_macro": 0.18698386789470703,
      "f1_micro": 0.19322916666666667,
      "f1_weighted": 0.19161517250810262,
      "confusion_matrix": [
        [
          211,
          105,
          42,
          26,
          67,
          64,
          27,
          41,
          124
        ],
        [
          130,
          298,
          101,
          38,
          66,
          54,
          76,
          51,
          125
        ],
        [
          192,
          223,
          160,
          111,
          134,
          219,
          134,
          87,
          238
        ],
        [
          266,
          193,
          134,
          184,
          178,
          273,
          148,
          115,
          333
        ],
        [
          338,
          250,
          130,
          158,
          402,
          282,
          195,
          135,
          423
        ],
        [
          152,
          146,
          76,
          87,
          127,
          412,
          124,
          122,
          231
        ],
        [
          310,
          310,
          136,
          149,
          272,
          363,
          481,
          177,
          390
        ],
        [
          194,
          173,
          81,
          74,
          165,
          147,
          184,
          168,
          283
        ],
        [
          62,
          39,
          18,
          24,
          81,
          38,
          44,
          38,
          281
        ]
      ]
    }
  },
  "test_metrics": {
    "classification": {
      "labels": [
        0,
        1,
        2,
        3,
        4,
        5,
        6,
        7,
        8
      ],
      "accuracy": 0.17482638888888888,
      "balanced_accuracy": 0.21339547704833484,
      "precision_macro": 0.1854355603079958,
      "precision_micro": 0.17482638888888888,
      "precision_weighted": 0.21400478029104064,
      "recall_macro": 0.21339547704833484,
      "recall_micro": 0.17482638888888888,
      "recall_weighted": 0.17482638888888888,
      "f1_macro": 0.1699118492923457,
      "f1_micro": 0.17482638888888888,
      "f1_weighted": 0.17427118466327665,
      "confusion_matrix": [
        [
          92,
          33,
          17,
          4,
          33,
          14,
          7,
          21,
          47
        ],
        [
          54,
          126,
          40,
          15,
          29,
          15,
          42,
          23,
          52
        ],
        [
          100,
          102,
          65,
          46,
          40,
          90,
          61,
          29,
          114
        ],
        [
          125,
          116,
          51,
          69,
          82,
          116,
          62,
          51,
          129
        ],
        [
          157,
          111,
          43,
          80,
          171,
          128,
          76,
          60,
          176
        ],
        [
          65,
          67,
          53,
          57,
          49,
          136,
          53,
          36,
          122
        ],
        [
          134,
          134,
          74,
          52,
          138,
          137,
          183,
          80,
          200
        ],
        [
          80,
          68,
          43,
          28,
          61,
          64,
          96,
          68,
          138
        ],
        [
          32,
          18,
          12,
          2,
          31,
          12,
          16,
          10,
          97
        ]
      ]
    }
  },
  "run_timestamp": "20251208_104006_840316",
  "params_hash": "e45fae7bf1d744beeb2f63bfc30db4ec1d7b3398268f893cf6692cc46bc7c53e"
}