{
  "best_epoch": 0,
  "best_val_loss": null,
  "total_seconds": 0.01063131500268355,
  "epochs": [],
  "train_metrics": {
    "classification": {
      "labels": [
        0,
        1,
        2,
        3,
        4
      ],
      "accuracy": 0.2976934523809524,
      "balanced_accuracy": 0.24557182947807946,
      "precision_macro": 0.25131947659148085,
      "precision_micro": 0.2976934523809524,
      "precision_weighted": 0.2860730561688418,
      "recall_macro": 0.24557182947807946,
      "recall_micro": 0.2976934523809524,
      "recall_weighted": 0.2976934523809524,
      "f1_macro": 0.24389188295716027,
      "f1_micro": 0.2976934523809524,
      "f1_weighted": 0.2894044063906704,
      "confusion_matrix": [
        [
          66,
          257,
          74,
          336,
          427
        ],
        [
          126,
          744,
          296,
          1033,
          601
        ],
        [
          41,
          356,
          284,
          693,
          385
        ],
        [
          170,
          889,
          574,
          1831,
          1174
        ],
        [
          55,
          570,
          287,
          1095,
          1076
        ]
      ]
    }
  },
  "test_metrics": {
    "classification": {
      "labels": [
        0,
        1,
        2,
        3,
        4
      ],
      "accuracy": 0.2899305555555556,
      "balanced_accuracy": 0.23706260507987245,
      "precision_macro": 0.24099276494856037,
      "precision_micro": 0.2899305555555556,
      "precision_weighted": 0.2790647506508471,
      "recall_macro": 0.23706260507987245,
      "recall_micro": 0.2899305555555556,
      "recall_weighted": 0.2899305555555556,
      "f1_macro": 0.23575155355786365,
      "f1_micro": 0.2899305555555556,
      "f1_weighted": 0.2826681748177239,
      "confusion_matrix": [
        [
          28,
          115,
          32,
          133,
          182
        ],
        [
          68,
          312,
          118,
          460,
          232
        ],
        [
          20,
          168,
          112,
          272,
          174
        ],
        [
          82,
          412,
          219,
          794,
          515
        ],
        [
          28,
          254,
          124,
          482,
          424
        ]
      ]
    }
  },
  "run_timestamp": "20251208_141430_812391",
  "params_hash": "de0b3d2e54dc99f8a58c20b1afcd53a3c8553961392764b180f29a1989c7d92e"
}