{
  "best_epoch": 0,
  "best_val_loss": null,
  "total_seconds": 0.010028842007159255,
  "epochs": [],
  "train_metrics": {
    "classification": {
      "labels": [
        0,
        1,
        2,
        3,
        4
      ],
      "accuracy": 0.27306547619047616,
      "balanced_accuracy": 0.24121839464170947,
      "precision_macro": 0.23356708508109172,
      "precision_micro": 0.27306547619047616,
      "precision_weighted": 0.25527098311097507,
      "recall_macro": 0.24121839464170947,
      "recall_micro": 0.27306547619047616,
      "recall_weighted": 0.27306547619047616,
      "f1_macro": 0.21166614949100854,
      "f1_micro": 0.27306547619047616,
      "f1_weighted": 0.240779417147807,
      "confusion_matrix": [
        [
          334,
          48,
          42,
          325,
          456
        ],
        [
          396,
          146,
          83,
          957,
          1077
        ],
        [
          260,
          92,
          88,
          800,
          898
        ],
        [
          573,
          196,
          131,
          1391,
          1363
        ],
        [
          572,
          179,
          143,
          1179,
          1711
        ]
      ]
    }
  },
  "test_metrics": {
    "classification": {
      "labels": [
        0,
        1,
        2,
        3,
        4
      ],
      "accuracy": 0.2607638888888889,
      "balanced_accuracy": 0.23268183329289402,
      "precision_macro": 0.22173263790953124,
      "precision_micro": 0.2607638888888889,
      "precision_weighted": 0.2458570886094685,
      "recall_macro": 0.23268183329289402,
      "recall_micro": 0.2607638888888889,
      "recall_weighted": 0.2607638888888889,
      "f1_macro": 0.20236377998097832,
      "f1_micro": 0.2607638888888889,
      "f1_weighted": 0.2314682183216447,
      "confusion_matrix": [
        [
          135,
          30,
          17,
          134,
          174
        ],
        [
          185,
          71,
          32,
          383,
          480
        ],
        [
          145,
          52,
          32,
          339,
          369
        ],
        [
          282,
          85,
          66,
          540,
          578
        ],
        [
          253,
          77,
          60,
          517,
          724
        ]
      ]
    }
  },
  "run_timestamp": "20251208_141430_711614",
  "params_hash": "d439c0a9125e81fee2476376d64b56335268aa08b9e5471e897eb228cd646e92"
}