{
  "best_epoch": 0,
  "best_val_loss": null,
  "total_seconds": 1.409711928019533,
  "epochs": [],
  "train_metrics": {
    "classification": {
      "labels": [
        0,
        1,
        2,
        3,
        4,
        5,
        6,
        7,
        8
      ],
      "accuracy": 0.17690929644389944,
      "balanced_accuracy": 0.1575271447400384,
      "precision_macro": 0.14892351880988222,
      "precision_micro": 0.17690929644389944,
      "precision_weighted": 0.17364165736457085,
      "recall_macro": 0.1575271447400384,
      "recall_micro": 0.17690929644389944,
      "recall_weighted": 0.17690929644389944,
      "f1_macro": 0.13090253374314476,
      "f1_micro": 0.17690929644389944,
      "f1_weighted": 0.15953196140833464,
      "confusion_matrix": [
        [
          460,
          198,
          280,
          1713,
          2137,
          601,
          2257,
          233,
          2680
        ],
        [
          443,
          399,
          699,
          2463,
          2544,
          746,
          3604,
          361,
          3108
        ],
        [
          678,
          338,
          1303,
          4774,
          3232,
          1675,
          6404,
          464,
          4426
        ],
        [
          918,
          414,
          1450,
          7850,
          4183,
          2134,
          6342,
          466,
          5002
        ],
        [
          1432,
          545,
          973,
          6837,
          6775,
          2559,
          8496,
          718,
          7800
        ],
        [
          631,
          324,
          888,
          5547,
          3361,
          2089,
          5723,
          381,
          3957
        ],
        [
          1324,
          701,
          1702,
          6905,
          5525,
          2730,
          14111,
          720,
          6741
        ],
        [
          1004,
          397,
          840,
          3710,
          3559,
          1327,
          6345,
          502,
          5255
        ],
        [
          218,
          186,
          113,
          1440,
          1863,
          684,
          1254,
          153,
          3444
        ]
      ]
    }
  },
  "test_metrics": {
    "classification": {
      "labels": [
        0,
        1,
        2,
        3,
        4,
        5,
        6,
        7,
        8
      ],
      "accuracy": 0.17539565450643776,
      "balanced_accuracy": 0.15872818550261933,
      "precision_macro": 0.1483250829159958,
      "precision_micro": 0.17539565450643776,
      "precision_weighted": 0.17181512015956232,
      "recall_macro": 0.15872818550261933,
      "recall_micro": 0.17539565450643776,
      "recall_weighted": 0.17539565450643776,
      "f1_macro": 0.13039139744968045,
      "f1_micro": 0.17539565450643776,
      "f1_weighted": 0.15731746320208567,
      "confusion_matrix": [
        [
          194,
          96,
          128,
          776,
          926,
          244,
          981,
          106,
          1135
        ],
        [
          179,
          174,
          255,
          1125,
          1129,
          350,
          1632,
          156,
          1370
        ],
        [
          329,
          177,
          567,
          2152,
          1338,
          707,
          2700,
          192,
          1863
        ],
        [
          384,
          170,
          562,
          3211,
          1757,
          944,
          2737,
          203,
          2048
        ],
        [
          587,
          236,
          423,
          2948,
          2819,
          1044,
          3656,
          359,
          3286
        ],
        [
          275,
          138,
          373,
          2354,
          1484,
          926,
          2571,
          149,
          1682
        ],
        [
          571,
          317,
          726,
          2925,
          2441,
          1067,
          6064,
          346,
          2868
        ],
        [
          411,
          175,
          373,
          1583,
          1591,
          582,
          2799,
          222,
          2178
        ],
        [
          93,
          64,
          47,
          623,
          712,
          250,
          535,
          86,
          1516
        ]
      ]
    }
  },
  "run_timestamp": "20251226_195742_750274",
  "params_hash": "0845559d55dedf2f160080a180164c210f216d6c215411adbefd04a27e0e97f8"
}