{
  "best_epoch": 0,
  "best_val_loss": null,
  "total_seconds": 0.0050283529999433085,
  "epochs": [],
  "train_metrics": {
    "classification": {
      "labels": [
        0,
        1,
        2,
        3,
        4
      ],
      "accuracy": 0.2990327380952381,
      "balanced_accuracy": 0.23044404255782447,
      "precision_macro": 0.19157089802006017,
      "precision_micro": 0.2990327380952381,
      "precision_weighted": 0.23907397283084283,
      "recall_macro": 0.23044404255782447,
      "recall_micro": 0.2990327380952381,
      "recall_weighted": 0.2990327380952381,
      "f1_macro": 0.1653305381516382,
      "f1_micro": 0.2990327380952381,
      "f1_weighted": 0.21797202648649466,
      "confusion_matrix": [
        [
          387,
          32,
          0,
          645,
          96
        ],
        [
          721,
          48,
          0,
          1844,
          187
        ],
        [
          357,
          43,
          0,
          1285,
          74
        ],
        [
          924,
          64,
          0,
          3320,
          330
        ],
        [
          637,
          63,
          0,
          2119,
          264
        ]
      ]
    }
  },
  "test_metrics": {
    "classification": {
      "labels": [
        0,
        1,
        2,
        3,
        4
      ],
      "accuracy": 0.30243055555555554,
      "balanced_accuracy": 0.2319573726573933,
      "precision_macro": 0.1868506113306766,
      "precision_micro": 0.30243055555555554,
      "precision_weighted": 0.236002779145505,
      "recall_macro": 0.2319573726573933,
      "recall_micro": 0.30243055555555554,
      "recall_weighted": 0.30243055555555554,
      "f1_macro": 0.16898837057741511,
      "f1_micro": 0.30243055555555554,
      "f1_weighted": 0.2240990997017298,
      "confusion_matrix": [
        [
          166,
          12,
          0,
          275,
          37
        ],
        [
          266,
          15,
          0,
          829,
          80
        ],
        [
          175,
          16,
          0,
          518,
          37
        ],
        [
          406,
          37,
          0,
          1425,
          154
        ],
        [
          260,
          31,
          0,
          885,
          136
        ]
      ]
    }
  },
  "run_timestamp": "20251208_141526_463897",
  "params_hash": "668fe58ffb5d15d2027810fd90fbb7ccd99a56005ef42ec9fdfb26fda2169655"
}