{
  "best_epoch": 0,
  "best_val_loss": null,
  "total_seconds": 0.01904435601318255,
  "epochs": [],
  "train_metrics": {
    "classification": {
      "labels": [
        0,
        1,
        2,
        3,
        4,
        5,
        6,
        7,
        8
      ],
      "accuracy": 0.1244047619047619,
      "balanced_accuracy": 0.16098789761065513,
      "precision_macro": 0.1366967776946104,
      "precision_micro": 0.1244047619047619,
      "precision_weighted": 0.16924106858370472,
      "recall_macro": 0.16098789761065513,
      "recall_micro": 0.1244047619047619,
      "recall_weighted": 0.1244047619047619,
      "f1_macro": 0.10757409160964633,
      "f1_micro": 0.1244047619047619,
      "f1_weighted": 0.10750497534145756,
      "confusion_matrix": [
        [
          113,
          115,
          34,
          119,
          80,
          35,
          6,
          0,
          233
        ],
        [
          66,
          196,
          71,
          161,
          55,
          47,
          7,
          1,
          225
        ],
        [
          122,
          297,
          147,
          437,
          149,
          74,
          36,
          2,
          389
        ],
        [
          65,
          219,
          110,
          602,
          179,
          77,
          17,
          3,
          405
        ],
        [
          143,
          317,
          116,
          463,
          288,
          78,
          23,
          2,
          602
        ],
        [
          158,
          447,
          158,
          684,
          310,
          94,
          51,
          2,
          739
        ],
        [
          225,
          343,
          179,
          572,
          241,
          113,
          66,
          4,
          733
        ],
        [
          129,
          128,
          64,
          233,
          47,
          54,
          22,
          0,
          310
        ],
        [
          56,
          30,
          20,
          99,
          12,
          10,
          14,
          1,
          166
        ]
      ]
    }
  },
  "test_metrics": {
    "classification": {
      "labels": [
        0,
        1,
        2,
        3,
        4,
        5,
        6,
        7,
        8
      ],
      "accuracy": 0.11788194444444444,
      "balanced_accuracy": 0.15001467247724312,
      "precision_macro": 0.13922779207052755,
      "precision_micro": 0.11788194444444444,
      "precision_weighted": 0.18206578605398718,
      "recall_macro": 0.15001467247724312,
      "recall_micro": 0.11788194444444444,
      "recall_weighted": 0.11788194444444444,
      "f1_macro": 0.10232537251630193,
      "f1_micro": 0.11788194444444444,
      "f1_weighted": 0.10562584591045797,
      "confusion_matrix": [
        [
          46,
          47,
          12,
          45,
          28,
          12,
          2,
          0,
          108
        ],
        [
          24,
          82,
          33,
          76,
          25,
          17,
          2,
          1,
          81
        ],
        [
          54,
          149,
          55,
          187,
          58,
          40,
          9,
          1,
          149
        ],
        [
          28,
          116,
          43,
          229,
          104,
          26,
          9,
          0,
          168
        ],
        [
          64,
          170,
          58,
          189,
          131,
          29,
          9,
          1,
          257
        ],
        [
          71,
          178,
          73,
          305,
          123,
          53,
          18,
          2,
          314
        ],
        [
          99,
          157,
          84,
          260,
          113,
          40,
          27,
          2,
          312
        ],
        [
          42,
          52,
          30,
          87,
          24,
          26,
          9,
          0,
          123
        ],
        [
          23,
          20,
          15,
          35,
          5,
          4,
          4,
          0,
          56
        ]
      ]
    }
  },
  "run_timestamp": "20251208_101855_909671",
  "params_hash": "447d81cd3553bb740ac214057ecab4ebfecc1e98ec8ca6927d7b11832008dc77"
}