{
  "best_epoch": 0,
  "best_val_loss": null,
  "total_seconds": 0.021516351000173017,
  "epochs": [],
  "train_metrics": {
    "classification": {
      "labels": [
        0,
        1,
        2,
        3,
        4
      ],
      "accuracy": 0.2785714285714286,
      "balanced_accuracy": 0.27002834719762214,
      "precision_macro": 0.2610732499554695,
      "precision_micro": 0.2785714285714286,
      "precision_weighted": 0.28384136812546334,
      "recall_macro": 0.27002834719762214,
      "recall_micro": 0.2785714285714286,
      "recall_weighted": 0.2785714285714286,
      "f1_macro": 0.24855617102243954,
      "f1_micro": 0.2785714285714286,
      "f1_weighted": 0.26652533730174444,
      "confusion_matrix": [
        [
          427,
          143,
          109,
          188,
          338
        ],
        [
          613,
          459,
          239,
          355,
          993
        ],
        [
          453,
          262,
          301,
          360,
          762
        ],
        [
          651,
          421,
          348,
          706,
          1528
        ],
        [
          527,
          418,
          348,
          640,
          1851
        ]
      ]
    }
  },
  "test_metrics": {
    "classification": {
      "labels": [
        0,
        1,
        2,
        3,
        4
      ],
      "accuracy": 0.26510416666666664,
      "balanced_accuracy": 0.26047691550925023,
      "precision_macro": 0.24833135649586907,
      "precision_micro": 0.26510416666666664,
      "precision_weighted": 0.26968405968970277,
      "recall_macro": 0.26047691550925023,
      "recall_micro": 0.26510416666666664,
      "recall_weighted": 0.26510416666666664,
      "f1_macro": 0.23825289376030137,
      "f1_micro": 0.26510416666666664,
      "f1_weighted": 0.25414952137458013,
      "confusion_matrix": [
        [
          173,
          55,
          34,
          99,
          129
        ],
        [
          261,
          192,
          118,
          146,
          434
        ],
        [
          198,
          108,
          135,
          156,
          340
        ],
        [
          258,
          196,
          167,
          277,
          653
        ],
        [
          236,
          196,
          171,
          278,
          750
        ]
      ]
    }
  },
  "run_timestamp": "20251208_141646_821277",
  "params_hash": "107cc9d08935ba8e8e40591f5d7b24fc707c84ee60e62a8baa2ee18efe9865c9"
}