{
  "best_epoch": 0,
  "best_val_loss": null,
  "total_seconds": 0.015351173002272844,
  "epochs": [],
  "train_metrics": {
    "classification": {
      "labels": [
        0,
        1,
        2,
        3,
        4
      ],
      "accuracy": 0.3003720238095238,
      "balanced_accuracy": 0.2682293439943497,
      "precision_macro": 0.24612604557848092,
      "precision_micro": 0.3003720238095238,
      "precision_weighted": 0.28128491465534594,
      "recall_macro": 0.2682293439943497,
      "recall_micro": 0.3003720238095238,
      "recall_weighted": 0.3003720238095238,
      "f1_macro": 0.22575489220025333,
      "f1_micro": 0.3003720238095238,
      "f1_weighted": 0.2664268702599345,
      "confusion_matrix": [
        [
          535,
          141,
          15,
          359,
          110
        ],
        [
          670,
          448,
          75,
          1293,
          314
        ],
        [
          482,
          219,
          58,
          812,
          188
        ],
        [
          843,
          498,
          153,
          2619,
          525
        ],
        [
          563,
          372,
          72,
          1699,
          377
        ]
      ]
    }
  },
  "test_metrics": {
    "classification": {
      "labels": [
        0,
        1,
        2,
        3,
        4
      ],
      "accuracy": 0.30451388888888886,
      "balanced_accuracy": 0.26944202212647517,
      "precision_macro": 0.24198032848338627,
      "precision_micro": 0.30451388888888886,
      "precision_weighted": 0.2814264174441004,
      "recall_macro": 0.26944202212647517,
      "recall_micro": 0.30451388888888886,
      "recall_weighted": 0.30451388888888886,
      "f1_macro": 0.22624398154707262,
      "f1_micro": 0.30451388888888886,
      "f1_weighted": 0.27085151069894264,
      "confusion_matrix": [
        [
          228,
          60,
          5,
          146,
          51
        ],
        [
          281,
          187,
          31,
          541,
          150
        ],
        [
          210,
          99,
          23,
          330,
          84
        ],
        [
          341,
          230,
          78,
          1155,
          218
        ],
        [
          260,
          166,
          27,
          698,
          161
        ]
      ]
    }
  },
  "run_timestamp": "20251208_141640_286124",
  "params_hash": "8fb556fd6361c1d5d1bb6328e58ee8b085d4cdcb19ceafef0fda504108739d4e"
}