{
  "best_epoch": 0,
  "best_val_loss": null,
  "total_seconds": 0.011125379998702556,
  "epochs": [],
  "train_metrics": {
    "classification": {
      "labels": [
        0,
        1,
        2,
        3,
        4,
        5,
        6,
        7,
        8
      ],
      "accuracy": 0.12514880952380952,
      "balanced_accuracy": 0.1418700253927098,
      "precision_macro": 0.1439591534038109,
      "precision_micro": 0.12514880952380952,
      "precision_weighted": 0.16252941193145556,
      "recall_macro": 0.1418700253927098,
      "recall_micro": 0.12514880952380952,
      "recall_weighted": 0.12514880952380952,
      "f1_macro": 0.09764917245974217,
      "f1_micro": 0.12514880952380952,
      "f1_weighted": 0.11332394216955902,
      "confusion_matrix": [
        [
          18,
          6,
          55,
          183,
          19,
          46,
          101,
          0,
          307
        ],
        [
          5,
          36,
          116,
          259,
          14,
          49,
          48,
          0,
          302
        ],
        [
          5,
          24,
          242,
          496,
          69,
          128,
          228,
          0,
          461
        ],
        [
          17,
          26,
          195,
          634,
          59,
          120,
          150,
          0,
          476
        ],
        [
          5,
          43,
          280,
          548,
          84,
          120,
          178,
          0,
          774
        ],
        [
          12,
          41,
          390,
          744,
          113,
          211,
          282,
          0,
          850
        ],
        [
          15,
          30,
          380,
          608,
          127,
          194,
          272,
          0,
          850
        ],
        [
          2,
          9,
          108,
          278,
          16,
          72,
          132,
          0,
          370
        ],
        [
          1,
          6,
          37,
          66,
          11,
          36,
          66,
          0,
          185
        ]
      ]
    }
  },
  "test_metrics": {
    "classification": {
      "labels": [
        0,
        1,
        2,
        3,
        4,
        5,
        6,
        7,
        8
      ],
      "accuracy": 0.1203125,
      "balanced_accuracy": 0.13135225700554118,
      "precision_macro": 0.12353649499439083,
      "precision_micro": 0.1203125,
      "precision_weighted": 0.1541932809052729,
      "recall_macro": 0.13135225700554118,
      "recall_micro": 0.1203125,
      "recall_weighted": 0.1203125,
      "f1_macro": 0.09177186783574996,
      "f1_micro": 0.1203125,
      "f1_weighted": 0.11136356436444553,
      "confusion_matrix": [
        [
          3,
          1,
          19,
          69,
          16,
          12,
          43,
          0,
          137
        ],
        [
          6,
          14,
          55,
          102,
          6,
          28,
          30,
          0,
          100
        ],
        [
          5,
          13,
          107,
          227,
          20,
          62,
          83,
          0,
          185
        ],
        [
          9,
          12,
          101,
          253,
          26,
          45,
          83,
          0,
          194
        ],
        [
          2,
          19,
          142,
          226,
          36,
          48,
          92,
          0,
          343
        ],
        [
          6,
          10,
          180,
          316,
          53,
          98,
          106,
          0,
          368
        ],
        [
          7,
          16,
          155,
          291,
          56,
          85,
          118,
          0,
          366
        ],
        [
          2,
          2,
          51,
          105,
          15,
          32,
          52,
          0,
          134
        ],
        [
          3,
          6,
          20,
          22,
          3,
          16,
          28,
          0,
          64
        ]
      ]
    }
  },
  "run_timestamp": "20251208_101822_790187",
  "params_hash": "1dede90cf95a14155d004e49c1a925658ea3b38889d6fc225ceeb75fbce32592"
}