{
  "best_epoch": 0,
  "best_val_loss": null,
  "total_seconds": 0.010542837000684813,
  "epochs": [],
  "train_metrics": {
    "classification": {
      "labels": [
        0,
        1,
        2,
        3,
        4
      ],
      "accuracy": 0.2855654761904762,
      "balanced_accuracy": 0.2568883623706488,
      "precision_macro": 0.23834219090291703,
      "precision_micro": 0.2855654761904762,
      "precision_weighted": 0.272325256256907,
      "recall_macro": 0.2568883623706488,
      "recall_micro": 0.2855654761904762,
      "recall_weighted": 0.2855654761904762,
      "f1_macro": 0.23077289520160224,
      "f1_micro": 0.2855654761904762,
      "f1_weighted": 0.2675405489978441,
      "confusion_matrix": [
        [
          454,
          160,
          51,
          324,
          171
        ],
        [
          549,
          530,
          154,
          1218,
          349
        ],
        [
          286,
          317,
          78,
          752,
          326
        ],
        [
          697,
          761,
          172,
          2216,
          792
        ],
        [
          621,
          396,
          86,
          1420,
          560
        ]
      ]
    }
  },
  "test_metrics": {
    "classification": {
      "labels": [
        0,
        1,
        2,
        3,
        4
      ],
      "accuracy": 0.27760416666666665,
      "balanced_accuracy": 0.2494581755040178,
      "precision_macro": 0.22984346845639436,
      "precision_micro": 0.27760416666666665,
      "precision_weighted": 0.26535922612902146,
      "recall_macro": 0.2494581755040178,
      "recall_micro": 0.27760416666666665,
      "recall_weighted": 0.27760416666666665,
      "f1_macro": 0.22286785545715584,
      "f1_micro": 0.27760416666666665,
      "f1_weighted": 0.26049566313567973,
      "confusion_matrix": [
        [
          189,
          66,
          22,
          142,
          71
        ],
        [
          241,
          240,
          84,
          506,
          119
        ],
        [
          115,
          127,
          35,
          329,
          140
        ],
        [
          328,
          338,
          74,
          942,
          340
        ],
        [
          285,
          190,
          35,
          609,
          193
        ]
      ]
    }
  },
  "run_timestamp": "20251208_141446_524123",
  "params_hash": "e3666acd84fa3f2883b73ce0d94013896913ce248a8efcca1b2493140d46d8f7"
}