{
  "best_epoch": 0,
  "best_val_loss": null,
  "total_seconds": 0.02640667400555685,
  "epochs": [],
  "train_metrics": {
    "regression": {
      "mae": 1.7763056755065918,
      "median_absolute_error": 1.6714768409729004,
      "mape": 0.5581709146499634,
      "mse": 4.414841651916504,
      "rmse": 2.101152458037375,
      "r2": 0.02563607692718506,
      "explained_variance": 0.02563619613647461,
      "max_error": 5.42370080947876
    }
  },
  "test_metrics": {
    "regression": {
      "mae": 1.7800713777542114,
      "median_absolute_error": 1.6716784238815308,
      "mape": 0.5666571259498596,
      "mse": 4.437174320220947,
      "rmse": 2.1064601397180405,
      "r2": 0.026932358741760254,
      "explained_variance": 0.026984870433807373,
      "max_error": 5.232943058013916
    }
  },
  "run_timestamp": "20251226_162622_357940",
  "params_hash": "65076aa0f0db7fdb13ef91ff874486da6b70b776e9d5c74f29c6ef55b95fbe2d"
}