{
  "best_epoch": 0,
  "best_val_loss": null,
  "total_seconds": 0.010068978008348495,
  "epochs": [],
  "train_metrics": {
    "classification": {
      "labels": [
        0,
        1,
        2,
        3,
        4
      ],
      "accuracy": 0.27976190476190477,
      "balanced_accuracy": 0.23016955508234163,
      "precision_macro": 0.1480902750063058,
      "precision_micro": 0.27976190476190477,
      "precision_weighted": 0.1799657308382301,
      "recall_macro": 0.23016955508234163,
      "recall_micro": 0.27976190476190477,
      "recall_weighted": 0.27976190476190477,
      "f1_macro": 0.17994544804963666,
      "f1_micro": 0.27976190476190477,
      "f1_weighted": 0.21864711681200139,
      "confusion_matrix": [
        [
          252,
          0,
          0,
          391,
          562
        ],
        [
          346,
          0,
          0,
          1061,
          1252
        ],
        [
          285,
          0,
          0,
          813,
          1040
        ],
        [
          510,
          0,
          0,
          1559,
          1585
        ],
        [
          497,
          0,
          0,
          1338,
          1949
        ]
      ]
    }
  },
  "test_metrics": {
    "classification": {
      "labels": [
        0,
        1,
        2,
        3,
        4
      ],
      "accuracy": 0.26805555555555555,
      "balanced_accuracy": 0.22069652034612833,
      "precision_macro": 0.14015366355210102,
      "precision_micro": 0.26805555555555555,
      "precision_weighted": 0.17215463588637353,
      "recall_macro": 0.22069652034612833,
      "recall_micro": 0.26805555555555555,
      "recall_weighted": 0.26805555555555555,
      "f1_macro": 0.17113455141861664,
      "f1_micro": 0.26805555555555555,
      "f1_weighted": 0.20931670213908957,
      "confusion_matrix": [
        [
          96,
          0,
          0,
          180,
          214
        ],
        [
          170,
          0,
          0,
          446,
          535
        ],
        [
          142,
          0,
          0,
          355,
          440
        ],
        [
          225,
          0,
          0,
          625,
          701
        ],
        [
          219,
          0,
          0,
          589,
          823
        ]
      ]
    }
  },
  "run_timestamp": "20251208_141427_616301",
  "params_hash": "a793fe34dfcbf09eaae89e422e0b5fb506b372a20f5cb201b5eb78f739075807"
}