{
  "best_epoch": 0,
  "best_val_loss": null,
  "total_seconds": 0.01825821600505151,
  "epochs": [],
  "train_metrics": {
    "classification": {
      "labels": [
        0,
        1,
        2,
        3,
        4,
        5,
        6,
        7,
        8
      ],
      "accuracy": 0.15483630952380953,
      "balanced_accuracy": 0.18130784158930519,
      "precision_macro": 0.15360527486895706,
      "precision_micro": 0.15483630952380953,
      "precision_weighted": 0.17789954717596781,
      "recall_macro": 0.18130784158930519,
      "recall_micro": 0.15483630952380953,
      "recall_weighted": 0.15483630952380953,
      "f1_macro": 0.13551428764885304,
      "f1_micro": 0.15483630952380953,
      "f1_weighted": 0.13361844218993507,
      "confusion_matrix": [
        [
          335,
          95,
          20,
          56,
          11,
          4,
          78,
          112,
          24
        ],
        [
          225,
          160,
          49,
          59,
          11,
          7,
          137,
          148,
          33
        ],
        [
          280,
          292,
          140,
          201,
          46,
          38,
          315,
          275,
          66
        ],
        [
          372,
          199,
          84,
          291,
          36,
          36,
          335,
          238,
          86
        ],
        [
          412,
          218,
          111,
          262,
          67,
          32,
          466,
          342,
          122
        ],
        [
          542,
          297,
          159,
          340,
          80,
          53,
          631,
          448,
          93
        ],
        [
          447,
          219,
          155,
          283,
          95,
          57,
          746,
          352,
          122
        ],
        [
          165,
          131,
          50,
          80,
          15,
          30,
          238,
          235,
          43
        ],
        [
          59,
          69,
          24,
          53,
          13,
          12,
          96,
          28,
          54
        ]
      ]
    }
  },
  "test_metrics": {
    "classification": {
      "labels": [
        0,
        1,
        2,
        3,
        4,
        5,
        6,
        7,
        8
      ],
      "accuracy": 0.15104166666666666,
      "balanced_accuracy": 0.17824507181629035,
      "precision_macro": 0.15337464222201294,
      "precision_micro": 0.15104166666666666,
      "precision_weighted": 0.18271009361330964,
      "recall_macro": 0.17824507181629035,
      "recall_micro": 0.15104166666666666,
      "recall_weighted": 0.15104166666666666,
      "f1_macro": 0.13221472891318056,
      "f1_micro": 0.15104166666666666,
      "f1_weighted": 0.1322080350861935,
      "confusion_matrix": [
        [
          132,
          48,
          11,
          24,
          5,
          5,
          23,
          41,
          11
        ],
        [
          94,
          74,
          13,
          26,
          3,
          8,
          53,
          60,
          10
        ],
        [
          108,
          137,
          48,
          87,
          16,
          20,
          123,
          136,
          27
        ],
        [
          140,
          96,
          32,
          120,
          15,
          13,
          160,
          101,
          46
        ],
        [
          161,
          118,
          51,
          121,
          41,
          10,
          213,
          143,
          50
        ],
        [
          216,
          137,
          59,
          156,
          38,
          25,
          264,
          205,
          37
        ],
        [
          199,
          95,
          76,
          138,
          40,
          31,
          324,
          136,
          55
        ],
        [
          56,
          51,
          29,
          27,
          8,
          9,
          112,
          84,
          17
        ],
        [
          25,
          29,
          14,
          14,
          5,
          5,
          41,
          7,
          22
        ]
      ]
    }
  },
  "run_timestamp": "20251208_104403_396071",
  "params_hash": "413bfec9b98c2e03f9c324296d3f9b44b55fac85440a7f29a373d29dc6ceca9c"
}