{
  "best_epoch": 0,
  "best_val_loss": null,
  "total_seconds": 0.0423619229986798,
  "epochs": [],
  "train_metrics": {
    "classification": {
      "labels": [
        0,
        1,
        2,
        3,
        4,
        5,
        6,
        7,
        8
      ],
      "accuracy": 0.17336309523809523,
      "balanced_accuracy": 0.2033581621819539,
      "precision_macro": 0.17730264741231572,
      "precision_micro": 0.17336309523809523,
      "precision_weighted": 0.21065655739433767,
      "recall_macro": 0.2033581621819539,
      "recall_micro": 0.17336309523809523,
      "recall_weighted": 0.17336309523809523,
      "f1_macro": 0.16219231281075222,
      "f1_micro": 0.17336309523809523,
      "f1_weighted": 0.17434540759806505,
      "confusion_matrix": [
        [
          340,
          41,
          22,
          40,
          45,
          75,
          36,
          61,
          75
        ],
        [
          200,
          115,
          45,
          59,
          39,
          120,
          43,
          83,
          125
        ],
        [
          325,
          164,
          119,
          155,
          134,
          240,
          132,
          152,
          232
        ],
        [
          327,
          111,
          76,
          230,
          173,
          319,
          117,
          118,
          206
        ],
        [
          434,
          115,
          114,
          140,
          291,
          308,
          146,
          185,
          299
        ],
        [
          384,
          160,
          130,
          250,
          185,
          563,
          263,
          312,
          396
        ],
        [
          368,
          128,
          148,
          192,
          236,
          462,
          380,
          188,
          374
        ],
        [
          125,
          65,
          47,
          77,
          68,
          168,
          96,
          143,
          198
        ],
        [
          51,
          19,
          10,
          30,
          25,
          63,
          49,
          12,
          149
        ]
      ]
    }
  },
  "test_metrics": {
    "classification": {
      "labels": [
        0,
        1,
        2,
        3,
        4,
        5,
        6,
        7,
        8
      ],
      "accuracy": 0.17048611111111112,
      "balanced_accuracy": 0.19777001510791234,
      "precision_macro": 0.17334378353523786,
      "precision_micro": 0.17048611111111112,
      "precision_weighted": 0.21202169686712552,
      "recall_macro": 0.19777001510791234,
      "recall_micro": 0.17048611111111112,
      "recall_weighted": 0.17048611111111112,
      "f1_macro": 0.15724050524419445,
      "f1_micro": 0.17048611111111112,
      "f1_weighted": 0.1732896808913497,
      "confusion_matrix": [
        [
          139,
          19,
          10,
          18,
          20,
          26,
          18,
          21,
          29
        ],
        [
          96,
          52,
          21,
          27,
          13,
          41,
          19,
          36,
          36
        ],
        [
          132,
          78,
          54,
          70,
          50,
          102,
          43,
          81,
          92
        ],
        [
          139,
          50,
          34,
          86,
          79,
          117,
          58,
          63,
          97
        ],
        [
          179,
          58,
          48,
          73,
          143,
          128,
          74,
          63,
          142
        ],
        [
          159,
          62,
          58,
          114,
          71,
          259,
          113,
          141,
          160
        ],
        [
          188,
          68,
          62,
          76,
          106,
          224,
          149,
          68,
          153
        ],
        [
          52,
          26,
          19,
          32,
          20,
          63,
          51,
          47,
          83
        ],
        [
          25,
          10,
          7,
          8,
          8,
          30,
          19,
          2,
          53
        ]
      ]
    }
  },
  "run_timestamp": "20251208_104648_326453",
  "params_hash": "9d22a99a5e41e1c84a0f7b7f398f8fee059f98ab7ff2edbb5a7a56425048bdca"
}