{
  "best_epoch": 0,
  "best_val_loss": null,
  "total_seconds": 0.09516351700585801,
  "epochs": [],
  "train_metrics": {
    "classification": {
      "labels": [
        0,
        1,
        2,
        3,
        4,
        5,
        6,
        7,
        8
      ],
      "accuracy": 0.17008928571428572,
      "balanced_accuracy": 0.19246426275641582,
      "precision_macro": 0.1630588522135396,
      "precision_micro": 0.17008928571428572,
      "precision_weighted": 0.18632868227625654,
      "recall_macro": 0.19246426275641582,
      "recall_micro": 0.17008928571428572,
      "recall_weighted": 0.17008928571428572,
      "f1_macro": 0.1421052679994483,
      "f1_micro": 0.17008928571428572,
      "f1_weighted": 0.15527265559142325,
      "confusion_matrix": [
        [
          120,
          63,
          17,
          80,
          57,
          45,
          103,
          1,
          221
        ],
        [
          64,
          185,
          22,
          82,
          61,
          22,
          216,
          2,
          285
        ],
        [
          108,
          148,
          27,
          212,
          127,
          71,
          352,
          7,
          446
        ],
        [
          140,
          124,
          26,
          320,
          168,
          138,
          354,
          6,
          548
        ],
        [
          207,
          185,
          43,
          276,
          324,
          159,
          395,
          5,
          719
        ],
        [
          181,
          74,
          36,
          167,
          147,
          146,
          266,
          8,
          452
        ],
        [
          236,
          220,
          41,
          253,
          239,
          151,
          762,
          10,
          676
        ],
        [
          132,
          103,
          23,
          165,
          120,
          72,
          335,
          5,
          514
        ],
        [
          31,
          20,
          8,
          62,
          51,
          24,
          28,
          4,
          397
        ]
      ]
    }
  },
  "test_metrics": {
    "classification": {
      "labels": [
        0,
        1,
        2,
        3,
        4,
        5,
        6,
        7,
        8
      ],
      "accuracy": 0.15486111111111112,
      "balanced_accuracy": 0.18308673336842612,
      "precision_macro": 0.15543239994728578,
      "precision_micro": 0.15486111111111112,
      "precision_weighted": 0.177134426624315,
      "recall_macro": 0.18308673336842612,
      "recall_micro": 0.15486111111111112,
      "recall_weighted": 0.15486111111111112,
      "f1_macro": 0.12868001849882127,
      "f1_micro": 0.15486111111111112,
      "f1_weighted": 0.14056924703074342,
      "confusion_matrix": [
        [
          36,
          25,
          6,
          33,
          31,
          16,
          41,
          1,
          79
        ],
        [
          23,
          77,
          9,
          43,
          25,
          14,
          94,
          1,
          110
        ],
        [
          40,
          63,
          6,
          101,
          47,
          31,
          170,
          2,
          187
        ],
        [
          63,
          52,
          15,
          132,
          72,
          63,
          173,
          2,
          229
        ],
        [
          114,
          66,
          23,
          133,
          116,
          64,
          168,
          2,
          316
        ],
        [
          83,
          39,
          18,
          90,
          70,
          69,
          121,
          2,
          146
        ],
        [
          102,
          106,
          14,
          111,
          128,
          68,
          304,
          2,
          297
        ],
        [
          51,
          37,
          5,
          78,
          53,
          30,
          153,
          3,
          236
        ],
        [
          11,
          8,
          1,
          16,
          22,
          8,
          15,
          0,
          149
        ]
      ]
    }
  },
  "run_timestamp": "20251208_102607_864961",
  "params_hash": "da79840a168763d5739090a3ee454de8a6698f8241c641eaf2943573d24fd413"
}