{
  "best_epoch": 0,
  "best_val_loss": null,
  "total_seconds": 0.01709190700785257,
  "epochs": [],
  "train_metrics": {
    "classification": {
      "labels": [
        0,
        1,
        2,
        3,
        4,
        5,
        6,
        7,
        8
      ],
      "accuracy": 0.12455357142857143,
      "balanced_accuracy": 0.1680703099996282,
      "precision_macro": 0.13090820172617978,
      "precision_micro": 0.12455357142857143,
      "precision_weighted": 0.16085724280078811,
      "recall_macro": 0.1680703099996282,
      "recall_micro": 0.12455357142857143,
      "recall_weighted": 0.12455357142857143,
      "f1_macro": 0.11069153141116714,
      "f1_micro": 0.12455357142857143,
      "f1_weighted": 0.10890911353824782,
      "confusion_matrix": [
        [
          254,
          90,
          46,
          146,
          29,
          28,
          19,
          0,
          123
        ],
        [
          208,
          151,
          98,
          179,
          28,
          31,
          22,
          0,
          112
        ],
        [
          296,
          180,
          233,
          370,
          129,
          81,
          62,
          0,
          302
        ],
        [
          244,
          164,
          164,
          493,
          116,
          47,
          45,
          0,
          404
        ],
        [
          335,
          215,
          243,
          434,
          127,
          84,
          53,
          0,
          541
        ],
        [
          325,
          313,
          284,
          567,
          183,
          156,
          103,
          0,
          712
        ],
        [
          503,
          170,
          283,
          517,
          177,
          167,
          102,
          0,
          557
        ],
        [
          248,
          68,
          106,
          229,
          45,
          56,
          44,
          0,
          191
        ],
        [
          62,
          9,
          24,
          74,
          24,
          39,
          18,
          0,
          158
        ]
      ]
    }
  },
  "test_metrics": {
    "classification": {
      "labels": [
        0,
        1,
        2,
        3,
        4,
        5,
        6,
        7,
        8
      ],
      "accuracy": 0.12013888888888889,
      "balanced_accuracy": 0.16218585950686812,
      "precision_macro": 0.12255486650550224,
      "precision_micro": 0.12013888888888889,
      "precision_weighted": 0.14984387281175898,
      "recall_macro": 0.16218585950686812,
      "recall_micro": 0.12013888888888889,
      "recall_weighted": 0.12013888888888889,
      "f1_macro": 0.10703442855587514,
      "f1_micro": 0.12013888888888889,
      "f1_weighted": 0.10496098593119532,
      "confusion_matrix": [
        [
          119,
          36,
          9,
          64,
          15,
          11,
          6,
          0,
          40
        ],
        [
          72,
          61,
          42,
          81,
          10,
          18,
          9,
          0,
          48
        ],
        [
          136,
          71,
          99,
          177,
          57,
          42,
          24,
          0,
          96
        ],
        [
          90,
          70,
          90,
          198,
          53,
          18,
          31,
          0,
          173
        ],
        [
          150,
          93,
          118,
          180,
          64,
          36,
          29,
          0,
          238
        ],
        [
          148,
          136,
          115,
          246,
          79,
          64,
          49,
          0,
          300
        ],
        [
          219,
          73,
          124,
          244,
          86,
          82,
          37,
          0,
          229
        ],
        [
          93,
          30,
          45,
          95,
          14,
          30,
          16,
          0,
          70
        ],
        [
          34,
          7,
          17,
          21,
          6,
          16,
          11,
          0,
          50
        ]
      ]
    }
  },
  "run_timestamp": "20251208_101958_226477",
  "params_hash": "a2b8040e12fb1616970aea6cf3bcfca3b2e2e72b52d4a32552840e0b989b1b53"
}