{
  "best_epoch": 0,
  "best_val_loss": null,
  "total_seconds": 5.482416970015038,
  "epochs": [],
  "train_metrics": {
    "classification": {
      "labels": [
        0,
        1,
        2,
        3,
        4,
        5,
        6,
        7,
        8
      ],
      "accuracy": 0.17522321428571427,
      "balanced_accuracy": 0.20827546826060714,
      "precision_macro": 0.1754611596051093,
      "precision_micro": 0.17522321428571427,
      "precision_weighted": 0.20991389084807857,
      "recall_macro": 0.20827546826060714,
      "recall_micro": 0.17522321428571427,
      "recall_weighted": 0.17522321428571427,
      "f1_macro": 0.1581839379290124,
      "f1_micro": 0.17522321428571427,
      "f1_weighted": 0.1708281499177562,
      "confusion_matrix": [
        [
          5906,
          673,
          574,
          603,
          301,
          1231,
          303,
          284,
          1336
        ],
        [
          3662,
          1585,
          959,
          981,
          522,
          1728,
          669,
          853,
          1733
        ],
        [
          4979,
          2032,
          2374,
          2443,
          1857,
          4369,
          2038,
          2222,
          3226
        ],
        [
          4297,
          2035,
          1889,
          3762,
          2022,
          5522,
          1749,
          1449,
          3368
        ],
        [
          7907,
          1926,
          1890,
          3254,
          3058,
          5797,
          1782,
          1442,
          4981
        ],
        [
          6685,
          2205,
          2460,
          3743,
          2852,
          11701,
          3688,
          2436,
          5580
        ],
        [
          8248,
          2636,
          2275,
          3120,
          2146,
          6641,
          4139,
          2971,
          6520
        ],
        [
          2470,
          1032,
          706,
          939,
          685,
          3232,
          1309,
          1627,
          2943
        ],
        [
          1370,
          397,
          112,
          316,
          178,
          866,
          259,
          279,
          2429
        ]
      ]
    }
  },
  "test_metrics": {
    "classification": {
      "labels": [
        0,
        1,
        2,
        3,
        4,
        5,
        6,
        7,
        8
      ],
      "accuracy": 0.17166264306151646,
      "balanced_accuracy": 0.20335275999160382,
      "precision_macro": 0.17250484636135469,
      "precision_micro": 0.17166264306151646,
      "precision_weighted": 0.2065906052070219,
      "recall_macro": 0.20335275999160382,
      "recall_micro": 0.17166264306151646,
      "recall_weighted": 0.17166264306151646,
      "f1_macro": 0.15487108577715444,
      "f1_micro": 0.17166264306151646,
      "f1_weighted": 0.16743078076578585,
      "confusion_matrix": [
        [
          2454,
          322,
          229,
          277,
          150,
          529,
          155,
          98,
          652
        ],
        [
          1529,
          668,
          427,
          430,
          270,
          773,
          259,
          403,
          723
        ],
        [
          2215,
          943,
          990,
          991,
          822,
          1980,
          804,
          940,
          1356
        ],
        [
          1922,
          923,
          917,
          1569,
          853,
          2329,
          740,
          589,
          1345
        ],
        [
          3261,
          837,
          786,
          1322,
          1353,
          2478,
          803,
          617,
          2174
        ],
        [
          2948,
          907,
          1037,
          1578,
          1209,
          4900,
          1498,
          978,
          2311
        ],
        [
          3666,
          1185,
          946,
          1370,
          925,
          2895,
          1746,
          1237,
          2788
        ],
        [
          1053,
          434,
          329,
          393,
          301,
          1444,
          597,
          651,
          1291
        ],
        [
          605,
          159,
          40,
          139,
          68,
          377,
          118,
          114,
          1028
        ]
      ]
    }
  },
  "run_timestamp": "20251226_201648_335561",
  "params_hash": "65e554318815c90be19042144ab3615d4ccd845f66f844c669ea0c7f9b335590"
}