{
  "best_epoch": 0,
  "best_val_loss": null,
  "total_seconds": 0.050378381987684406,
  "epochs": [],
  "train_metrics": {
    "classification": {
      "labels": [
        0,
        1,
        2,
        3,
        4,
        5,
        6,
        7,
        8
      ],
      "accuracy": 0.14858630952380952,
      "balanced_accuracy": 0.17292160407018853,
      "precision_macro": 0.1489080138010252,
      "precision_micro": 0.14858630952380952,
      "precision_weighted": 0.17553741689965768,
      "recall_macro": 0.17292160407018853,
      "recall_micro": 0.14858630952380952,
      "recall_weighted": 0.14858630952380952,
      "f1_macro": 0.1200050101452459,
      "f1_micro": 0.14858630952380952,
      "f1_weighted": 0.13354561673520218,
      "confusion_matrix": [
        [
          73,
          176,
          3,
          19,
          43,
          43,
          92,
          17,
          241
        ],
        [
          73,
          268,
          18,
          39,
          72,
          16,
          145,
          10,
          298
        ],
        [
          84,
          265,
          15,
          75,
          99,
          98,
          337,
          16,
          509
        ],
        [
          134,
          257,
          26,
          151,
          131,
          94,
          349,
          21,
          661
        ],
        [
          200,
          325,
          29,
          120,
          256,
          103,
          422,
          31,
          827
        ],
        [
          117,
          192,
          18,
          88,
          147,
          98,
          272,
          17,
          528
        ],
        [
          229,
          380,
          37,
          125,
          254,
          131,
          742,
          29,
          661
        ],
        [
          133,
          205,
          24,
          50,
          122,
          68,
          309,
          21,
          537
        ],
        [
          64,
          55,
          8,
          17,
          30,
          26,
          42,
          10,
          373
        ]
      ]
    }
  },
  "test_metrics": {
    "classification": {
      "labels": [
        0,
        1,
        2,
        3,
        4,
        5,
        6,
        7,
        8
      ],
      "accuracy": 0.13680555555555557,
      "balanced_accuracy": 0.17308267475407835,
      "precision_macro": 0.14415879431641704,
      "precision_micro": 0.13680555555555557,
      "precision_weighted": 0.16715017176713573,
      "recall_macro": 0.17308267475407835,
      "recall_micro": 0.13680555555555557,
      "recall_weighted": 0.13680555555555557,
      "f1_macro": 0.11111778152888688,
      "f1_micro": 0.13680555555555557,
      "f1_weighted": 0.1200864667472264,
      "confusion_matrix": [
        [
          40,
          54,
          1,
          6,
          27,
          15,
          32,
          3,
          90
        ],
        [
          31,
          112,
          4,
          17,
          24,
          3,
          82,
          6,
          117
        ],
        [
          36,
          103,
          5,
          26,
          48,
          41,
          163,
          9,
          216
        ],
        [
          58,
          122,
          17,
          54,
          63,
          31,
          182,
          6,
          268
        ],
        [
          85,
          164,
          7,
          39,
          105,
          44,
          195,
          8,
          355
        ],
        [
          52,
          89,
          9,
          43,
          78,
          26,
          137,
          7,
          197
        ],
        [
          105,
          181,
          23,
          45,
          129,
          47,
          288,
          5,
          309
        ],
        [
          58,
          105,
          6,
          21,
          49,
          34,
          122,
          13,
          238
        ],
        [
          21,
          16,
          0,
          9,
          11,
          7,
          15,
          6,
          145
        ]
      ]
    }
  },
  "run_timestamp": "20251208_102343_332829",
  "params_hash": "6b98d5609a08b927801b77a7e8c8fd23947cd85bbceec4aa8f4310693c039dfe"
}