{
  "best_epoch": 0,
  "best_val_loss": null,
  "total_seconds": 3.9061586240131874,
  "epochs": [],
  "train_metrics": {
    "classification": {
      "labels": [
        0,
        1,
        2,
        3,
        4
      ],
      "accuracy": 0.3055592811158798,
      "balanced_accuracy": 0.28895598815631257,
      "precision_macro": 0.28429412537196586,
      "precision_micro": 0.3055592811158798,
      "precision_weighted": 0.3081564455656961,
      "recall_macro": 0.28895598815631257,
      "recall_micro": 0.3055592811158798,
      "recall_weighted": 0.3055592811158798,
      "f1_macro": 0.28200276451477346,
      "f1_micro": 0.3055592811158798,
      "f1_weighted": 0.3029161815712374,
      "confusion_matrix": [
        [
          4971,
          3406,
          1674,
          3490,
          4705
        ],
        [
          5312,
          12063,
          4341,
          7352,
          12358
        ],
        [
          4371,
          5979,
          5979,
          6518,
          10754
        ],
        [
          7179,
          9490,
          6161,
          15363,
          18501
        ],
        [
          6236,
          8520,
          6834,
          11796,
          25415
        ]
      ]
    }
  },
  "test_metrics": {
    "classification": {
      "labels": [
        0,
        1,
        2,
        3,
        4
      ],
      "accuracy": 0.3050004470672389,
      "balanced_accuracy": 0.28820264330334944,
      "precision_macro": 0.28322051774732593,
      "precision_micro": 0.3050004470672389,
      "precision_weighted": 0.30666969718352277,
      "recall_macro": 0.28820264330334944,
      "recall_micro": 0.3050004470672389,
      "recall_weighted": 0.3050004470672389,
      "f1_macro": 0.2814375717794494,
      "f1_micro": 0.3050004470672389,
      "f1_weighted": 0.302144946830509,
      "confusion_matrix": [
        [
          2224,
          1557,
          753,
          1467,
          2082
        ],
        [
          2247,
          5180,
          1942,
          3137,
          5250
        ],
        [
          1930,
          2516,
          2453,
          2777,
          4488
        ],
        [
          3131,
          4112,
          2562,
          6493,
          7859
        ],
        [
          2629,
          3682,
          2955,
          5107,
          10939
        ]
      ]
    }
  },
  "run_timestamp": "20251227_011943_950594",
  "params_hash": "216ad06de916de5e469f78b46822741719a2b06e91d58ad95fce690b0ae96aea"
}