{
  "best_epoch": 0,
  "best_val_loss": null,
  "total_seconds": 3.606440655014012,
  "epochs": [],
  "train_metrics": {
    "classification": {
      "labels": [
        0,
        1,
        2,
        3,
        4,
        5,
        6,
        7,
        8
      ],
      "accuracy": 0.16860821581851626,
      "balanced_accuracy": 0.1865003655233288,
      "precision_macro": 0.17118648595842811,
      "precision_micro": 0.16860821581851626,
      "precision_weighted": 0.19535127790557347,
      "recall_macro": 0.1865003655233288,
      "recall_micro": 0.16860821581851626,
      "recall_weighted": 0.16860821581851626,
      "f1_macro": 0.15809614584511703,
      "f1_micro": 0.16860821581851626,
      "f1_weighted": 0.1681743450362823,
      "confusion_matrix": [
        [
          1783,
          1775,
          312,
          1245,
          1218,
          663,
          1276,
          524,
          1763
        ],
        [
          1461,
          3329,
          801,
          1613,
          1052,
          694,
          2173,
          950,
          2294
        ],
        [
          1975,
          2920,
          1314,
          3094,
          1922,
          2593,
          3941,
          1255,
          4280
        ],
        [
          2233,
          3335,
          1100,
          5182,
          2706,
          3476,
          3450,
          1871,
          5406
        ],
        [
          3658,
          5357,
          678,
          4588,
          4835,
          3725,
          4252,
          1994,
          7048
        ],
        [
          1663,
          2933,
          841,
          3068,
          1952,
          4083,
          3104,
          1414,
          3843
        ],
        [
          3053,
          5182,
          1625,
          4260,
          3819,
          4032,
          8475,
          2673,
          7340
        ],
        [
          1659,
          2571,
          793,
          2390,
          1833,
          1992,
          4169,
          2257,
          5275
        ],
        [
          444,
          764,
          135,
          812,
          1040,
          589,
          1081,
          548,
          3942
        ]
      ]
    }
  },
  "test_metrics": {
    "classification": {
      "labels": [
        0,
        1,
        2,
        3,
        4,
        5,
        6,
        7,
        8
      ],
      "accuracy": 0.16648783977110157,
      "balanced_accuracy": 0.18514087294523526,
      "precision_macro": 0.16863798329859012,
      "precision_micro": 0.16648783977110157,
      "precision_weighted": 0.19185910376177143,
      "recall_macro": 0.18514087294523526,
      "recall_micro": 0.16648783977110157,
      "recall_weighted": 0.16648783977110157,
      "f1_macro": 0.1560201206996868,
      "f1_micro": 0.16648783977110157,
      "f1_weighted": 0.16542750787014018,
      "confusion_matrix": [
        [
          790,
          789,
          103,
          539,
          529,
          298,
          517,
          207,
          814
        ],
        [
          648,
          1458,
          330,
          721,
          451,
          340,
          1004,
          406,
          1012
        ],
        [
          823,
          1230,
          537,
          1411,
          831,
          1147,
          1661,
          592,
          1793
        ],
        [
          992,
          1388,
          445,
          2113,
          1135,
          1528,
          1407,
          773,
          2235
        ],
        [
          1600,
          2243,
          290,
          1929,
          2071,
          1628,
          1888,
          821,
          2888
        ],
        [
          717,
          1269,
          328,
          1366,
          901,
          1732,
          1392,
          593,
          1654
        ],
        [
          1292,
          2299,
          707,
          1764,
          1583,
          1688,
          3606,
          1192,
          3194
        ],
        [
          772,
          1092,
          357,
          1040,
          828,
          882,
          1801,
          915,
          2227
        ],
        [
          184,
          313,
          54,
          347,
          408,
          276,
          453,
          217,
          1674
        ]
      ]
    }
  },
  "run_timestamp": "20251226_200025_147423",
  "params_hash": "dcf7fd1159ec4a075b7df43962226ed14ca8df453d08e513cc74667d4614aab3"
}