{
  "best_epoch": 0,
  "best_val_loss": null,
  "total_seconds": 0.0182531840109732,
  "epochs": [],
  "train_metrics": {
    "classification": {
      "labels": [
        0,
        1,
        2,
        3,
        4
      ],
      "accuracy": 0.30691964285714285,
      "balanced_accuracy": 0.27295583179214605,
      "precision_macro": 0.24798311051599287,
      "precision_micro": 0.30691964285714285,
      "precision_weighted": 0.2852037660565942,
      "recall_macro": 0.27295583179214605,
      "recall_micro": 0.30691964285714285,
      "recall_weighted": 0.30691964285714285,
      "f1_macro": 0.22429221521006748,
      "f1_micro": 0.30691964285714285,
      "f1_weighted": 0.2658662147777442,
      "confusion_matrix": [
        [
          533,
          21,
          51,
          369,
          186
        ],
        [
          619,
          79,
          119,
          1464,
          519
        ],
        [
          465,
          39,
          115,
          846,
          294
        ],
        [
          823,
          128,
          270,
          2671,
          746
        ],
        [
          712,
          98,
          143,
          1403,
          727
        ]
      ]
    }
  },
  "test_metrics": {
    "classification": {
      "labels": [
        0,
        1,
        2,
        3,
        4
      ],
      "accuracy": 0.32083333333333336,
      "balanced_accuracy": 0.2899944724283644,
      "precision_macro": 0.26052268268147516,
      "precision_micro": 0.32083333333333336,
      "precision_weighted": 0.29997292134250614,
      "recall_macro": 0.2899944724283644,
      "recall_micro": 0.32083333333333336,
      "recall_weighted": 0.32083333333333336,
      "f1_macro": 0.2347116066853357,
      "f1_micro": 0.32083333333333336,
      "f1_weighted": 0.27869078533739894,
      "confusion_matrix": [
        [
          254,
          6,
          15,
          148,
          67
        ],
        [
          255,
          29,
          51,
          631,
          224
        ],
        [
          215,
          13,
          49,
          353,
          116
        ],
        [
          381,
          43,
          96,
          1173,
          329
        ],
        [
          329,
          45,
          59,
          536,
          343
        ]
      ]
    }
  },
  "run_timestamp": "20251208_141650_311117",
  "params_hash": "b0f467670190dcefb0797d7f3244b3adad5a59a2f24205feaec35d0c4ae4a49e"
}