{
  "best_epoch": 0,
  "best_val_loss": null,
  "total_seconds": 0.7178991810069419,
  "epochs": [],
  "train_metrics": {
    "classification": {
      "labels": [
        0,
        1,
        2,
        3,
        4
      ],
      "accuracy": 0.3087542152053955,
      "balanced_accuracy": 0.2746988157824878,
      "precision_macro": 0.26904682063040536,
      "precision_micro": 0.3087542152053955,
      "precision_weighted": 0.3018463004214078,
      "recall_macro": 0.2746988157824878,
      "recall_micro": 0.3087542152053955,
      "recall_weighted": 0.3087542152053955,
      "f1_macro": 0.22972034202990327,
      "f1_micro": 0.3087542152053955,
      "f1_weighted": 0.27372010227162247,
      "confusion_matrix": [
        [
          8542,
          1815,
          199,
          5582,
          1722
        ],
        [
          9482,
          5542,
          891,
          21218,
          6180
        ],
        [
          6912,
          2024,
          1102,
          13964,
          3275
        ],
        [
          15546,
          5541,
          1552,
          42461,
          7645
        ],
        [
          11295,
          5639,
          743,
          23085,
          6811
        ]
      ]
    }
  },
  "test_metrics": {
    "classification": {
      "labels": [
        0,
        1,
        2,
        3,
        4
      ],
      "accuracy": 0.30314511802575106,
      "balanced_accuracy": 0.2710740444572721,
      "precision_macro": 0.26625532848506306,
      "precision_micro": 0.30314511802575106,
      "precision_weighted": 0.29742872746432253,
      "recall_macro": 0.2710740444572721,
      "recall_micro": 0.30314511802575106,
      "recall_weighted": 0.30314511802575106,
      "f1_macro": 0.22675359273937276,
      "f1_micro": 0.30314511802575106,
      "f1_weighted": 0.26845144846474445,
      "confusion_matrix": [
        [
          3654,
          752,
          68,
          2522,
          774
        ],
        [
          4210,
          2373,
          352,
          9190,
          2540
        ],
        [
          2962,
          943,
          476,
          5883,
          1370
        ],
        [
          6617,
          2405,
          691,
          17729,
          3265
        ],
        [
          5000,
          2389,
          370,
          10046,
          2891
        ]
      ]
    }
  },
  "run_timestamp": "20251226_201330_699377",
  "params_hash": "01eaf4f648a0c9f3f70e749789a8e331ff470abe2afc2b4f138a1a1629f58c50"
}