{
  "best_epoch": 0,
  "best_val_loss": null,
  "total_seconds": 1.1990591830108315,
  "epochs": [],
  "train_metrics": {
    "classification": {
      "labels": [
        0,
        1,
        2,
        3,
        4,
        5,
        6,
        7,
        8
      ],
      "accuracy": 0.15957426425505825,
      "balanced_accuracy": 0.1658375527043464,
      "precision_macro": 0.1501724901371177,
      "precision_micro": 0.15957426425505825,
      "precision_weighted": 0.17918886425133287,
      "recall_macro": 0.1658375527043464,
      "recall_micro": 0.15957426425505825,
      "recall_weighted": 0.15957426425505825,
      "f1_macro": 0.13683183364313747,
      "f1_micro": 0.15957426425505825,
      "f1_weighted": 0.15387220317260816,
      "confusion_matrix": [
        [
          4959,
          819,
          624,
          520,
          609,
          1633,
          921,
          247,
          879
        ],
        [
          3247,
          1290,
          1088,
          796,
          1012,
          2342,
          1312,
          778,
          827
        ],
        [
          5404,
          2179,
          2144,
          1127,
          2116,
          5567,
          2888,
          2294,
          1821
        ],
        [
          5342,
          1700,
          1225,
          2141,
          1984,
          7472,
          2772,
          1581,
          1876
        ],
        [
          7937,
          1646,
          2079,
          1942,
          2928,
          7960,
          3163,
          1865,
          2517
        ],
        [
          9705,
          2267,
          1876,
          2426,
          2870,
          12586,
          4110,
          2735,
          2775
        ],
        [
          9998,
          2251,
          2614,
          1905,
          2755,
          8432,
          4554,
          3782,
          2405
        ],
        [
          2858,
          907,
          894,
          650,
          1177,
          3542,
          1925,
          1782,
          1208
        ],
        [
          1460,
          419,
          483,
          364,
          657,
          1189,
          385,
          319,
          930
        ]
      ]
    }
  },
  "test_metrics": {
    "classification": {
      "labels": [
        0,
        1,
        2,
        3,
        4,
        5,
        6,
        7,
        8
      ],
      "accuracy": 0.15823944921316166,
      "balanced_accuracy": 0.1650343542946744,
      "precision_macro": 0.1495252994494497,
      "precision_micro": 0.15823944921316166,
      "precision_weighted": 0.17804568642580176,
      "recall_macro": 0.1650343542946744,
      "recall_micro": 0.15823944921316166,
      "recall_weighted": 0.15823944921316166,
      "f1_macro": 0.13606261342788672,
      "f1_micro": 0.15823944921316166,
      "f1_weighted": 0.1523767805979659,
      "confusion_matrix": [
        [
          2127,
          362,
          246,
          248,
          265,
          694,
          426,
          125,
          373
        ],
        [
          1309,
          538,
          518,
          350,
          464,
          1056,
          519,
          382,
          346
        ],
        [
          2272,
          1006,
          989,
          436,
          882,
          2417,
          1245,
          992,
          802
        ],
        [
          2273,
          800,
          565,
          891,
          832,
          3159,
          1161,
          686,
          820
        ],
        [
          3346,
          695,
          835,
          811,
          1254,
          3398,
          1396,
          810,
          1086
        ],
        [
          4114,
          932,
          818,
          1003,
          1210,
          5272,
          1739,
          1111,
          1167
        ],
        [
          4455,
          989,
          1193,
          796,
          1151,
          3621,
          1961,
          1609,
          983
        ],
        [
          1277,
          405,
          427,
          250,
          523,
          1576,
          858,
          702,
          475
        ],
        [
          597,
          188,
          180,
          149,
          290,
          535,
          159,
          126,
          424
        ]
      ]
    }
  },
  "run_timestamp": "20251226_201420_373754",
  "params_hash": "2a4f1035e01cd7f40f9fc4379b88481ea7bb29a2287cb8fc54fe0a59ec784d44"
}