{
  "best_epoch": 0,
  "best_val_loss": null,
  "total_seconds": 3.9731052049901336,
  "epochs": [],
  "train_metrics": {
    "classification": {
      "labels": [
        0,
        1,
        2,
        3,
        4,
        5,
        6,
        7,
        8
      ],
      "accuracy": 0.16310449877375843,
      "balanced_accuracy": 0.19316706415865,
      "precision_macro": 0.16890059277545139,
      "precision_micro": 0.16310449877375843,
      "precision_weighted": 0.19076058209380026,
      "recall_macro": 0.19316706415865,
      "recall_micro": 0.16310449877375843,
      "recall_weighted": 0.16310449877375843,
      "f1_macro": 0.15726127530134368,
      "f1_micro": 0.16310449877375843,
      "f1_weighted": 0.15984269042430072,
      "confusion_matrix": [
        [
          2024,
          2017,
          617,
          798,
          1253,
          515,
          633,
          704,
          1998
        ],
        [
          1390,
          4838,
          1098,
          949,
          1642,
          783,
          883,
          1111,
          1673
        ],
        [
          2379,
          4274,
          2366,
          2171,
          3025,
          1484,
          1818,
          1714,
          4063
        ],
        [
          2785,
          4063,
          2277,
          3390,
          4424,
          2036,
          1842,
          2970,
          4972
        ],
        [
          3651,
          4619,
          1905,
          3037,
          7661,
          2100,
          3032,
          2870,
          7260
        ],
        [
          2075,
          3436,
          1473,
          1855,
          3219,
          2378,
          1664,
          2017,
          4784
        ],
        [
          3421,
          7470,
          3028,
          3683,
          5575,
          3132,
          4141,
          3596,
          6413
        ],
        [
          2195,
          3361,
          1358,
          1872,
          2847,
          1274,
          2248,
          3205,
          4579
        ],
        [
          596,
          924,
          345,
          696,
          1157,
          480,
          455,
          654,
          4048
        ]
      ]
    }
  },
  "test_metrics": {
    "classification": {
      "labels": [
        0,
        1,
        2,
        3,
        4,
        5,
        6,
        7,
        8
      ],
      "accuracy": 0.16029595851216022,
      "balanced_accuracy": 0.19047536167846157,
      "precision_macro": 0.16548618422796812,
      "precision_micro": 0.16029595851216022,
      "precision_weighted": 0.1860911444808673,
      "recall_macro": 0.19047536167846157,
      "recall_micro": 0.16029595851216022,
      "recall_weighted": 0.16029595851216022,
      "f1_macro": 0.1545987776353295,
      "f1_micro": 0.16029595851216022,
      "f1_weighted": 0.15655674789300558,
      "confusion_matrix": [
        [
          880,
          826,
          260,
          362,
          562,
          220,
          278,
          303,
          895
        ],
        [
          648,
          2098,
          473,
          468,
          722,
          334,
          371,
          493,
          763
        ],
        [
          1029,
          1819,
          942,
          948,
          1290,
          655,
          841,
          759,
          1742
        ],
        [
          1150,
          1706,
          1000,
          1345,
          1805,
          886,
          789,
          1201,
          2134
        ],
        [
          1563,
          1991,
          790,
          1316,
          3213,
          920,
          1254,
          1184,
          3127
        ],
        [
          867,
          1470,
          657,
          834,
          1426,
          1038,
          743,
          895,
          2022
        ],
        [
          1527,
          3205,
          1282,
          1516,
          2445,
          1331,
          1749,
          1571,
          2699
        ],
        [
          945,
          1469,
          636,
          821,
          1281,
          507,
          966,
          1372,
          1917
        ],
        [
          252,
          367,
          128,
          303,
          488,
          229,
          176,
          278,
          1705
        ]
      ]
    }
  },
  "run_timestamp": "20251227_011657_360809",
  "params_hash": "b530e3a4c976c276155491f00007b5c62ab66dbcf69a4dbf2e0511d4f7052f53"
}