{
  "best_epoch": 0,
  "best_val_loss": null,
  "total_seconds": 7.547532127005979,
  "epochs": [],
  "train_metrics": {
    "classification": {
      "labels": [
        0,
        1,
        2,
        3,
        4,
        5,
        6,
        7,
        8
      ],
      "accuracy": 0.1886543914776211,
      "balanced_accuracy": 0.22257381970879297,
      "precision_macro": 0.1887870118277793,
      "precision_micro": 0.1886543914776211,
      "precision_weighted": 0.22652264121880436,
      "recall_macro": 0.22257381970879297,
      "recall_micro": 0.1886543914776211,
      "recall_weighted": 0.1886543914776211,
      "f1_macro": 0.1715692019526862,
      "f1_micro": 0.1886543914776211,
      "f1_weighted": 0.1864281741087032,
      "confusion_matrix": [
        [
          5910,
          563,
          576,
          619,
          316,
          1029,
          407,
          388,
          1403
        ],
        [
          3402,
          1774,
          1191,
          918,
          360,
          1492,
          1030,
          681,
          1844
        ],
        [
          4543,
          2233,
          3059,
          2787,
          1361,
          3320,
          2482,
          2019,
          3736
        ],
        [
          3788,
          1803,
          2193,
          5070,
          1606,
          4994,
          2305,
          1066,
          3268
        ],
        [
          7423,
          1968,
          2464,
          3826,
          2613,
          5546,
          1964,
          1391,
          4842
        ],
        [
          5639,
          2292,
          2620,
          5164,
          2041,
          10961,
          4431,
          2457,
          5745
        ],
        [
          7244,
          2631,
          2377,
          3811,
          1604,
          5910,
          6022,
          2108,
          6989
        ],
        [
          2329,
          1096,
          863,
          867,
          532,
          2974,
          1960,
          1282,
          3040
        ],
        [
          1277,
          383,
          123,
          383,
          110,
          569,
          453,
          214,
          2694
        ]
      ]
    }
  },
  "test_metrics": {
    "classification": {
      "labels": [
        0,
        1,
        2,
        3,
        4,
        5,
        6,
        7,
        8
      ],
      "accuracy": 0.18572290772532188,
      "balanced_accuracy": 0.21867225348096003,
      "precision_macro": 0.18580295676744318,
      "precision_micro": 0.18572290772532188,
      "precision_weighted": 0.222456850563654,
      "recall_macro": 0.21867225348096003,
      "recall_micro": 0.18572290772532188,
      "recall_weighted": 0.18572290772532188,
      "f1_macro": 0.16903764087174955,
      "f1_micro": 0.18572290772532188,
      "f1_weighted": 0.18331658833827724,
      "confusion_matrix": [
        [
          2473,
          273,
          273,
          280,
          128,
          490,
          184,
          162,
          603
        ],
        [
          1436,
          755,
          554,
          417,
          170,
          653,
          390,
          324,
          783
        ],
        [
          1987,
          1038,
          1310,
          1155,
          596,
          1514,
          1022,
          882,
          1537
        ],
        [
          1691,
          835,
          978,
          2159,
          662,
          2131,
          980,
          442,
          1309
        ],
        [
          3026,
          862,
          1041,
          1627,
          1122,
          2357,
          920,
          587,
          2089
        ],
        [
          2408,
          952,
          1151,
          2159,
          885,
          4644,
          1818,
          964,
          2385
        ],
        [
          3188,
          1238,
          990,
          1650,
          742,
          2541,
          2473,
          940,
          2996
        ],
        [
          983,
          425,
          426,
          382,
          228,
          1323,
          858,
          544,
          1324
        ],
        [
          580,
          169,
          53,
          144,
          49,
          265,
          163,
          88,
          1137
        ]
      ]
    }
  },
  "run_timestamp": "20251226_201847_209322",
  "params_hash": "74134cb8227d77c2839d7eb9faf7a7f5e72df828a2e41ba5bd96f41e358ed4e0"
}