{
  "best_epoch": 0,
  "best_val_loss": null,
  "total_seconds": 3.195972752000671,
  "epochs": [],
  "train_metrics": {
    "classification": {
      "labels": [
        0,
        1,
        2,
        3,
        4,
        5,
        6,
        7,
        8
      ],
      "accuracy": 0.16737718424279582,
      "balanced_accuracy": 0.1786140562871994,
      "precision_macro": 0.16535265849010738,
      "precision_micro": 0.16737718424279582,
      "precision_weighted": 0.1909167207458166,
      "recall_macro": 0.1786140562871994,
      "recall_micro": 0.16737718424279582,
      "recall_weighted": 0.16737718424279582,
      "f1_macro": 0.14816377021924687,
      "f1_micro": 0.16737718424279582,
      "f1_weighted": 0.15969412069525338,
      "confusion_matrix": [
        [
          2889,
          1236,
          219,
          1318,
          462,
          966,
          1245,
          441,
          1783
        ],
        [
          2943,
          2142,
          336,
          1152,
          374,
          1139,
          3420,
          865,
          1996
        ],
        [
          3639,
          1530,
          726,
          2995,
          889,
          3100,
          5232,
          1311,
          3872
        ],
        [
          4001,
          1880,
          613,
          4946,
          1410,
          4599,
          4378,
          1641,
          5291
        ],
        [
          5764,
          3105,
          832,
          4641,
          2143,
          4649,
          5874,
          2119,
          7008
        ],
        [
          2785,
          2313,
          652,
          2905,
          827,
          4706,
          4161,
          1076,
          3476
        ],
        [
          4122,
          3075,
          763,
          4672,
          1757,
          4885,
          12195,
          2631,
          6359
        ],
        [
          2475,
          1607,
          496,
          2571,
          1021,
          2236,
          5244,
          2211,
          5078
        ],
        [
          988,
          338,
          176,
          1188,
          666,
          862,
          1274,
          878,
          2985
        ]
      ]
    }
  },
  "test_metrics": {
    "classification": {
      "labels": [
        0,
        1,
        2,
        3,
        4,
        5,
        6,
        7,
        8
      ],
      "accuracy": 0.16538134835479257,
      "balanced_accuracy": 0.17780198092073324,
      "precision_macro": 0.1630557869304011,
      "precision_micro": 0.16538134835479257,
      "precision_weighted": 0.18776887361613742,
      "recall_macro": 0.17780198092073324,
      "recall_micro": 0.16538134835479257,
      "recall_weighted": 0.16538134835479257,
      "f1_macro": 0.14638699295370702,
      "f1_micro": 0.16538134835479257,
      "f1_weighted": 0.15723208680573764,
      "confusion_matrix": [
        [
          1290,
          561,
          84,
          582,
          218,
          423,
          492,
          184,
          752
        ],
        [
          1284,
          944,
          153,
          516,
          161,
          516,
          1515,
          387,
          894
        ],
        [
          1562,
          656,
          287,
          1362,
          400,
          1376,
          2161,
          618,
          1603
        ],
        [
          1766,
          744,
          262,
          2030,
          565,
          1994,
          1793,
          657,
          2205
        ],
        [
          2531,
          1298,
          308,
          1944,
          879,
          2063,
          2416,
          917,
          3002
        ],
        [
          1182,
          1084,
          258,
          1289,
          357,
          1933,
          1891,
          472,
          1486
        ],
        [
          1824,
          1372,
          322,
          1960,
          729,
          2034,
          5195,
          1169,
          2720
        ],
        [
          1063,
          702,
          233,
          1104,
          434,
          957,
          2310,
          965,
          2146
        ],
        [
          444,
          153,
          74,
          508,
          258,
          348,
          512,
          355,
          1274
        ]
      ]
    }
  },
  "run_timestamp": "20251226_201440_058596",
  "params_hash": "7a400a41d7b59d1fe5a0bada0aa29d9c0b5ea7afd776c8f143b2695080eb2bc1"
}