{
  "best_epoch": 0,
  "best_val_loss": null,
  "total_seconds": 0.010229333012830466,
  "epochs": [],
  "train_metrics": {
    "classification": {
      "labels": [
        0,
        1,
        2,
        3,
        4
      ],
      "accuracy": 0.26510416666666664,
      "balanced_accuracy": 0.22475139082308324,
      "precision_macro": 0.1906679374412832,
      "precision_micro": 0.26510416666666664,
      "precision_weighted": 0.22063303951180657,
      "recall_macro": 0.22475139082308324,
      "recall_micro": 0.26510416666666664,
      "recall_weighted": 0.26510416666666664,
      "f1_macro": 0.2047881771323766,
      "f1_micro": 0.26510416666666664,
      "f1_weighted": 0.23893485973766587,
      "confusion_matrix": [
        [
          182,
          226,
          0,
          395,
          402
        ],
        [
          315,
          613,
          0,
          683,
          1048
        ],
        [
          191,
          354,
          0,
          606,
          987
        ],
        [
          402,
          609,
          0,
          1136,
          1507
        ],
        [
          320,
          738,
          0,
          1094,
          1632
        ]
      ]
    }
  },
  "test_metrics": {
    "classification": {
      "labels": [
        0,
        1,
        2,
        3,
        4
      ],
      "accuracy": 0.25503472222222223,
      "balanced_accuracy": 0.2157218896633002,
      "precision_macro": 0.18222351673285703,
      "precision_micro": 0.25503472222222223,
      "precision_weighted": 0.21227274337352686,
      "recall_macro": 0.2157218896633002,
      "recall_micro": 0.25503472222222223,
      "recall_weighted": 0.25503472222222223,
      "f1_macro": 0.1963742372520409,
      "f1_micro": 0.25503472222222223,
      "f1_weighted": 0.23024441632432344,
      "confusion_matrix": [
        [
          66,
          91,
          0,
          171,
          162
        ],
        [
          127,
          269,
          0,
          280,
          475
        ],
        [
          87,
          159,
          0,
          269,
          422
        ],
        [
          171,
          289,
          0,
          472,
          619
        ],
        [
          151,
          304,
          0,
          514,
          662
        ]
      ]
    }
  },
  "run_timestamp": "20251208_141616_798854",
  "params_hash": "b8b85376f1ff90451aa4e64e7616c9d96ce7eb6c5490ab7873179d4fe8888689"
}