{
  "best_epoch": 0,
  "best_val_loss": null,
  "total_seconds": 0.01954866100277286,
  "epochs": [],
  "train_metrics": {
    "classification": {
      "labels": [
        0,
        1,
        2,
        3,
        4,
        5,
        6,
        7,
        8
      ],
      "accuracy": 0.1689732142857143,
      "balanced_accuracy": 0.15477076247889704,
      "precision_macro": 0.14603408043793387,
      "precision_micro": 0.1689732142857143,
      "precision_weighted": 0.16385790204130263,
      "recall_macro": 0.15477076247889704,
      "recall_micro": 0.1689732142857143,
      "recall_weighted": 0.1689732142857143,
      "f1_macro": 0.1368937718025662,
      "f1_micro": 0.1689732142857143,
      "f1_weighted": 0.1538609660230017,
      "confusion_matrix": [
        [
          214,
          102,
          28,
          14,
          100,
          42,
          159,
          36,
          12
        ],
        [
          162,
          155,
          60,
          45,
          139,
          45,
          261,
          64,
          8
        ],
        [
          295,
          128,
          100,
          61,
          187,
          135,
          457,
          89,
          46
        ],
        [
          303,
          194,
          106,
          89,
          191,
          197,
          553,
          127,
          64
        ],
        [
          389,
          189,
          123,
          111,
          406,
          180,
          705,
          132,
          78
        ],
        [
          200,
          147,
          110,
          73,
          158,
          171,
          518,
          79,
          21
        ],
        [
          292,
          173,
          180,
          124,
          384,
          195,
          985,
          162,
          93
        ],
        [
          241,
          67,
          78,
          61,
          181,
          104,
          557,
          113,
          67
        ],
        [
          89,
          15,
          27,
          21,
          139,
          52,
          176,
          68,
          38
        ]
      ]
    }
  },
  "test_metrics": {
    "classification": {
      "labels": [
        0,
        1,
        2,
        3,
        4,
        5,
        6,
        7,
        8
      ],
      "accuracy": 0.16180555555555556,
      "balanced_accuracy": 0.15051782276902062,
      "precision_macro": 0.1420643366111354,
      "precision_micro": 0.16180555555555556,
      "precision_weighted": 0.15823961451233595,
      "recall_macro": 0.15051782276902062,
      "recall_micro": 0.16180555555555556,
      "recall_weighted": 0.16180555555555556,
      "f1_macro": 0.13345231240803146,
      "f1_micro": 0.16180555555555556,
      "f1_weighted": 0.1482663273965701,
      "confusion_matrix": [
        [
          72,
          42,
          8,
          7,
          40,
          16,
          59,
          19,
          5
        ],
        [
          65,
          71,
          20,
          15,
          66,
          26,
          107,
          24,
          2
        ],
        [
          117,
          47,
          45,
          40,
          80,
          60,
          203,
          43,
          12
        ],
        [
          142,
          82,
          49,
          36,
          66,
          84,
          245,
          83,
          14
        ],
        [
          167,
          63,
          62,
          33,
          165,
          98,
          319,
          63,
          32
        ],
        [
          85,
          64,
          40,
          36,
          70,
          69,
          228,
          38,
          8
        ],
        [
          113,
          85,
          75,
          48,
          192,
          101,
          411,
          53,
          54
        ],
        [
          106,
          26,
          37,
          27,
          87,
          39,
          248,
          42,
          34
        ],
        [
          34,
          6,
          11,
          9,
          44,
          23,
          57,
          25,
          21
        ]
      ]
    }
  },
  "run_timestamp": "20251208_104219_596139",
  "params_hash": "10691930b570246e1cd70ae731d3ddbc9779dc14f4f8fa21f087658ca4ac3106"
}