{
  "best_epoch": 0,
  "best_val_loss": null,
  "total_seconds": 2.3816667259961832,
  "epochs": [],
  "train_metrics": {
    "classification": {
      "labels": [
        0,
        1,
        2,
        3,
        4,
        5,
        6,
        7,
        8
      ],
      "accuracy": 0.1477621091354997,
      "balanced_accuracy": 0.1725256435031039,
      "precision_macro": 0.1578900342764253,
      "precision_micro": 0.1477621091354997,
      "precision_weighted": 0.18172762502928513,
      "recall_macro": 0.1725256435031039,
      "recall_micro": 0.1477621091354997,
      "recall_weighted": 0.1477621091354997,
      "f1_macro": 0.14395728918953013,
      "f1_micro": 0.1477621091354997,
      "f1_weighted": 0.1488785799012135,
      "confusion_matrix": [
        [
          1801,
          1803,
          681,
          1240,
          1121,
          661,
          855,
          559,
          1838
        ],
        [
          1579,
          4042,
          1274,
          1541,
          1196,
          845,
          1500,
          600,
          1790
        ],
        [
          2227,
          3893,
          2742,
          2914,
          1640,
          1712,
          1993,
          1278,
          4895
        ],
        [
          2332,
          3958,
          3165,
          4428,
          2788,
          2470,
          1917,
          1811,
          5890
        ],
        [
          3689,
          4590,
          2745,
          3975,
          5165,
          2468,
          2828,
          2177,
          8498
        ],
        [
          1713,
          3442,
          2048,
          2771,
          2236,
          2395,
          1971,
          1384,
          4941
        ],
        [
          3441,
          6693,
          3582,
          5112,
          4308,
          3056,
          4684,
          2535,
          7048
        ],
        [
          2135,
          3026,
          1597,
          2729,
          2544,
          1797,
          2060,
          2082,
          4969
        ],
        [
          637,
          1072,
          579,
          973,
          1141,
          706,
          357,
          381,
          3509
        ]
      ]
    }
  },
  "test_metrics": {
    "classification": {
      "labels": [
        0,
        1,
        2,
        3,
        4,
        5,
        6,
        7,
        8
      ],
      "accuracy": 0.14681688125894135,
      "balanced_accuracy": 0.172378301385898,
      "precision_macro": 0.15751464789584854,
      "precision_micro": 0.14681688125894135,
      "precision_weighted": 0.17997817529363427,
      "recall_macro": 0.172378301385898,
      "recall_micro": 0.14681688125894135,
      "recall_weighted": 0.14681688125894135,
      "f1_macro": 0.14358584642855235,
      "f1_micro": 0.14681688125894135,
      "f1_weighted": 0.14763816498938448,
      "confusion_matrix": [
        [
          760,
          788,
          280,
          512,
          515,
          280,
          353,
          255,
          843
        ],
        [
          694,
          1782,
          561,
          684,
          516,
          384,
          645,
          268,
          836
        ],
        [
          912,
          1621,
          1174,
          1281,
          736,
          770,
          858,
          536,
          2137
        ],
        [
          1002,
          1639,
          1319,
          1820,
          1139,
          1026,
          830,
          743,
          2498
        ],
        [
          1627,
          1979,
          1127,
          1737,
          2124,
          1066,
          1234,
          902,
          3562
        ],
        [
          757,
          1474,
          956,
          1180,
          954,
          1046,
          872,
          590,
          2123
        ],
        [
          1524,
          2907,
          1471,
          2232,
          1829,
          1346,
          1953,
          1102,
          2961
        ],
        [
          934,
          1286,
          695,
          1108,
          1117,
          750,
          903,
          973,
          2148
        ],
        [
          242,
          457,
          257,
          398,
          449,
          334,
          132,
          153,
          1504
        ]
      ]
    }
  },
  "run_timestamp": "20251227_011338_117972",
  "params_hash": "0a5e5f6bf8b90e03ef4f156691f059436dfc9e589aebaa28269f0499df8ccfa5"
}