{
  "best_epoch": 0,
  "best_val_loss": null,
  "total_seconds": 2.2167173359775916,
  "epochs": [],
  "train_metrics": {
    "classification": {
      "labels": [
        0,
        1,
        2,
        3,
        4
      ],
      "accuracy": 0.32443669527896996,
      "balanced_accuracy": 0.3057931855418311,
      "precision_macro": 0.29091718644909303,
      "precision_micro": 0.32443669527896996,
      "precision_weighted": 0.3298276347616329,
      "recall_macro": 0.3057931855418311,
      "recall_micro": 0.32443669527896996,
      "recall_weighted": 0.32443669527896996,
      "f1_macro": 0.27732577066066627,
      "f1_micro": 0.32443669527896996,
      "f1_weighted": 0.31492361603819075,
      "confusion_matrix": [
        [
          8656,
          2097,
          647,
          3772,
          2688
        ],
        [
          8907,
          9403,
          2226,
          15395,
          7382
        ],
        [
          6501,
          4064,
          2509,
          10834,
          3369
        ],
        [
          12634,
          8752,
          4609,
          35219,
          11531
        ],
        [
          10248,
          5823,
          2006,
          17551,
          11945
        ]
      ]
    }
  },
  "test_metrics": {
    "classification": {
      "labels": [
        0,
        1,
        2,
        3,
        4
      ],
      "accuracy": 0.32089368741058655,
      "balanced_accuracy": 0.3019825001146802,
      "precision_macro": 0.2890752353458347,
      "precision_micro": 0.32089368741058655,
      "precision_weighted": 0.32662004669957867,
      "recall_macro": 0.3019825001146802,
      "recall_micro": 0.32089368741058655,
      "recall_weighted": 0.32089368741058655,
      "f1_macro": 0.27449996830212003,
      "f1_micro": 0.32089368741058655,
      "f1_weighted": 0.3111650380077374,
      "confusion_matrix": [
        [
          3678,
          958,
          280,
          1668,
          1186
        ],
        [
          3881,
          4022,
          934,
          6766,
          3062
        ],
        [
          2801,
          1748,
          1051,
          4551,
          1483
        ],
        [
          5335,
          3698,
          1920,
          14836,
          4918
        ],
        [
          4589,
          2449,
          843,
          7691,
          5124
        ]
      ]
    }
  },
  "run_timestamp": "20251226_201729_523430",
  "params_hash": "20d7c4bdac02239bddd505d10e6a8a85ce389f13447750c86d3104860f2ad31c"
}