{
  "best_epoch": 0,
  "best_val_loss": null,
  "total_seconds": 0.010229002000414766,
  "epochs": [],
  "train_metrics": {
    "classification": {
      "labels": [
        0,
        1,
        2
      ],
      "accuracy": 0.44188988095238096,
      "balanced_accuracy": 0.4139958244749386,
      "precision_macro": 0.41814232280797387,
      "precision_micro": 0.44188988095238096,
      "precision_weighted": 0.4396884177868043,
      "recall_macro": 0.4139958244749386,
      "recall_micro": 0.44188988095238096,
      "recall_weighted": 0.44188988095238096,
      "f1_macro": 0.4156539914320816,
      "f1_micro": 0.44188988095238096,
      "f1_weighted": 0.44046639046474884,
      "confusion_matrix": [
        [
          703,
          802,
          884
        ],
        [
          715,
          2564,
          2273
        ],
        [
          739,
          2088,
          2672
        ]
      ]
    }
  },
  "test_metrics": {
    "classification": {
      "labels": [
        0,
        1,
        2
      ],
      "accuracy": 0.4317708333333333,
      "balanced_accuracy": 0.4051552950402373,
      "precision_macro": 0.407066707047998,
      "precision_micro": 0.4317708333333333,
      "precision_weighted": 0.43103699884828867,
      "recall_macro": 0.4051552950402373,
      "recall_micro": 0.4317708333333333,
      "recall_weighted": 0.4317708333333333,
      "f1_macro": 0.4059081928308759,
      "f1_micro": 0.4317708333333333,
      "f1_weighted": 0.4311894331677212,
      "confusion_matrix": [
        [
          294,
          322,
          385
        ],
        [
          320,
          1084,
          994
        ],
        [
          343,
          909,
          1109
        ]
      ]
    }
  },
  "run_timestamp": "20251208_141456_184581",
  "params_hash": "f2318a60cc0cae4f3af51d9549f011beec1737897f17692162452418f4ae59a4"
}