{
  "best_epoch": 0,
  "best_val_loss": null,
  "total_seconds": 0.017587064998224378,
  "epochs": [],
  "train_metrics": {
    "classification": {
      "labels": [
        0,
        1,
        2,
        3,
        4,
        5,
        6,
        7,
        8
      ],
      "accuracy": 0.1578125,
      "balanced_accuracy": 0.14538030797836965,
      "precision_macro": 0.1277765520038382,
      "precision_micro": 0.1578125,
      "precision_weighted": 0.1512698031908668,
      "recall_macro": 0.14538030797836965,
      "recall_micro": 0.1578125,
      "recall_weighted": 0.1578125,
      "f1_macro": 0.12322610753747958,
      "f1_micro": 0.1578125,
      "f1_weighted": 0.14415868362860942,
      "confusion_matrix": [
        [
          226,
          50,
          28,
          62,
          90,
          105,
          123,
          0,
          23
        ],
        [
          208,
          72,
          50,
          144,
          151,
          156,
          143,
          3,
          12
        ],
        [
          270,
          64,
          140,
          162,
          154,
          288,
          380,
          6,
          34
        ],
        [
          327,
          128,
          151,
          172,
          162,
          399,
          384,
          6,
          95
        ],
        [
          427,
          137,
          142,
          218,
          366,
          382,
          544,
          4,
          93
        ],
        [
          238,
          65,
          108,
          150,
          135,
          365,
          387,
          3,
          26
        ],
        [
          317,
          137,
          196,
          308,
          287,
          505,
          764,
          5,
          69
        ],
        [
          200,
          55,
          115,
          211,
          151,
          291,
          399,
          2,
          45
        ],
        [
          100,
          21,
          51,
          82,
          116,
          97,
          140,
          4,
          14
        ]
      ]
    }
  },
  "test_metrics": {
    "classification": {
      "labels": [
        0,
        1,
        2,
        3,
        4,
        5,
        6,
        7,
        8
      ],
      "accuracy": 0.15711805555555555,
      "balanced_accuracy": 0.1462269129496364,
      "precision_macro": 0.14130681580936721,
      "precision_micro": 0.15711805555555555,
      "precision_weighted": 0.16603302799825195,
      "recall_macro": 0.1462269129496364,
      "recall_micro": 0.15711805555555555,
      "recall_weighted": 0.15711805555555555,
      "f1_macro": 0.12174761562279299,
      "f1_micro": 0.15711805555555555,
      "f1_weighted": 0.143316601465263,
      "confusion_matrix": [
        [
          90,
          19,
          12,
          16,
          43,
          42,
          39,
          1,
          6
        ],
        [
          92,
          31,
          27,
          47,
          64,
          58,
          70,
          1,
          6
        ],
        [
          106,
          28,
          52,
          85,
          69,
          133,
          155,
          0,
          19
        ],
        [
          138,
          49,
          56,
          75,
          68,
          196,
          168,
          0,
          51
        ],
        [
          157,
          49,
          71,
          107,
          152,
          162,
          254,
          2,
          48
        ],
        [
          95,
          42,
          41,
          78,
          63,
          162,
          137,
          2,
          18
        ],
        [
          157,
          65,
          85,
          125,
          145,
          199,
          335,
          5,
          16
        ],
        [
          76,
          20,
          42,
          88,
          88,
          111,
          198,
          3,
          20
        ],
        [
          46,
          10,
          19,
          22,
          39,
          30,
          59,
          0,
          5
        ]
      ]
    }
  },
  "run_timestamp": "20251208_103047_621232",
  "params_hash": "176b9dd48492090beb0c40df4ed38d69e389af3220be20555ea1e98480b249d4"
}