{
  "best_epoch": 0,
  "best_val_loss": null,
  "total_seconds": 0.6210850699862931,
  "epochs": [],
  "train_metrics": {
    "classification": {
      "labels": [
        0,
        1,
        2,
        3,
        4
      ],
      "accuracy": 0.30287687768240346,
      "balanced_accuracy": 0.271998354181342,
      "precision_macro": 0.2548727028828472,
      "precision_micro": 0.30287687768240346,
      "precision_weighted": 0.29323670560075843,
      "recall_macro": 0.271998354181342,
      "recall_micro": 0.30287687768240346,
      "recall_weighted": 0.30287687768240346,
      "f1_macro": 0.22246383390199886,
      "f1_micro": 0.30287687768240346,
      "f1_weighted": 0.26538129663518817,
      "confusion_matrix": [
        [
          8899,
          1723,
          403,
          5714,
          1121
        ],
        [
          10475,
          5079,
          1677,
          21471,
          4611
        ],
        [
          7844,
          2146,
          1114,
          13899,
          2274
        ],
        [
          16655,
          5072,
          2510,
          42382,
          6126
        ],
        [
          10945,
          4815,
          1185,
          24871,
          5757
        ]
      ]
    }
  },
  "test_metrics": {
    "classification": {
      "labels": [
        0,
        1,
        2,
        3,
        4
      ],
      "accuracy": 0.2991103361945637,
      "balanced_accuracy": 0.2693738989961031,
      "precision_macro": 0.2525691546333128,
      "precision_micro": 0.2991103361945637,
      "precision_weighted": 0.2893957311829882,
      "recall_macro": 0.2693738989961031,
      "recall_micro": 0.2991103361945637,
      "recall_weighted": 0.2991103361945637,
      "f1_macro": 0.22029980422228101,
      "f1_micro": 0.2991103361945637,
      "f1_weighted": 0.26116502080109366,
      "confusion_matrix": [
        [
          3802,
          738,
          172,
          2558,
          500
        ],
        [
          4658,
          2131,
          767,
          9132,
          1977
        ],
        [
          3335,
          946,
          510,
          5858,
          985
        ],
        [
          6966,
          2201,
          1070,
          17917,
          2553
        ],
        [
          4822,
          2034,
          576,
          10862,
          2402
        ]
      ]
    }
  },
  "run_timestamp": "20251227_011320_598540",
  "params_hash": "a91b279c39aefbb1fc3c7ea09fc2a35ac1cb0efcfe1b9c9c11eb44b04b156f05"
}