{
  "best_epoch": 0,
  "best_val_loss": null,
  "total_seconds": 35.03448072099127,
  "epochs": [],
  "train_metrics": {
    "classification": {
      "labels": [
        0,
        1,
        2,
        3,
        4
      ],
      "accuracy": 0.34397034028203555,
      "balanced_accuracy": 0.34781879058039966,
      "precision_macro": 0.33237499467063025,
      "precision_micro": 0.34397034028203555,
      "precision_weighted": 0.36059690732301997,
      "recall_macro": 0.34781879058039966,
      "recall_micro": 0.34397034028203555,
      "recall_weighted": 0.34397034028203555,
      "f1_macro": 0.3311245834365631,
      "f1_micro": 0.34397034028203555,
      "f1_weighted": 0.34720455791488963,
      "confusion_matrix": [
        [
          7855,
          2696,
          1705,
          1934,
          4056
        ],
        [
          6579,
          12569,
          6333,
          7202,
          8743
        ],
        [
          5131,
          5259,
          9399,
          6417,
          7395
        ],
        [
          8586,
          8803,
          8321,
          18043,
          12941
        ],
        [
          9311,
          7288,
          7541,
          10717,
          23944
        ]
      ]
    }
  },
  "test_metrics": {
    "classification": {
      "labels": [
        0,
        1,
        2,
        3,
        4
      ],
      "accuracy": 0.34319116595135907,
      "balanced_accuracy": 0.34461858569712467,
      "precision_macro": 0.33103724316624294,
      "precision_micro": 0.34319116595135907,
      "precision_weighted": 0.35921668317470007,
      "recall_macro": 0.34461858569712467,
      "recall_micro": 0.34319116595135907,
      "recall_weighted": 0.34319116595135907,
      "f1_macro": 0.32964315537766875,
      "f1_micro": 0.34319116595135907,
      "f1_weighted": 0.3464983959994296,
      "confusion_matrix": [
        [
          3375,
          1220,
          796,
          859,
          1833
        ],
        [
          2813,
          5325,
          2651,
          3207,
          3760
        ],
        [
          2295,
          2213,
          3911,
          2676,
          3069
        ],
        [
          3712,
          3739,
          3470,
          7756,
          5480
        ],
        [
          3971,
          3135,
          3150,
          4717,
          10339
        ]
      ]
    }
  },
  "run_timestamp": "20251226_201016_458469",
  "params_hash": "0f812295f55b01aa49fc1a9c853342660584a275ea458fca4c6248a20591176c"
}