{
  "best_epoch": 0,
  "best_val_loss": null,
  "total_seconds": 15.854220125998836,
  "epochs": [],
  "train_metrics": {
    "classification": {
      "labels": [
        0,
        1,
        2
      ],
      "accuracy": 0.5121282955242182,
      "balanced_accuracy": 0.5048387730516888,
      "precision_macro": 0.49297253476347774,
      "precision_micro": 0.5121282955242182,
      "precision_weighted": 0.5197191604044035,
      "recall_macro": 0.5048387730516888,
      "recall_micro": 0.5121282955242182,
      "recall_weighted": 0.5121282955242182,
      "f1_macro": 0.49683915910247584,
      "f1_micro": 0.5121282955242182,
      "f1_weighted": 0.5145893875349745,
      "confusion_matrix": [
        [
          17423,
          8832,
          10522
        ],
        [
          14543,
          44394,
          27622
        ],
        [
          13920,
          26413,
          45099
        ]
      ]
    }
  },
  "test_metrics": {
    "classification": {
      "labels": [
        0,
        1,
        2
      ],
      "accuracy": 0.5093437052932761,
      "balanced_accuracy": 0.5005573126920058,
      "precision_macro": 0.48982667310519906,
      "precision_micro": 0.5093437052932761,
      "precision_weighted": 0.5165001698824757,
      "recall_macro": 0.5005573126920058,
      "recall_micro": 0.5093437052932761,
      "recall_weighted": 0.5093437052932761,
      "f1_macro": 0.49339555481207836,
      "f1_micro": 0.5093437052932761,
      "f1_weighted": 0.511761331233526,
      "confusion_matrix": [
        [
          7351,
          3997,
          4533
        ],
        [
          6140,
          18928,
          11863
        ],
        [
          6070,
          11297,
          19293
        ]
      ]
    }
  },
  "run_timestamp": "20251226_202547_386905",
  "params_hash": "f045ed26ea103d33e5998e08056f802e7b6d6aba0ac11dee89ad410bbcaf0b15"
}