{
  "best_epoch": 0,
  "best_val_loss": null,
  "total_seconds": 2.8374833299894817,
  "epochs": [],
  "train_metrics": {
    "classification": {
      "labels": [
        0,
        1,
        2,
        3,
        4
      ],
      "accuracy": 0.29501168761496016,
      "balanced_accuracy": 0.28592688776071523,
      "precision_macro": 0.27816252321260276,
      "precision_micro": 0.29501168761496016,
      "precision_weighted": 0.30185000353612673,
      "recall_macro": 0.28592688776071523,
      "recall_micro": 0.29501168761496016,
      "recall_weighted": 0.29501168761496016,
      "f1_macro": 0.2723187782256472,
      "f1_micro": 0.29501168761496016,
      "f1_weighted": 0.2925233232314454,
      "confusion_matrix": [
        [
          6393,
          2673,
          1649,
          3407,
          4124
        ],
        [
          7449,
          9550,
          3425,
          9383,
          11619
        ],
        [
          6098,
          4530,
          4795,
          7950,
          10228
        ],
        [
          8899,
          7835,
          4893,
          17859,
          17208
        ],
        [
          8653,
          7395,
          5551,
          14210,
          22992
        ]
      ]
    }
  },
  "test_metrics": {
    "classification": {
      "labels": [
        0,
        1,
        2,
        3,
        4
      ],
      "accuracy": 0.2969197067238913,
      "balanced_accuracy": 0.2863925777075396,
      "precision_macro": 0.27919569827250734,
      "precision_micro": 0.2969197067238913,
      "precision_weighted": 0.30274951175533565,
      "recall_macro": 0.2863925777075396,
      "recall_micro": 0.2969197067238913,
      "recall_weighted": 0.2969197067238913,
      "f1_macro": 0.27352541233779715,
      "f1_micro": 0.2969197067238913,
      "f1_weighted": 0.29411754716376703,
      "confusion_matrix": [
        [
          2818,
          1159,
          795,
          1505,
          1806
        ],
        [
          3147,
          4097,
          1472,
          4089,
          4951
        ],
        [
          2588,
          1965,
          1986,
          3315,
          4310
        ],
        [
          3886,
          3353,
          1994,
          7669,
          7255
        ],
        [
          3714,
          3176,
          2266,
          6160,
          9996
        ]
      ]
    }
  },
  "run_timestamp": "20251227_011625_040927",
  "params_hash": "b2a4ff7d0e753b987894fdebc08b45b157fb2682a77856c72d3feb142062e5d7"
}