{
  "best_epoch": 0,
  "best_val_loss": null,
  "total_seconds": 3.5265922250109725,
  "epochs": [],
  "train_metrics": {
    "classification": {
      "labels": [
        0,
        1,
        2,
        3,
        4,
        5,
        6,
        7,
        8
      ],
      "accuracy": 0.17954379981606378,
      "balanced_accuracy": 0.18781423636247133,
      "precision_macro": 0.1639611059897884,
      "precision_micro": 0.17954379981606378,
      "precision_weighted": 0.20081294912765482,
      "recall_macro": 0.18781423636247133,
      "recall_micro": 0.17954379981606378,
      "recall_weighted": 0.17954379981606378,
      "f1_macro": 0.14656484503606407,
      "f1_micro": 0.17954379981606378,
      "f1_weighted": 0.17306218626374106,
      "confusion_matrix": [
        [
          5668,
          363,
          527,
          618,
          766,
          1399,
          669,
          69,
          1132
        ],
        [
          3573,
          916,
          765,
          1284,
          978,
          1907,
          1637,
          87,
          1545
        ],
        [
          5924,
          1197,
          1799,
          2411,
          1999,
          5057,
          4062,
          281,
          2810
        ],
        [
          4911,
          1005,
          1416,
          4150,
          2179,
          5893,
          3350,
          220,
          2969
        ],
        [
          7871,
          1217,
          1441,
          3523,
          3622,
          5962,
          4010,
          213,
          4178
        ],
        [
          8542,
          1579,
          1768,
          4874,
          2885,
          11632,
          5408,
          537,
          4125
        ],
        [
          10090,
          1422,
          1811,
          3567,
          2127,
          6861,
          7843,
          303,
          4672
        ],
        [
          3105,
          580,
          718,
          1076,
          623,
          3402,
          3082,
          133,
          2224
        ],
        [
          1590,
          220,
          248,
          604,
          357,
          713,
          719,
          35,
          1720
        ]
      ]
    }
  },
  "test_metrics": {
    "classification": {
      "labels": [
        0,
        1,
        2,
        3,
        4,
        5,
        6,
        7,
        8
      ],
      "accuracy": 0.17640155579399142,
      "balanced_accuracy": 0.1824430583161532,
      "precision_macro": 0.1618272971846363,
      "precision_micro": 0.17640155579399142,
      "precision_weighted": 0.1981604755817981,
      "recall_macro": 0.1824430583161532,
      "recall_micro": 0.17640155579399142,
      "recall_weighted": 0.17640155579399142,
      "f1_macro": 0.14440603145283973,
      "f1_micro": 0.17640155579399142,
      "f1_weighted": 0.1707160446464289,
      "confusion_matrix": [
        [
          2422,
          185,
          231,
          293,
          320,
          629,
          294,
          24,
          468
        ],
        [
          1470,
          408,
          374,
          516,
          448,
          889,
          674,
          39,
          664
        ],
        [
          2580,
          544,
          852,
          1058,
          793,
          2240,
          1731,
          97,
          1146
        ],
        [
          2132,
          469,
          570,
          1767,
          929,
          2483,
          1472,
          100,
          1265
        ],
        [
          3193,
          525,
          607,
          1503,
          1552,
          2456,
          1830,
          77,
          1888
        ],
        [
          3651,
          702,
          747,
          1989,
          1295,
          4767,
          2251,
          202,
          1762
        ],
        [
          4343,
          594,
          793,
          1583,
          994,
          2910,
          3331,
          149,
          2061
        ],
        [
          1347,
          211,
          344,
          463,
          286,
          1503,
          1316,
          48,
          975
        ],
        [
          724,
          114,
          121,
          250,
          152,
          325,
          310,
          16,
          636
        ]
      ]
    }
  },
  "run_timestamp": "20251226_195904_227820",
  "params_hash": "cfe8a0b9298713ace1e71ad95271952d99c9256f672517ac70fa4d6279c4ca94"
}