{
  "best_epoch": 0,
  "best_val_loss": null,
  "total_seconds": 4.221873591013718,
  "epochs": [],
  "train_metrics": {
    "classification": {
      "labels": [
        0,
        1,
        2,
        3,
        4
      ],
      "accuracy": 0.29958614347026363,
      "balanced_accuracy": 0.2844710416451284,
      "precision_macro": 0.2787168564268254,
      "precision_micro": 0.29958614347026363,
      "precision_weighted": 0.30339401993923076,
      "recall_macro": 0.2844710416451284,
      "recall_micro": 0.29958614347026363,
      "recall_weighted": 0.29958614347026363,
      "f1_macro": 0.2739625012892399,
      "f1_micro": 0.29958614347026363,
      "f1_weighted": 0.2953575431747769,
      "confusion_matrix": [
        [
          5491,
          2945,
          1906,
          3185,
          4719
        ],
        [
          6609,
          10029,
          4200,
          7545,
          13043
        ],
        [
          5289,
          4788,
          5501,
          6773,
          11250
        ],
        [
          8281,
          8366,
          5763,
          14938,
          19346
        ],
        [
          6796,
          7948,
          6068,
          11404,
          26585
        ]
      ]
    }
  },
  "test_metrics": {
    "classification": {
      "labels": [
        0,
        1,
        2,
        3,
        4
      ],
      "accuracy": 0.29855150214592274,
      "balanced_accuracy": 0.2832315992364435,
      "precision_macro": 0.27671746644227596,
      "precision_micro": 0.29855150214592274,
      "precision_weighted": 0.30103685463819824,
      "recall_macro": 0.2832315992364435,
      "recall_micro": 0.29855150214592274,
      "recall_weighted": 0.29855150214592274,
      "f1_macro": 0.27279515067234594,
      "f1_micro": 0.29855150214592274,
      "f1_weighted": 0.2939896936627617,
      "confusion_matrix": [
        [
          2463,
          1284,
          869,
          1422,
          2045
        ],
        [
          2828,
          4269,
          1883,
          3275,
          5501
        ],
        [
          2301,
          2140,
          2245,
          2739,
          4739
        ],
        [
          3632,
          3551,
          2461,
          6280,
          8233
        ],
        [
          2884,
          3360,
          2623,
          4990,
          11455
        ]
      ]
    }
  },
  "run_timestamp": "20251226_202017_117511",
  "params_hash": "cb28e44677db8bd01a34edc15df2ffebd03cd48152cf39866e53a278e17865c0"
}