{
  "best_epoch": 0,
  "best_val_loss": null,
  "total_seconds": 0.010719491998315789,
  "epochs": [],
  "train_metrics": {
    "classification": {
      "labels": [
        0,
        1,
        2,
        3,
        4
      ],
      "accuracy": 0.31339285714285714,
      "balanced_accuracy": 0.25416922846037854,
      "precision_macro": 0.21312963194113133,
      "precision_micro": 0.31339285714285714,
      "precision_weighted": 0.25684679500458457,
      "recall_macro": 0.25416922846037854,
      "recall_micro": 0.31339285714285714,
      "recall_weighted": 0.31339285714285714,
      "f1_macro": 0.20397921563055074,
      "f1_micro": 0.31339285714285714,
      "f1_weighted": 0.251201954695875,
      "confusion_matrix": [
        [
          427,
          141,
          0,
          539,
          53
        ],
        [
          530,
          454,
          0,
          1658,
          158
        ],
        [
          409,
          233,
          0,
          1016,
          101
        ],
        [
          711,
          529,
          0,
          3125,
          273
        ],
        [
          383,
          375,
          0,
          2119,
          206
        ]
      ]
    }
  },
  "test_metrics": {
    "classification": {
      "labels": [
        0,
        1,
        2,
        3,
        4
      ],
      "accuracy": 0.3190972222222222,
      "balanced_accuracy": 0.25421895996583477,
      "precision_macro": 0.21196206584948646,
      "precision_micro": 0.3190972222222222,
      "precision_weighted": 0.25832667639745366,
      "recall_macro": 0.25421895996583477,
      "recall_micro": 0.3190972222222222,
      "recall_weighted": 0.3190972222222222,
      "f1_macro": 0.20408027419891753,
      "f1_micro": 0.3190972222222222,
      "f1_weighted": 0.25515058863415613,
      "confusion_matrix": [
        [
          176,
          60,
          0,
          225,
          29
        ],
        [
          211,
          199,
          0,
          732,
          48
        ],
        [
          195,
          100,
          0,
          403,
          48
        ],
        [
          266,
          268,
          0,
          1384,
          104
        ],
        [
          170,
          169,
          0,
          894,
          79
        ]
      ]
    }
  },
  "run_timestamp": "20251208_141616_907622",
  "params_hash": "1cdb0cdd8a58f1c08b762285aac183d3176e84184335dd6f35cf23039a302a60"
}