{
  "best_epoch": 0,
  "best_val_loss": null,
  "total_seconds": 1.6167811719933525,
  "epochs": [],
  "train_metrics": {
    "classification": {
      "labels": [
        0,
        1,
        2,
        3,
        4
      ],
      "accuracy": 0.2812404199877376,
      "balanced_accuracy": 0.27311502646885516,
      "precision_macro": 0.268423304086501,
      "precision_micro": 0.2812404199877376,
      "precision_weighted": 0.29358461873149655,
      "recall_macro": 0.27311502646885516,
      "recall_micro": 0.2812404199877376,
      "recall_weighted": 0.2812404199877376,
      "f1_macro": 0.2602899160757205,
      "f1_micro": 0.2812404199877376,
      "f1_weighted": 0.28066012063786844,
      "confusion_matrix": [
        [
          5927,
          2442,
          2013,
          3322,
          4542
        ],
        [
          8897,
          8353,
          3584,
          8705,
          11887
        ],
        [
          6985,
          4468,
          5795,
          6526,
          9827
        ],
        [
          10088,
          7270,
          5645,
          15063,
          18628
        ],
        [
          8931,
          7609,
          6392,
          12293,
          23576
        ]
      ]
    }
  },
  "test_metrics": {
    "classification": {
      "labels": [
        0,
        1,
        2,
        3,
        4
      ],
      "accuracy": 0.2818200107296137,
      "balanced_accuracy": 0.2735917011923942,
      "precision_macro": 0.2684273454075066,
      "precision_micro": 0.2818200107296137,
      "precision_weighted": 0.29292916429482135,
      "recall_macro": 0.2735917011923942,
      "recall_micro": 0.2818200107296137,
      "recall_weighted": 0.2818200107296137,
      "f1_macro": 0.26087086751906524,
      "f1_micro": 0.2818200107296137,
      "f1_weighted": 0.28078356037418395,
      "confusion_matrix": [
        [
          2669,
          1064,
          921,
          1444,
          1985
        ],
        [
          3778,
          3582,
          1561,
          3735,
          5100
        ],
        [
          2998,
          1899,
          2405,
          2822,
          4040
        ],
        [
          4344,
          3094,
          2399,
          6370,
          7950
        ],
        [
          3891,
          3209,
          2711,
          5312,
          10189
        ]
      ]
    }
  },
  "run_timestamp": "20251227_011553_173475",
  "params_hash": "d20a48056a6ca60bb94523a1b7cc24ac43e4a4b313c98afccceb6a82872a3063"
}