{
  "best_epoch": 0,
  "best_val_loss": null,
  "total_seconds": 0.11692116600170266,
  "epochs": [],
  "train_metrics": {
    "classification": {
      "labels": [
        0,
        1,
        2,
        3,
        4,
        5,
        6,
        7,
        8
      ],
      "accuracy": 0.1761904761904762,
      "balanced_accuracy": 0.23127520305375132,
      "precision_macro": 0.189889328723054,
      "precision_micro": 0.1761904761904762,
      "precision_weighted": 0.2205430159391774,
      "recall_macro": 0.23127520305375132,
      "recall_micro": 0.1761904761904762,
      "recall_weighted": 0.1761904761904762,
      "f1_macro": 0.1631739796486385,
      "f1_micro": 0.1761904761904762,
      "f1_weighted": 0.16758251930949894,
      "confusion_matrix": [
        [
          324,
          82,
          22,
          53,
          23,
          66,
          11,
          26,
          128
        ],
        [
          191,
          173,
          40,
          47,
          27,
          128,
          29,
          34,
          160
        ],
        [
          226,
          208,
          68,
          163,
          90,
          314,
          104,
          97,
          383
        ],
        [
          159,
          119,
          52,
          313,
          113,
          395,
          91,
          95,
          340
        ],
        [
          357,
          206,
          68,
          206,
          212,
          351,
          74,
          81,
          477
        ],
        [
          241,
          192,
          41,
          300,
          133,
          731,
          213,
          186,
          606
        ],
        [
          300,
          171,
          56,
          208,
          103,
          511,
          179,
          165,
          783
        ],
        [
          145,
          100,
          36,
          80,
          13,
          131,
          35,
          105,
          342
        ],
        [
          33,
          9,
          21,
          18,
          8,
          33,
          16,
          7,
          263
        ]
      ]
    }
  },
  "test_metrics": {
    "classification": {
      "labels": [
        0,
        1,
        2,
        3,
        4,
        5,
        6,
        7,
        8
      ],
      "accuracy": 0.16041666666666668,
      "balanced_accuracy": 0.2149197346258361,
      "precision_macro": 0.16967615296669725,
      "precision_micro": 0.16041666666666668,
      "precision_weighted": 0.19842180884856767,
      "recall_macro": 0.2149197346258361,
      "recall_micro": 0.16041666666666668,
      "recall_weighted": 0.16041666666666668,
      "f1_macro": 0.14787779726908395,
      "f1_micro": 0.16041666666666668,
      "f1_weighted": 0.14990346955062814,
      "confusion_matrix": [
        [
          131,
          25,
          10,
          27,
          13,
          32,
          3,
          5,
          54
        ],
        [
          66,
          82,
          13,
          22,
          11,
          66,
          8,
          14,
          59
        ],
        [
          100,
          91,
          18,
          81,
          30,
          152,
          40,
          32,
          158
        ],
        [
          80,
          48,
          16,
          113,
          43,
          218,
          44,
          38,
          123
        ],
        [
          174,
          78,
          35,
          90,
          86,
          172,
          28,
          42,
          203
        ],
        [
          99,
          83,
          28,
          150,
          53,
          298,
          94,
          72,
          260
        ],
        [
          136,
          83,
          27,
          81,
          48,
          239,
          70,
          74,
          336
        ],
        [
          43,
          38,
          20,
          32,
          6,
          63,
          16,
          34,
          141
        ],
        [
          18,
          11,
          11,
          6,
          2,
          14,
          7,
          1,
          92
        ]
      ]
    }
  },
  "run_timestamp": "20251208_102608_008001",
  "params_hash": "f3c5dd340ea93255f82bf4b51c84b0c431599e0a6d06e3eb37c056b1a93dfcc5"
}