{
  "best_epoch": 0,
  "best_val_loss": null,
  "total_seconds": 0.021258150998619385,
  "epochs": [],
  "train_metrics": {
    "classification": {
      "labels": [
        0,
        1,
        2,
        3,
        4
      ],
      "accuracy": 0.25610119047619045,
      "balanced_accuracy": 0.2648264430466275,
      "precision_macro": 0.25109730861859914,
      "precision_micro": 0.25610119047619045,
      "precision_weighted": 0.27236153291428156,
      "recall_macro": 0.2648264430466275,
      "recall_micro": 0.25610119047619045,
      "recall_weighted": 0.25610119047619045,
      "f1_macro": 0.24936949420605675,
      "f1_micro": 0.25610119047619045,
      "f1_weighted": 0.2592653102830282,
      "confusion_matrix": [
        [
          427,
          206,
          173,
          174,
          225
        ],
        [
          569,
          605,
          365,
          534,
          586
        ],
        [
          415,
          352,
          476,
          387,
          508
        ],
        [
          669,
          567,
          567,
          905,
          946
        ],
        [
          585,
          672,
          642,
          856,
          1029
        ]
      ]
    }
  },
  "test_metrics": {
    "classification": {
      "labels": [
        0,
        1,
        2,
        3,
        4
      ],
      "accuracy": 0.26145833333333335,
      "balanced_accuracy": 0.2704743528615459,
      "precision_macro": 0.25699940009911837,
      "precision_micro": 0.26145833333333335,
      "precision_weighted": 0.280958666310417,
      "recall_macro": 0.2704743528615459,
      "recall_micro": 0.26145833333333335,
      "recall_weighted": 0.26145833333333335,
      "f1_macro": 0.25393534570848963,
      "f1_micro": 0.26145833333333335,
      "f1_weighted": 0.2657032809826974,
      "confusion_matrix": [
        [
          175,
          88,
          70,
          64,
          93
        ],
        [
          237,
          271,
          180,
          208,
          255
        ],
        [
          189,
          144,
          215,
          168,
          221
        ],
        [
          277,
          272,
          239,
          387,
          376
        ],
        [
          278,
          269,
          264,
          362,
          458
        ]
      ]
    }
  },
  "run_timestamp": "20251208_141552_694828",
  "params_hash": "e56b0960a310d91c8776a2ffd91f32b9e72de1357ee0f5027500730294260bfb"
}