{
  "best_epoch": 0,
  "best_val_loss": null,
  "total_seconds": 0.02908420799940359,
  "epochs": [],
  "train_metrics": {
    "classification": {
      "labels": [
        0,
        1,
        2,
        3,
        4
      ],
      "accuracy": 0.32470238095238096,
      "balanced_accuracy": 0.2823583586102102,
      "precision_macro": 0.2828345494048484,
      "precision_micro": 0.32470238095238096,
      "precision_weighted": 0.31435278774429687,
      "recall_macro": 0.2823583586102102,
      "recall_micro": 0.32470238095238096,
      "recall_weighted": 0.32470238095238096,
      "f1_macro": 0.2568911818565505,
      "f1_micro": 0.32470238095238096,
      "f1_weighted": 0.2980094370049821,
      "confusion_matrix": [
        [
          453,
          130,
          37,
          383,
          157
        ],
        [
          547,
          392,
          105,
          1342,
          414
        ],
        [
          326,
          166,
          134,
          864,
          269
        ],
        [
          697,
          432,
          186,
          2693,
          630
        ],
        [
          451,
          298,
          96,
          1546,
          692
        ]
      ]
    }
  },
  "test_metrics": {
    "classification": {
      "labels": [
        0,
        1,
        2,
        3,
        4
      ],
      "accuracy": 0.32309027777777777,
      "balanced_accuracy": 0.27524659462668677,
      "precision_macro": 0.280875743758984,
      "precision_micro": 0.32309027777777777,
      "precision_weighted": 0.31693679978444844,
      "recall_macro": 0.27524659462668677,
      "recall_micro": 0.32309027777777777,
      "recall_weighted": 0.32309027777777777,
      "f1_macro": 0.25199270115289274,
      "f1_micro": 0.32309027777777777,
      "f1_weighted": 0.29812206327314766,
      "confusion_matrix": [
        [
          177,
          48,
          22,
          185,
          58
        ],
        [
          216,
          186,
          37,
          612,
          139
        ],
        [
          165,
          68,
          52,
          364,
          97
        ],
        [
          293,
          198,
          77,
          1170,
          284
        ],
        [
          240,
          125,
          42,
          629,
          276
        ]
      ]
    }
  },
  "run_timestamp": "20251208_141559_457737",
  "params_hash": "8d82e188a1c9c942a438d9af0a5599e9c365a8307ccd1e4f883cbda39ebfcf17"
}