{
  "best_epoch": 0,
  "best_val_loss": null,
  "total_seconds": 0.037215966993244365,
  "epochs": [],
  "train_metrics": {
    "classification": {
      "labels": [
        0,
        1,
        2,
        3,
        4,
        5,
        6,
        7,
        8
      ],
      "accuracy": 0.1671875,
      "balanced_accuracy": 0.18766384422869334,
      "precision_macro": 0.15994464484849918,
      "precision_micro": 0.1671875,
      "precision_weighted": 0.18956832342860405,
      "recall_macro": 0.18766384422869334,
      "recall_micro": 0.1671875,
      "recall_weighted": 0.1671875,
      "f1_macro": 0.13737903134846177,
      "f1_micro": 0.1671875,
      "f1_weighted": 0.15323380724543834,
      "confusion_matrix": [
        [
          325,
          29,
          11,
          14,
          72,
          110,
          47,
          40,
          87
        ],
        [
          195,
          86,
          23,
          22,
          64,
          202,
          58,
          38,
          141
        ],
        [
          329,
          101,
          54,
          47,
          182,
          459,
          134,
          99,
          248
        ],
        [
          359,
          127,
          42,
          53,
          205,
          478,
          120,
          66,
          227
        ],
        [
          446,
          94,
          52,
          37,
          346,
          472,
          177,
          93,
          315
        ],
        [
          443,
          138,
          49,
          76,
          200,
          858,
          245,
          138,
          496
        ],
        [
          426,
          73,
          59,
          79,
          280,
          667,
          297,
          97,
          498
        ],
        [
          107,
          56,
          22,
          47,
          101,
          294,
          87,
          66,
          207
        ],
        [
          60,
          16,
          3,
          5,
          38,
          88,
          28,
          8,
          162
        ]
      ]
    }
  },
  "test_metrics": {
    "classification": {
      "labels": [
        0,
        1,
        2,
        3,
        4,
        5,
        6,
        7,
        8
      ],
      "accuracy": 0.1734375,
      "balanced_accuracy": 0.18755709239811474,
      "precision_macro": 0.16870449708044596,
      "precision_micro": 0.1734375,
      "precision_weighted": 0.2070824677714449,
      "recall_macro": 0.18755709239811474,
      "recall_micro": 0.1734375,
      "recall_weighted": 0.1734375,
      "f1_macro": 0.14147262420818835,
      "f1_micro": 0.1734375,
      "f1_weighted": 0.16375952605228952,
      "confusion_matrix": [
        [
          124,
          14,
          7,
          9,
          32,
          46,
          20,
          16,
          32
        ],
        [
          91,
          41,
          8,
          11,
          22,
          80,
          23,
          19,
          46
        ],
        [
          146,
          39,
          29,
          31,
          56,
          193,
          44,
          59,
          105
        ],
        [
          160,
          47,
          21,
          27,
          87,
          198,
          52,
          26,
          105
        ],
        [
          188,
          42,
          12,
          27,
          171,
          208,
          71,
          38,
          151
        ],
        [
          159,
          72,
          17,
          38,
          85,
          391,
          108,
          59,
          208
        ],
        [
          189,
          38,
          27,
          29,
          131,
          304,
          135,
          42,
          199
        ],
        [
          51,
          16,
          15,
          15,
          39,
          110,
          31,
          22,
          94
        ],
        [
          27,
          4,
          4,
          2,
          15,
          41,
          8,
          2,
          59
        ]
      ]
    }
  },
  "run_timestamp": "20251208_104443_921732",
  "params_hash": "05bc59c3bf44c1593ff9fa6845acaea92cddace980fe6ffcc5678bebb4f71524"
}