{
  "best_epoch": 0,
  "best_val_loss": null,
  "total_seconds": 0.03956353399553336,
  "epochs": [],
  "train_metrics": {
    "classification": {
      "labels": [
        0,
        1,
        2,
        3,
        4,
        5,
        6,
        7,
        8
      ],
      "accuracy": 0.1331845238095238,
      "balanced_accuracy": 0.17129117044333197,
      "precision_macro": 0.1460283240819823,
      "precision_micro": 0.1331845238095238,
      "precision_weighted": 0.17081865330340426,
      "recall_macro": 0.17129117044333197,
      "recall_micro": 0.1331845238095238,
      "recall_weighted": 0.1331845238095238,
      "f1_macro": 0.1206558819358728,
      "f1_micro": 0.1331845238095238,
      "f1_weighted": 0.11907593211618121,
      "confusion_matrix": [
        [
          169,
          87,
          51,
          109,
          65,
          26,
          16,
          1,
          211
        ],
        [
          89,
          194,
          103,
          130,
          45,
          33,
          17,
          5,
          213
        ],
        [
          139,
          288,
          241,
          337,
          133,
          47,
          74,
          34,
          360
        ],
        [
          109,
          198,
          150,
          567,
          161,
          52,
          33,
          10,
          397
        ],
        [
          154,
          274,
          184,
          381,
          289,
          57,
          81,
          14,
          598
        ],
        [
          204,
          447,
          284,
          566,
          267,
          49,
          104,
          12,
          710
        ],
        [
          267,
          348,
          282,
          492,
          206,
          66,
          120,
          10,
          685
        ],
        [
          149,
          135,
          109,
          206,
          36,
          28,
          34,
          7,
          283
        ],
        [
          63,
          26,
          34,
          81,
          14,
          7,
          29,
          0,
          154
        ]
      ]
    }
  },
  "test_metrics": {
    "classification": {
      "labels": [
        0,
        1,
        2,
        3,
        4,
        5,
        6,
        7,
        8
      ],
      "accuracy": 0.1282986111111111,
      "balanced_accuracy": 0.16438185482984982,
      "precision_macro": 0.1435954649981812,
      "precision_micro": 0.1282986111111111,
      "precision_weighted": 0.18026123617475048,
      "recall_macro": 0.16438185482984982,
      "recall_micro": 0.1282986111111111,
      "recall_weighted": 0.1282986111111111,
      "f1_macro": 0.11601402492006735,
      "f1_micro": 0.1282986111111111,
      "f1_weighted": 0.11787806254762909,
      "confusion_matrix": [
        [
          70,
          41,
          22,
          30,
          25,
          8,
          11,
          2,
          91
        ],
        [
          36,
          78,
          34,
          73,
          22,
          14,
          4,
          4,
          76
        ],
        [
          59,
          143,
          101,
          135,
          60,
          23,
          42,
          11,
          128
        ],
        [
          48,
          102,
          63,
          218,
          89,
          11,
          25,
          3,
          164
        ],
        [
          70,
          149,
          85,
          181,
          123,
          12,
          28,
          7,
          253
        ],
        [
          95,
          167,
          135,
          259,
          109,
          31,
          47,
          8,
          286
        ],
        [
          127,
          150,
          131,
          206,
          99,
          29,
          60,
          8,
          284
        ],
        [
          46,
          54,
          53,
          70,
          24,
          11,
          20,
          1,
          114
        ],
        [
          19,
          18,
          21,
          29,
          5,
          2,
          11,
          0,
          57
        ]
      ]
    }
  },
  "run_timestamp": "20251208_102223_197649",
  "params_hash": "d507ef25c18e52edebf7cb5e6b5eed465f698ff2fd6f01b9711a2795520cb3d0"
}