{
  "best_epoch": 0,
  "best_val_loss": null,
  "total_seconds": 0.14984551099769305,
  "epochs": [],
  "train_metrics": {
    "classification": {
      "labels": [
        0,
        1,
        2,
        3,
        4,
        5,
        6,
        7,
        8
      ],
      "accuracy": 0.21046757518796994,
      "balanced_accuracy": 0.12381361182668638,
      "precision_macro": 0.06675304286874637,
      "precision_micro": 0.21046757518796994,
      "precision_weighted": 0.10450317598262832,
      "recall_macro": 0.12381361182668638,
      "recall_micro": 0.21046757518796994,
      "recall_weighted": 0.21046757518796994,
      "f1_macro": 0.06664922597235282,
      "f1_micro": 0.21046757518796994,
      "f1_weighted": 0.11441756598284403,
      "confusion_matrix": [
        [
          0,
          0,
          0,
          0,
          0,
          948,
          1840,
          0,
          0
        ],
        [
          0,
          0,
          0,
          0,
          0,
          1000,
          2085,
          0,
          0
        ],
        [
          0,
          2,
          0,
          2,
          0,
          1672,
          4565,
          0,
          0
        ],
        [
          0,
          3,
          0,
          10,
          0,
          1980,
          4426,
          0,
          0
        ],
        [
          0,
          0,
          0,
          31,
          0,
          2196,
          5606,
          0,
          0
        ],
        [
          0,
          1,
          0,
          4,
          0,
          3426,
          6683,
          0,
          0
        ],
        [
          0,
          0,
          0,
          0,
          0,
          2135,
          7313,
          0,
          0
        ],
        [
          0,
          0,
          0,
          14,
          0,
          897,
          2732,
          0,
          0
        ],
        [
          0,
          0,
          0,
          0,
          0,
          224,
          1277,
          0,
          0
        ]
      ]
    }
  },
  "test_metrics": {
    "classification": {
      "labels": [
        0,
        1,
        2,
        3,
        4,
        5,
        6,
        7,
        8
      ],
      "accuracy": 0.21239948830409358,
      "balanced_accuracy": 0.12428823044283245,
      "precision_macro": 0.0780158864518551,
      "precision_micro": 0.21239948830409358,
      "precision_weighted": 0.11648691289783206,
      "recall_macro": 0.12428823044283245,
      "recall_micro": 0.21239948830409358,
      "recall_weighted": 0.21239948830409358,
      "f1_macro": 0.06721290789435629,
      "f1_micro": 0.21239948830409358,
      "f1_weighted": 0.11525606940152171,
      "confusion_matrix": [
        [
          0,
          0,
          0,
          0,
          0,
          420,
          725,
          0,
          0
        ],
        [
          0,
          0,
          0,
          0,
          0,
          412,
          949,
          0,
          0
        ],
        [
          0,
          1,
          0,
          0,
          0,
          718,
          1989,
          0,
          0
        ],
        [
          0,
          0,
          0,
          5,
          0,
          761,
          1935,
          0,
          0
        ],
        [
          0,
          0,
          0,
          9,
          0,
          997,
          2333,
          0,
          0
        ],
        [
          0,
          0,
          0,
          0,
          0,
          1457,
          2793,
          0,
          0
        ],
        [
          0,
          0,
          0,
          0,
          0,
          931,
          3187,
          0,
          0
        ],
        [
          0,
          0,
          0,
          5,
          0,
          395,
          1201,
          0,
          0
        ],
        [
          0,
          0,
          0,
          0,
          0,
          86,
          579,
          0,
          0
        ]
      ]
    }
  },
  "run_timestamp": "20251224_110052_510674",
  "params_hash": "711002b2a1c99f8b665b16c8893c293a563387af9108e76e4237d00a1011dc71"
}