{
  "best_epoch": 0,
  "best_val_loss": null,
  "total_seconds": 49.02439525499358,
  "epochs": [],
  "train_metrics": {
    "classification": {
      "labels": [
        0,
        1,
        2,
        3,
        4,
        5,
        6,
        7,
        8
      ],
      "accuracy": 0.23972064684242797,
      "balanced_accuracy": 0.28394608101683805,
      "precision_macro": 0.24366084070939026,
      "precision_micro": 0.23972064684242797,
      "precision_weighted": 0.2697814106172714,
      "recall_macro": 0.28394608101683805,
      "recall_micro": 0.23972064684242797,
      "recall_weighted": 0.23972064684242797,
      "f1_macro": 0.23728539312319866,
      "f1_micro": 0.23972064684242797,
      "f1_weighted": 0.23636728335288887,
      "confusion_matrix": [
        [
          3405,
          1922,
          478,
          873,
          535,
          367,
          402,
          619,
          1958
        ],
        [
          1406,
          6011,
          1008,
          1019,
          620,
          752,
          1237,
          856,
          1458
        ],
        [
          2382,
          4109,
          3376,
          2871,
          2268,
          2347,
          2139,
          1368,
          2434
        ],
        [
          2330,
          3299,
          2308,
          5935,
          3708,
          4039,
          1761,
          2289,
          3090
        ],
        [
          4401,
          3334,
          2157,
          3622,
          7594,
          3682,
          3095,
          3208,
          5042
        ],
        [
          2118,
          2480,
          1435,
          2329,
          1892,
          6080,
          1913,
          1821,
          2833
        ],
        [
          3468,
          5548,
          2231,
          3087,
          4494,
          4599,
          7479,
          4295,
          5258
        ],
        [
          2738,
          2492,
          1141,
          1882,
          2235,
          1743,
          2689,
          4484,
          3535
        ],
        [
          628,
          542,
          212,
          385,
          494,
          270,
          376,
          766,
          5682
        ]
      ]
    }
  },
  "test_metrics": {
    "classification": {
      "labels": [
        0,
        1,
        2,
        3,
        4,
        5,
        6,
        7,
        8
      ],
      "accuracy": 0.2370685801144492,
      "balanced_accuracy": 0.2797264980588372,
      "precision_macro": 0.241464380929573,
      "precision_micro": 0.2370685801144492,
      "precision_weighted": 0.2678917572336052,
      "recall_macro": 0.2797264980588372,
      "recall_micro": 0.2370685801144492,
      "recall_weighted": 0.2370685801144492,
      "f1_macro": 0.23442563865665736,
      "f1_micro": 0.2370685801144492,
      "f1_weighted": 0.23444690712436106,
      "confusion_matrix": [
        [
          1454,
          804,
          208,
          382,
          227,
          169,
          150,
          290,
          902
        ],
        [
          653,
          2553,
          445,
          465,
          272,
          354,
          593,
          380,
          655
        ],
        [
          1006,
          1776,
          1441,
          1290,
          997,
          989,
          881,
          586,
          1059
        ],
        [
          1042,
          1364,
          996,
          2467,
          1477,
          1716,
          743,
          932,
          1279
        ],
        [
          1898,
          1515,
          939,
          1557,
          3156,
          1511,
          1285,
          1326,
          2171
        ],
        [
          958,
          1101,
          636,
          1030,
          791,
          2564,
          834,
          788,
          1250
        ],
        [
          1411,
          2305,
          968,
          1317,
          1896,
          1955,
          3274,
          1884,
          2315
        ],
        [
          1178,
          1062,
          506,
          768,
          972,
          771,
          1183,
          1932,
          1542
        ],
        [
          282,
          222,
          73,
          174,
          203,
          112,
          164,
          326,
          2370
        ]
      ]
    }
  },
  "run_timestamp": "20251227_012258_387234",
  "params_hash": "48a62f7865a5dc0c871d76affdf0269482341aa542cfbcc79eae69994d0c0139"
}