{
  "best_epoch": 0,
  "best_val_loss": null,
  "total_seconds": 1.3927957629784942,
  "epochs": [],
  "train_metrics": {
    "classification": {
      "labels": [
        0,
        1,
        2,
        3,
        4,
        5,
        6,
        7,
        8
      ],
      "accuracy": 0.15584763948497854,
      "balanced_accuracy": 0.16018613041745342,
      "precision_macro": 0.1451763946982009,
      "precision_micro": 0.15584763948497854,
      "precision_weighted": 0.16862344521825998,
      "recall_macro": 0.16018613041745342,
      "recall_micro": 0.15584763948497854,
      "recall_weighted": 0.15584763948497854,
      "f1_macro": 0.13573603626093786,
      "f1_micro": 0.15584763948497854,
      "f1_weighted": 0.14852084199512391,
      "confusion_matrix": [
        [
          1814,
          1802,
          4,
          1378,
          956,
          897,
          1709,
          577,
          1422
        ],
        [
          2054,
          2659,
          3,
          1480,
          743,
          1303,
          3434,
          1024,
          1667
        ],
        [
          2154,
          2458,
          6,
          3419,
          1708,
          3686,
          5132,
          1384,
          3347
        ],
        [
          2609,
          2619,
          8,
          4511,
          2242,
          4668,
          5002,
          1533,
          5567
        ],
        [
          3691,
          4243,
          20,
          4498,
          3540,
          4803,
          5958,
          2137,
          7245
        ],
        [
          1991,
          2860,
          7,
          2759,
          1251,
          4940,
          4512,
          1273,
          3308
        ],
        [
          2992,
          4544,
          19,
          4572,
          2575,
          5709,
          10488,
          2992,
          6568
        ],
        [
          1621,
          2026,
          7,
          2680,
          1374,
          2621,
          5690,
          2126,
          4794
        ],
        [
          667,
          452,
          6,
          1359,
          1031,
          820,
          1597,
          971,
          2452
        ]
      ]
    }
  },
  "test_metrics": {
    "classification": {
      "labels": [
        0,
        1,
        2,
        3,
        4,
        5,
        6,
        7,
        8
      ],
      "accuracy": 0.15464055793991416,
      "balanced_accuracy": 0.16021955313364922,
      "precision_macro": 0.14859366231883675,
      "precision_micro": 0.15464055793991416,
      "precision_weighted": 0.1708922306955894,
      "recall_macro": 0.16021955313364922,
      "recall_micro": 0.15464055793991416,
      "recall_weighted": 0.15464055793991416,
      "f1_macro": 0.13548581166386045,
      "f1_micro": 0.15464055793991416,
      "f1_weighted": 0.14717391466905674,
      "confusion_matrix": [
        [
          830,
          793,
          1,
          599,
          457,
          386,
          676,
          235,
          609
        ],
        [
          898,
          1202,
          4,
          669,
          317,
          593,
          1523,
          450,
          714
        ],
        [
          931,
          1074,
          4,
          1475,
          715,
          1610,
          2166,
          618,
          1432
        ],
        [
          1139,
          1084,
          2,
          1872,
          899,
          2046,
          2071,
          642,
          2261
        ],
        [
          1586,
          1841,
          12,
          1891,
          1504,
          2074,
          2513,
          906,
          3031
        ],
        [
          849,
          1291,
          1,
          1221,
          539,
          2109,
          1984,
          536,
          1422
        ],
        [
          1348,
          2003,
          9,
          1927,
          1129,
          2381,
          4381,
          1326,
          2821
        ],
        [
          673,
          880,
          2,
          1187,
          616,
          1109,
          2497,
          905,
          2045
        ],
        [
          254,
          210,
          1,
          602,
          402,
          320,
          682,
          426,
          1029
        ]
      ]
    }
  },
  "run_timestamp": "20251226_201416_407989",
  "params_hash": "261a383970c525da1a5de4fe94af2575eddadb1cd14fed313c4a2f048384ee0c"
}