{
  "best_epoch": 0,
  "best_val_loss": null,
  "total_seconds": 0.06594337600108702,
  "epochs": [],
  "train_metrics": {
    "classification": {
      "labels": [
        0,
        1,
        2,
        3,
        4,
        5,
        6,
        7,
        8
      ],
      "accuracy": 0.15148809523809523,
      "balanced_accuracy": 0.16785728045102893,
      "precision_macro": 0.1522560597047482,
      "precision_micro": 0.15148809523809523,
      "precision_weighted": 0.17151364701175875,
      "recall_macro": 0.16785728045102893,
      "recall_micro": 0.15148809523809523,
      "recall_weighted": 0.15148809523809523,
      "f1_macro": 0.13923042065800986,
      "f1_micro": 0.15148809523809523,
      "f1_weighted": 0.14530869590147483,
      "confusion_matrix": [
        [
          143,
          102,
          29,
          49,
          76,
          93,
          70,
          13,
          132
        ],
        [
          113,
          250,
          59,
          80,
          85,
          126,
          107,
          12,
          107
        ],
        [
          181,
          179,
          120,
          106,
          98,
          303,
          240,
          27,
          244
        ],
        [
          235,
          205,
          122,
          171,
          133,
          390,
          215,
          36,
          317
        ],
        [
          306,
          273,
          142,
          167,
          189,
          371,
          313,
          55,
          497
        ],
        [
          177,
          186,
          92,
          107,
          101,
          356,
          297,
          27,
          134
        ],
        [
          237,
          259,
          163,
          196,
          222,
          439,
          578,
          59,
          435
        ],
        [
          127,
          167,
          97,
          152,
          133,
          220,
          235,
          48,
          290
        ],
        [
          59,
          42,
          30,
          50,
          73,
          80,
          94,
          16,
          181
        ]
      ]
    }
  },
  "test_metrics": {
    "classification": {
      "labels": [
        0,
        1,
        2,
        3,
        4,
        5,
        6,
        7,
        8
      ],
      "accuracy": 0.14913194444444444,
      "balanced_accuracy": 0.17227544652094753,
      "precision_macro": 0.15239984073252463,
      "precision_micro": 0.14913194444444444,
      "precision_weighted": 0.1721410902169501,
      "recall_macro": 0.17227544652094753,
      "recall_micro": 0.14913194444444444,
      "recall_weighted": 0.14913194444444444,
      "f1_macro": 0.1384919555363454,
      "f1_micro": 0.14913194444444444,
      "f1_weighted": 0.14329996849322882,
      "confusion_matrix": [
        [
          59,
          37,
          22,
          15,
          38,
          36,
          24,
          3,
          34
        ],
        [
          54,
          101,
          30,
          39,
          38,
          46,
          47,
          3,
          38
        ],
        [
          64,
          86,
          60,
          50,
          34,
          130,
          97,
          13,
          113
        ],
        [
          97,
          95,
          41,
          67,
          55,
          197,
          93,
          21,
          135
        ],
        [
          122,
          110,
          53,
          91,
          85,
          181,
          153,
          23,
          184
        ],
        [
          63,
          93,
          42,
          57,
          56,
          158,
          95,
          14,
          60
        ],
        [
          115,
          124,
          74,
          65,
          107,
          176,
          230,
          34,
          207
        ],
        [
          53,
          69,
          20,
          55,
          63,
          111,
          121,
          24,
          130
        ],
        [
          17,
          17,
          11,
          15,
          31,
          27,
          34,
          3,
          75
        ]
      ]
    }
  },
  "run_timestamp": "20251208_103825_107892",
  "params_hash": "ac27a4e0d4f7e5943ea98792889acc1b700d9ea7a79cee106d1b9655e92fc1e9"
}