{
  "best_epoch": 0,
  "best_val_loss": null,
  "total_seconds": 0.021399264995125122,
  "epochs": [],
  "train_metrics": {
    "classification": {
      "labels": [
        0,
        1,
        2,
        3,
        4,
        5,
        6,
        7,
        8
      ],
      "accuracy": 0.1375,
      "balanced_accuracy": 0.17851046447920826,
      "precision_macro": 0.13386300291763947,
      "precision_micro": 0.1375,
      "precision_weighted": 0.16061719662918206,
      "recall_macro": 0.17851046447920826,
      "recall_micro": 0.1375,
      "recall_weighted": 0.1375,
      "f1_macro": 0.12130210643155265,
      "f1_micro": 0.1375,
      "f1_weighted": 0.11747797115518621,
      "confusion_matrix": [
        [
          345,
          71,
          52,
          128,
          35,
          27,
          17,
          0,
          60
        ],
        [
          215,
          187,
          107,
          143,
          32,
          31,
          24,
          0,
          90
        ],
        [
          291,
          240,
          280,
          327,
          184,
          54,
          71,
          0,
          206
        ],
        [
          255,
          173,
          209,
          499,
          163,
          45,
          38,
          0,
          295
        ],
        [
          320,
          215,
          253,
          394,
          210,
          97,
          88,
          0,
          455
        ],
        [
          349,
          335,
          346,
          585,
          263,
          142,
          89,
          0,
          534
        ],
        [
          541,
          239,
          327,
          471,
          265,
          165,
          81,
          0,
          387
        ],
        [
          257,
          106,
          104,
          217,
          74,
          48,
          26,
          0,
          155
        ],
        [
          77,
          24,
          18,
          99,
          57,
          16,
          13,
          0,
          104
        ]
      ]
    }
  },
  "test_metrics": {
    "classification": {
      "labels": [
        0,
        1,
        2,
        3,
        4,
        5,
        6,
        7,
        8
      ],
      "accuracy": 0.13559027777777777,
      "balanced_accuracy": 0.17619882392770808,
      "precision_macro": 0.12956347392031384,
      "precision_micro": 0.13559027777777777,
      "precision_weighted": 0.1569570386049304,
      "recall_macro": 0.17619882392770808,
      "recall_micro": 0.13559027777777777,
      "recall_weighted": 0.13559027777777777,
      "f1_macro": 0.11848662676885824,
      "f1_micro": 0.13559027777777777,
      "f1_weighted": 0.1155731835969379,
      "confusion_matrix": [
        [
          153,
          20,
          20,
          47,
          8,
          18,
          10,
          0,
          24
        ],
        [
          83,
          82,
          37,
          72,
          16,
          15,
          8,
          0,
          28
        ],
        [
          136,
          106,
          108,
          148,
          53,
          33,
          35,
          0,
          83
        ],
        [
          112,
          67,
          95,
          220,
          80,
          20,
          17,
          0,
          112
        ],
        [
          146,
          106,
          116,
          162,
          91,
          41,
          42,
          0,
          204
        ],
        [
          166,
          140,
          155,
          266,
          101,
          62,
          36,
          0,
          211
        ],
        [
          233,
          121,
          135,
          232,
          105,
          70,
          34,
          0,
          164
        ],
        [
          82,
          57,
          51,
          73,
          30,
          26,
          11,
          0,
          63
        ],
        [
          36,
          10,
          16,
          27,
          27,
          7,
          8,
          0,
          31
        ]
      ]
    }
  },
  "run_timestamp": "20251208_102106_063904",
  "params_hash": "3c3f582e8860ff3f33d5be50bcf76524fb61a2e57c32e6c1008cb2336707f182"
}