{
  "best_epoch": 0,
  "best_val_loss": null,
  "total_seconds": 11.269382018013857,
  "epochs": [],
  "train_metrics": {
    "classification": {
      "labels": [
        0,
        1,
        2,
        3,
        4,
        5,
        6,
        7,
        8
      ],
      "accuracy": 0.18563189760882895,
      "balanced_accuracy": 0.2214038030213713,
      "precision_macro": 0.18814997872594091,
      "precision_micro": 0.18563189760882895,
      "precision_weighted": 0.20830168377012276,
      "recall_macro": 0.2214038030213713,
      "recall_micro": 0.18563189760882895,
      "recall_weighted": 0.18563189760882895,
      "f1_macro": 0.18131780557233224,
      "f1_micro": 0.18563189760882895,
      "f1_weighted": 0.1810845245599079,
      "confusion_matrix": [
        [
          2930,
          1617,
          546,
          812,
          615,
          548,
          695,
          792,
          2004
        ],
        [
          1294,
          4149,
          1082,
          1276,
          783,
          987,
          1850,
          1271,
          1675
        ],
        [
          2302,
          3809,
          2732,
          2589,
          1621,
          2432,
          3121,
          1657,
          3031
        ],
        [
          2182,
          3450,
          2283,
          4544,
          1778,
          3700,
          3610,
          2152,
          5060
        ],
        [
          4487,
          3622,
          2393,
          3307,
          3041,
          3485,
          5047,
          3382,
          7371
        ],
        [
          2215,
          3161,
          1690,
          2538,
          1362,
          3677,
          3738,
          1655,
          2865
        ],
        [
          3076,
          4847,
          2427,
          3648,
          2286,
          4293,
          8934,
          4435,
          6513
        ],
        [
          2576,
          2175,
          1470,
          1855,
          1404,
          1945,
          3238,
          3941,
          4335
        ],
        [
          600,
          380,
          285,
          563,
          583,
          389,
          642,
          1107,
          4806
        ]
      ]
    }
  },
  "test_metrics": {
    "classification": {
      "labels": [
        0,
        1,
        2,
        3,
        4,
        5,
        6,
        7,
        8
      ],
      "accuracy": 0.18369992846924177,
      "balanced_accuracy": 0.2189768366378317,
      "precision_macro": 0.18603934058518182,
      "precision_micro": 0.18369992846924177,
      "precision_weighted": 0.2058998466582746,
      "recall_macro": 0.2189768366378317,
      "recall_micro": 0.18369992846924177,
      "recall_weighted": 0.18369992846924177,
      "f1_macro": 0.1790980604135928,
      "f1_micro": 0.18369992846924177,
      "f1_weighted": 0.17911149288611838,
      "confusion_matrix": [
        [
          1214,
          759,
          271,
          346,
          294,
          232,
          258,
          331,
          881
        ],
        [
          580,
          1786,
          511,
          556,
          353,
          433,
          846,
          558,
          747
        ],
        [
          1006,
          1634,
          1151,
          1163,
          707,
          1038,
          1275,
          709,
          1342
        ],
        [
          944,
          1435,
          929,
          1843,
          719,
          1620,
          1541,
          855,
          2130
        ],
        [
          1901,
          1539,
          1029,
          1431,
          1265,
          1526,
          2131,
          1434,
          3102
        ],
        [
          1000,
          1434,
          717,
          1051,
          540,
          1627,
          1631,
          716,
          1236
        ],
        [
          1298,
          2043,
          1054,
          1612,
          956,
          1850,
          3827,
          1885,
          2800
        ],
        [
          1052,
          936,
          659,
          822,
          568,
          873,
          1458,
          1674,
          1872
        ],
        [
          235,
          156,
          111,
          247,
          231,
          167,
          245,
          485,
          2049
        ]
      ]
    }
  },
  "run_timestamp": "20251227_012144_399259",
  "params_hash": "5d963592fa8e9a60e7b824b0a878551e00fd15ad163be4a5295a768ee3ce6f28"
}