{
  "best_epoch": 0,
  "best_val_loss": null,
  "total_seconds": 0.022028480991139077,
  "epochs": [],
  "train_metrics": {
    "classification": {
      "labels": [
        0,
        1,
        2,
        3,
        4
      ],
      "accuracy": 0.3047619047619048,
      "balanced_accuracy": 0.2723160209351151,
      "precision_macro": 0.27053838730599594,
      "precision_micro": 0.3047619047619048,
      "precision_weighted": 0.3003168348928247,
      "recall_macro": 0.2723160209351151,
      "recall_micro": 0.3047619047619048,
      "recall_weighted": 0.3047619047619048,
      "f1_macro": 0.2524894974711763,
      "f1_micro": 0.3047619047619048,
      "f1_weighted": 0.28833348253324603,
      "confusion_matrix": [
        [
          426,
          103,
          44,
          380,
          207
        ],
        [
          604,
          383,
          135,
          1130,
          548
        ],
        [
          309,
          186,
          166,
          815,
          283
        ],
        [
          690,
          445,
          273,
          2291,
          939
        ],
        [
          423,
          309,
          85,
          1436,
          830
        ]
      ]
    }
  },
  "test_metrics": {
    "classification": {
      "labels": [
        0,
        1,
        2,
        3,
        4
      ],
      "accuracy": 0.31024305555555554,
      "balanced_accuracy": 0.27577439361934536,
      "precision_macro": 0.2694794467295908,
      "precision_micro": 0.31024305555555554,
      "precision_weighted": 0.3054581192973375,
      "recall_macro": 0.27577439361934536,
      "recall_micro": 0.31024305555555554,
      "recall_weighted": 0.31024305555555554,
      "f1_macro": 0.2536196623092661,
      "f1_micro": 0.31024305555555554,
      "f1_weighted": 0.294031286748484,
      "confusion_matrix": [
        [
          188,
          41,
          24,
          152,
          85
        ],
        [
          249,
          180,
          57,
          504,
          200
        ],
        [
          158,
          79,
          57,
          347,
          105
        ],
        [
          302,
          169,
          111,
          1011,
          429
        ],
        [
          194,
          147,
          48,
          572,
          351
        ]
      ]
    }
  },
  "run_timestamp": "20251208_141552_819696",
  "params_hash": "5b5b739da9078c401ea6dfca785f6b69c65c880787002eb58536a833d8520164"
}