{
  "best_epoch": 0,
  "best_val_loss": null,
  "total_seconds": 0.13324446299520787,
  "epochs": [],
  "train_metrics": {
    "classification": {
      "labels": [
        0,
        1,
        2,
        3,
        4
      ],
      "accuracy": 0.313764880952381,
      "balanced_accuracy": 0.30761534805019164,
      "precision_macro": 0.29721300687859653,
      "precision_micro": 0.313764880952381,
      "precision_weighted": 0.3246930456152224,
      "recall_macro": 0.30761534805019164,
      "recall_micro": 0.313764880952381,
      "recall_weighted": 0.313764880952381,
      "f1_macro": 0.29373945123242506,
      "f1_micro": 0.313764880952381,
      "f1_weighted": 0.314034130691792,
      "confusion_matrix": [
        [
          446,
          222,
          117,
          184,
          236
        ],
        [
          491,
          790,
          276,
          441,
          661
        ],
        [
          422,
          380,
          358,
          398,
          580
        ],
        [
          535,
          567,
          426,
          1087,
          1039
        ],
        [
          573,
          531,
          343,
          801,
          1536
        ]
      ]
    }
  },
  "test_metrics": {
    "classification": {
      "labels": [
        0,
        1,
        2,
        3,
        4
      ],
      "accuracy": 0.30711805555555555,
      "balanced_accuracy": 0.3037510210947617,
      "precision_macro": 0.29340191284132644,
      "precision_micro": 0.30711805555555555,
      "precision_weighted": 0.32068696604401625,
      "recall_macro": 0.3037510210947617,
      "recall_micro": 0.30711805555555555,
      "recall_weighted": 0.30711805555555555,
      "f1_macro": 0.28835288517476737,
      "f1_micro": 0.30711805555555555,
      "f1_weighted": 0.3078149855878906,
      "confusion_matrix": [
        [
          182,
          97,
          43,
          69,
          99
        ],
        [
          211,
          337,
          121,
          192,
          290
        ],
        [
          194,
          152,
          164,
          175,
          252
        ],
        [
          215,
          249,
          180,
          432,
          475
        ],
        [
          275,
          234,
          153,
          315,
          654
        ]
      ]
    }
  },
  "run_timestamp": "20251208_141703_934918",
  "params_hash": "a32e03f233941a6cbc783cd1426a51c596d3b4c0ff6f838dc3e88a15f313dd55"
}