{
  "best_epoch": 0,
  "best_val_loss": null,
  "total_seconds": 0.06319673100369982,
  "epochs": [],
  "train_metrics": {
    "classification": {
      "labels": [
        0,
        1,
        2,
        3,
        4,
        5,
        6,
        7,
        8
      ],
      "accuracy": 0.1625,
      "balanced_accuracy": 0.1897705402794171,
      "precision_macro": 0.16165332249349926,
      "precision_micro": 0.1625,
      "precision_weighted": 0.1812510783318522,
      "recall_macro": 0.1897705402794171,
      "recall_micro": 0.1625,
      "recall_weighted": 0.1625,
      "f1_macro": 0.13816663262744533,
      "f1_micro": 0.1625,
      "f1_weighted": 0.14560744158961314,
      "confusion_matrix": [
        [
          89,
          95,
          6,
          92,
          22,
          62,
          95,
          22,
          224
        ],
        [
          70,
          195,
          27,
          79,
          40,
          36,
          161,
          20,
          311
        ],
        [
          95,
          130,
          36,
          197,
          44,
          105,
          347,
          42,
          502
        ],
        [
          95,
          131,
          46,
          340,
          56,
          134,
          388,
          34,
          600
        ],
        [
          202,
          177,
          47,
          290,
          94,
          226,
          463,
          43,
          771
        ],
        [
          68,
          119,
          56,
          226,
          51,
          199,
          288,
          29,
          441
        ],
        [
          203,
          202,
          36,
          287,
          108,
          222,
          772,
          75,
          683
        ],
        [
          86,
          89,
          34,
          162,
          71,
          92,
          284,
          48,
          603
        ],
        [
          23,
          26,
          2,
          36,
          21,
          46,
          38,
          22,
          411
        ]
      ]
    }
  },
  "test_metrics": {
    "classification": {
      "labels": [
        0,
        1,
        2,
        3,
        4,
        5,
        6,
        7,
        8
      ],
      "accuracy": 0.15746527777777777,
      "balanced_accuracy": 0.19225002370560007,
      "precision_macro": 0.1529658470851689,
      "precision_micro": 0.15746527777777777,
      "precision_weighted": 0.17027969837605342,
      "recall_macro": 0.19225002370560007,
      "recall_micro": 0.15746527777777777,
      "recall_weighted": 0.15746527777777777,
      "f1_macro": 0.13515298903709805,
      "f1_micro": 0.15746527777777777,
      "f1_weighted": 0.14124972137273217,
      "confusion_matrix": [
        [
          38,
          29,
          4,
          30,
          13,
          28,
          23,
          9,
          94
        ],
        [
          16,
          93,
          9,
          38,
          18,
          17,
          71,
          11,
          123
        ],
        [
          42,
          52,
          12,
          89,
          26,
          47,
          144,
          30,
          205
        ],
        [
          41,
          67,
          17,
          139,
          33,
          68,
          167,
          16,
          253
        ],
        [
          86,
          82,
          22,
          133,
          28,
          96,
          218,
          13,
          324
        ],
        [
          38,
          55,
          11,
          105,
          21,
          88,
          126,
          13,
          181
        ],
        [
          97,
          98,
          23,
          105,
          56,
          77,
          332,
          34,
          310
        ],
        [
          35,
          46,
          19,
          81,
          30,
          36,
          118,
          24,
          257
        ],
        [
          8,
          10,
          0,
          15,
          4,
          21,
          14,
          5,
          153
        ]
      ]
    }
  },
  "run_timestamp": "20251208_102656_874266",
  "params_hash": "d6cd9a063ab8c5c8e89986f223b3ff7bd1260393cdf41fdc7a43e1d2b8621a11"
}