{
  "best_epoch": 0,
  "best_val_loss": null,
  "total_seconds": 0.007272519000252942,
  "epochs": [],
  "train_metrics": {
    "classification": {
      "labels": [
        0,
        1,
        2,
        3,
        4,
        5,
        6,
        7,
        8
      ],
      "accuracy": 1.0,
      "balanced_accuracy": 1.0,
      "precision_macro": 1.0,
      "precision_micro": 1.0,
      "precision_weighted": 1.0,
      "recall_macro": 1.0,
      "recall_micro": 1.0,
      "recall_weighted": 1.0,
      "f1_macro": 1.0,
      "f1_micro": 1.0,
      "f1_weighted": 1.0,
      "confusion_matrix": [
        [
          12389,
          0,
          0,
          0,
          0,
          0,
          0,
          0,
          0
        ],
        [
          0,
          16754,
          0,
          0,
          0,
          0,
          0,
          0,
          0
        ],
        [
          0,
          0,
          27075,
          0,
          0,
          0,
          0,
          0,
          0
        ],
        [
          0,
          0,
          0,
          33185,
          0,
          0,
          0,
          0,
          0
        ],
        [
          0,
          0,
          0,
          0,
          41820,
          0,
          0,
          0,
          0
        ],
        [
          0,
          0,
          0,
          0,
          0,
          26901,
          0,
          0,
          0
        ],
        [
          0,
          0,
          0,
          0,
          0,
          0,
          47034,
          0,
          0
        ],
        [
          0,
          0,
          0,
          0,
          0,
          0,
          0,
          26737,
          0
        ],
        [
          0,
          0,
          0,
          0,
          0,
          0,
          0,
          0,
          10793
        ]
      ]
    }
  },
  "test_metrics": {
    "classification": {
      "labels": [
        0,
        1,
        2,
        3,
        4,
        5,
        6,
        7,
        8
      ],
      "accuracy": 0.24034150843881857,
      "balanced_accuracy": 0.21503782401835458,
      "precision_macro": 0.22481353559838077,
      "precision_micro": 0.24034150843881857,
      "precision_weighted": 0.23624166693536358,
      "recall_macro": 0.21503782401835458,
      "recall_micro": 0.24034150843881857,
      "recall_weighted": 0.24034150843881857,
      "f1_macro": 0.2185417733247728,
      "f1_micro": 0.24034150843881857,
      "f1_weighted": 0.2370745274090016,
      "confusion_matrix": [
        [
          392,
          177,
          274,
          367,
          544,
          298,
          543,
          294,
          127
        ],
        [
          181,
          778,
          422,
          478,
          627,
          349,
          1003,
          384,
          117
        ],
        [
          234,
          385,
          1264,
          863,
          1091,
          624,
          1522,
          655,
          178
        ],
        [
          264,
          359,
          769,
          2080,
          1508,
          791,
          1612,
          700,
          207
        ],
        [
          414,
          438,
          787,
          1370,
          3128,
          1019,
          2123,
          965,
          313
        ],
        [
          228,
          301,
          558,
          900,
          1134,
          1323,
          1351,
          572,
          149
        ],
        [
          385,
          631,
          1047,
          1417,
          1918,
          1025,
          3940,
          1061,
          318
        ],
        [
          212,
          304,
          600,
          831,
          1148,
          608,
          1578,
          1202,
          197
        ],
        [
          107,
          136,
          198,
          341,
          472,
          207,
          515,
          265,
          475
        ]
      ]
    }
  },
  "run_timestamp": "20251223_191112_216219",
  "params_hash": "77f5a0b442121ee1fe7f327d182871cf0f812a87cbce0c167531588f794c8daa"
}