{
  "best_epoch": 0,
  "best_val_loss": null,
  "total_seconds": 0.01443760099937208,
  "epochs": [],
  "train_metrics": {
    "classification": {
      "labels": [
        0,
        1,
        2,
        3,
        4
      ],
      "accuracy": 0.3267113095238095,
      "balanced_accuracy": 0.2746743810764726,
      "precision_macro": 0.29163436434961854,
      "precision_micro": 0.3267113095238095,
      "precision_weighted": 0.3185665986043962,
      "recall_macro": 0.2746743810764726,
      "recall_micro": 0.3267113095238095,
      "recall_weighted": 0.3267113095238095,
      "f1_macro": 0.25065628910354143,
      "f1_micro": 0.3267113095238095,
      "f1_weighted": 0.29544952331555246,
      "confusion_matrix": [
        [
          396,
          92,
          14,
          457,
          201
        ],
        [
          491,
          387,
          56,
          1432,
          434
        ],
        [
          292,
          183,
          79,
          938,
          267
        ],
        [
          658,
          387,
          96,
          2720,
          777
        ],
        [
          345,
          302,
          33,
          1594,
          809
        ]
      ]
    }
  },
  "test_metrics": {
    "classification": {
      "labels": [
        0,
        1,
        2,
        3,
        4
      ],
      "accuracy": 0.32309027777777777,
      "balanced_accuracy": 0.2708894020337054,
      "precision_macro": 0.28802943857244817,
      "precision_micro": 0.32309027777777777,
      "precision_weighted": 0.3166140580655641,
      "recall_macro": 0.2708894020337054,
      "recall_micro": 0.32309027777777777,
      "recall_weighted": 0.32309027777777777,
      "f1_macro": 0.24574176686027158,
      "f1_micro": 0.32309027777777777,
      "f1_weighted": 0.2925384077777094,
      "confusion_matrix": [
        [
          170,
          25,
          13,
          196,
          86
        ],
        [
          214,
          164,
          20,
          642,
          150
        ],
        [
          150,
          77,
          30,
          378,
          111
        ],
        [
          281,
          175,
          33,
          1164,
          369
        ],
        [
          165,
          129,
          11,
          674,
          333
        ]
      ]
    }
  },
  "run_timestamp": "20251208_141542_858047",
  "params_hash": "afa7376b2f429fe0302fc3c15f5fa4b0b86655fc2b9bcb03ed545b45943eebe0"
}