{
  "best_epoch": 0,
  "best_val_loss": null,
  "total_seconds": 1.1235788439807948,
  "epochs": [],
  "train_metrics": {
    "classification": {
      "labels": [
        0,
        1,
        2,
        3,
        4,
        5,
        6,
        7,
        8
      ],
      "accuracy": 0.1657102621091355,
      "balanced_accuracy": 0.1689721157651739,
      "precision_macro": 0.1511047045996382,
      "precision_micro": 0.1657102621091355,
      "precision_weighted": 0.18350059775445163,
      "recall_macro": 0.1689721157651739,
      "recall_micro": 0.1657102621091355,
      "recall_weighted": 0.1657102621091355,
      "f1_macro": 0.12723762389630675,
      "f1_micro": 0.1657102621091355,
      "f1_weighted": 0.14615147830158395,
      "confusion_matrix": [
        [
          6194,
          619,
          221,
          136,
          539,
          2387,
          422,
          526,
          167
        ],
        [
          4272,
          1905,
          692,
          233,
          622,
          2639,
          800,
          1312,
          217
        ],
        [
          6382,
          2816,
          859,
          807,
          1674,
          6912,
          2161,
          3389,
          540
        ],
        [
          6236,
          2430,
          590,
          1388,
          1830,
          7895,
          2283,
          2732,
          709
        ],
        [
          10298,
          2889,
          901,
          1071,
          2546,
          8884,
          2491,
          2179,
          778
        ],
        [
          9807,
          3095,
          650,
          1269,
          2520,
          15067,
          3892,
          4060,
          990
        ],
        [
          9870,
          2865,
          1462,
          1104,
          2279,
          11475,
          4115,
          4639,
          887
        ],
        [
          2934,
          1269,
          733,
          292,
          557,
          4816,
          1647,
          2389,
          306
        ],
        [
          1577,
          454,
          539,
          93,
          253,
          2168,
          668,
          322,
          132
        ]
      ]
    }
  },
  "test_metrics": {
    "classification": {
      "labels": [
        0,
        1,
        2,
        3,
        4,
        5,
        6,
        7,
        8
      ],
      "accuracy": 0.163570726037196,
      "balanced_accuracy": 0.16698514424135,
      "precision_macro": 0.14901317387336652,
      "precision_micro": 0.163570726037196,
      "precision_weighted": 0.1802972504755186,
      "recall_macro": 0.16698514424135,
      "recall_micro": 0.163570726037196,
      "recall_weighted": 0.163570726037196,
      "f1_macro": 0.12566519657654748,
      "f1_micro": 0.163570726037196,
      "f1_weighted": 0.1435371958327842,
      "confusion_matrix": [
        [
          2647,
          256,
          90,
          63,
          221,
          1060,
          212,
          243,
          74
        ],
        [
          1885,
          799,
          279,
          122,
          296,
          1135,
          318,
          556,
          92
        ],
        [
          2806,
          1223,
          358,
          359,
          725,
          2927,
          926,
          1459,
          258
        ],
        [
          2751,
          1025,
          262,
          586,
          815,
          3205,
          974,
          1206,
          363
        ],
        [
          4250,
          1253,
          402,
          441,
          1088,
          3760,
          1131,
          992,
          314
        ],
        [
          4146,
          1310,
          282,
          540,
          1129,
          6388,
          1585,
          1605,
          381
        ],
        [
          4303,
          1310,
          618,
          457,
          938,
          5035,
          1690,
          1995,
          412
        ],
        [
          1289,
          523,
          328,
          138,
          230,
          2154,
          680,
          1018,
          133
        ],
        [
          666,
          200,
          202,
          40,
          107,
          973,
          276,
          123,
          61
        ]
      ]
    }
  },
  "run_timestamp": "20251227_011318_999655",
  "params_hash": "83a20d232a5522ece1849339818d3311f722cc96fe4cb0dbf76502295112e2fa"
}