{
  "best_epoch": 0,
  "best_val_loss": null,
  "total_seconds": 0.06444389800890349,
  "epochs": [],
  "train_metrics": {
    "classification": {
      "labels": [
        0,
        1,
        2,
        3,
        4,
        5,
        6,
        7,
        8
      ],
      "accuracy": 0.15736607142857142,
      "balanced_accuracy": 0.19345167716185163,
      "precision_macro": 0.17095337667042915,
      "precision_micro": 0.15736607142857142,
      "precision_weighted": 0.2068392646019937,
      "recall_macro": 0.19345167716185163,
      "recall_micro": 0.15736607142857142,
      "recall_weighted": 0.15736607142857142,
      "f1_macro": 0.13462329628305159,
      "f1_micro": 0.15736607142857142,
      "f1_weighted": 0.14216876807031076,
      "confusion_matrix": [
        [
          305,
          106,
          18,
          76,
          34,
          81,
          9,
          4,
          102
        ],
        [
          209,
          192,
          26,
          83,
          37,
          91,
          14,
          9,
          168
        ],
        [
          228,
          249,
          43,
          305,
          115,
          326,
          38,
          17,
          332
        ],
        [
          137,
          140,
          58,
          423,
          144,
          369,
          28,
          12,
          366
        ],
        [
          330,
          255,
          59,
          325,
          208,
          371,
          32,
          14,
          438
        ],
        [
          271,
          308,
          63,
          458,
          161,
          664,
          46,
          35,
          637
        ],
        [
          423,
          288,
          60,
          359,
          143,
          499,
          98,
          30,
          576
        ],
        [
          214,
          111,
          42,
          134,
          19,
          190,
          28,
          16,
          233
        ],
        [
          75,
          21,
          4,
          47,
          14,
          66,
          14,
          1,
          166
        ]
      ]
    }
  },
  "test_metrics": {
    "classification": {
      "labels": [
        0,
        1,
        2,
        3,
        4,
        5,
        6,
        7,
        8
      ],
      "accuracy": 0.1453125,
      "balanced_accuracy": 0.1840984591161829,
      "precision_macro": 0.14957270519546612,
      "precision_micro": 0.1453125,
      "precision_weighted": 0.17751112598091912,
      "recall_macro": 0.1840984591161829,
      "recall_micro": 0.1453125,
      "recall_weighted": 0.1453125,
      "f1_macro": 0.12555497627846413,
      "f1_micro": 0.1453125,
      "f1_weighted": 0.13065456287624574,
      "confusion_matrix": [
        [
          121,
          44,
          6,
          19,
          14,
          39,
          8,
          1,
          48
        ],
        [
          67,
          80,
          12,
          30,
          20,
          49,
          11,
          5,
          67
        ],
        [
          75,
          125,
          19,
          119,
          48,
          158,
          26,
          10,
          122
        ],
        [
          41,
          76,
          27,
          170,
          52,
          183,
          15,
          7,
          152
        ],
        [
          156,
          129,
          26,
          140,
          78,
          174,
          18,
          6,
          181
        ],
        [
          113,
          115,
          44,
          206,
          71,
          265,
          29,
          13,
          281
        ],
        [
          183,
          133,
          39,
          149,
          57,
          212,
          34,
          16,
          271
        ],
        [
          76,
          42,
          13,
          45,
          13,
          70,
          12,
          7,
          115
        ],
        [
          38,
          11,
          5,
          15,
          4,
          17,
          8,
          1,
          63
        ]
      ]
    }
  },
  "run_timestamp": "20251208_102510_212049",
  "params_hash": "bf9aff94ff0d5dca1d86acc0661ac2518fd33dd1c83fedf2ef4969c85a683522"
}