{
  "best_epoch": 0,
  "best_val_loss": null,
  "total_seconds": 0.04176364500017371,
  "epochs": [],
  "train_metrics": {
    "classification": {
      "labels": [
        0,
        1,
        2,
        3,
        4
      ],
      "accuracy": 0.2790922619047619,
      "balanced_accuracy": 0.2618628337771733,
      "precision_macro": 0.25835496911772426,
      "precision_micro": 0.2790922619047619,
      "precision_weighted": 0.28437346518121787,
      "recall_macro": 0.2618628337771733,
      "recall_micro": 0.2790922619047619,
      "recall_weighted": 0.2790922619047619,
      "f1_macro": 0.25582912172401073,
      "f1_micro": 0.2790922619047619,
      "f1_weighted": 0.2786438874724282,
      "confusion_matrix": [
        [
          270,
          264,
          107,
          297,
          267
        ],
        [
          385,
          820,
          286,
          501,
          667
        ],
        [
          323,
          416,
          319,
          439,
          641
        ],
        [
          490,
          721,
          442,
          929,
          1072
        ],
        [
          501,
          751,
          298,
          821,
          1413
        ]
      ]
    }
  },
  "test_metrics": {
    "classification": {
      "labels": [
        0,
        1,
        2,
        3,
        4
      ],
      "accuracy": 0.27447916666666666,
      "balanced_accuracy": 0.25985810234832485,
      "precision_macro": 0.2540179762439284,
      "precision_micro": 0.27447916666666666,
      "precision_weighted": 0.2801056853035553,
      "recall_macro": 0.25985810234832485,
      "recall_micro": 0.27447916666666666,
      "recall_weighted": 0.27447916666666666,
      "f1_macro": 0.25238271883086416,
      "f1_micro": 0.27447916666666666,
      "f1_weighted": 0.2742786464744986,
      "confusion_matrix": [
        [
          117,
          95,
          43,
          130,
          105
        ],
        [
          155,
          349,
          146,
          190,
          311
        ],
        [
          126,
          188,
          135,
          228,
          260
        ],
        [
          200,
          311,
          194,
          391,
          455
        ],
        [
          248,
          328,
          133,
          333,
          589
        ]
      ]
    }
  },
  "run_timestamp": "20251208_141602_710703",
  "params_hash": "fa51ef156889b4b22c83d740f089ca5337345cda95cad5d1b47cd44e2f9e8eee"
}