{
  "best_epoch": 0,
  "best_val_loss": null,
  "total_seconds": 0.015330463997088373,
  "epochs": [],
  "train_metrics": {
    "classification": {
      "labels": [
        0,
        1,
        2,
        3,
        4
      ],
      "accuracy": 0.25290178571428573,
      "balanced_accuracy": 0.253564860152958,
      "precision_macro": 0.24079544656762955,
      "precision_micro": 0.25290178571428573,
      "precision_weighted": 0.2607560422533475,
      "recall_macro": 0.253564860152958,
      "recall_micro": 0.25290178571428573,
      "recall_weighted": 0.25290178571428573,
      "f1_macro": 0.23840374717443566,
      "f1_micro": 0.25290178571428573,
      "f1_weighted": 0.2521958388868601,
      "confusion_matrix": [
        [
          426,
          157,
          106,
          227,
          289
        ],
        [
          561,
          553,
          276,
          594,
          675
        ],
        [
          415,
          362,
          281,
          451,
          629
        ],
        [
          665,
          536,
          363,
          1023,
          1067
        ],
        [
          570,
          638,
          430,
          1030,
          1116
        ]
      ]
    }
  },
  "test_metrics": {
    "classification": {
      "labels": [
        0,
        1,
        2,
        3,
        4
      ],
      "accuracy": 0.2604166666666667,
      "balanced_accuracy": 0.25830741425367826,
      "precision_macro": 0.24594105441082284,
      "precision_micro": 0.2604166666666667,
      "precision_weighted": 0.26946416711803384,
      "recall_macro": 0.25830741425367826,
      "recall_micro": 0.2604166666666667,
      "recall_weighted": 0.2604166666666667,
      "f1_macro": 0.24240735244143105,
      "f1_micro": 0.2604166666666667,
      "f1_weighted": 0.25990829280522226,
      "confusion_matrix": [
        [
          170,
          64,
          51,
          99,
          106
        ],
        [
          237,
          239,
          122,
          220,
          333
        ],
        [
          176,
          164,
          118,
          208,
          271
        ],
        [
          283,
          249,
          152,
          457,
          410
        ],
        [
          258,
          258,
          152,
          447,
          516
        ]
      ]
    }
  },
  "run_timestamp": "20251208_141542_736083",
  "params_hash": "bf41b50b79dbb990b67cae8bf38c6a435a287dd958326d86954f975749a67bfd"
}