{
  "best_epoch": 0,
  "best_val_loss": null,
  "total_seconds": 0.018496276999940164,
  "epochs": [],
  "train_metrics": {
    "classification": {
      "labels": [
        0,
        1,
        2,
        3,
        4,
        5,
        6,
        7,
        8
      ],
      "accuracy": 0.16071428571428573,
      "balanced_accuracy": 0.15468306406145443,
      "precision_macro": 0.09304330476990365,
      "precision_micro": 0.16071428571428573,
      "precision_weighted": 0.11697380650920258,
      "recall_macro": 0.15468306406145443,
      "recall_micro": 0.16071428571428573,
      "recall_weighted": 0.16071428571428573,
      "f1_macro": 0.09554559455101105,
      "f1_micro": 0.16071428571428573,
      "f1_weighted": 0.1105002771119237,
      "confusion_matrix": [
        [
          351,
          58,
          0,
          0,
          5,
          216,
          39,
          66,
          0
        ],
        [
          234,
          116,
          1,
          0,
          11,
          283,
          58,
          126,
          0
        ],
        [
          455,
          168,
          0,
          0,
          42,
          630,
          120,
          238,
          0
        ],
        [
          430,
          137,
          1,
          0,
          30,
          726,
          118,
          235,
          0
        ],
        [
          651,
          157,
          1,
          0,
          26,
          794,
          124,
          279,
          0
        ],
        [
          427,
          197,
          2,
          0,
          69,
          1279,
          174,
          495,
          0
        ],
        [
          568,
          217,
          0,
          0,
          39,
          1125,
          189,
          338,
          0
        ],
        [
          166,
          90,
          0,
          0,
          14,
          452,
          66,
          199,
          0
        ],
        [
          117,
          21,
          0,
          0,
          8,
          186,
          38,
          38,
          0
        ]
      ]
    }
  },
  "test_metrics": {
    "classification": {
      "labels": [
        0,
        1,
        2,
        3,
        4,
        5,
        6,
        7,
        8
      ],
      "accuracy": 0.15763888888888888,
      "balanced_accuracy": 0.1549968558597066,
      "precision_macro": 0.15658191103766594,
      "precision_micro": 0.15763888888888888,
      "precision_weighted": 0.1927881913518698,
      "recall_macro": 0.1549968558597066,
      "recall_micro": 0.15763888888888888,
      "recall_weighted": 0.15763888888888888,
      "f1_macro": 0.09445813705525584,
      "f1_micro": 0.15763888888888888,
      "f1_weighted": 0.11039218529572725,
      "confusion_matrix": [
        [
          150,
          25,
          0,
          0,
          1,
          71,
          17,
          36,
          0
        ],
        [
          105,
          46,
          0,
          0,
          5,
          111,
          20,
          54,
          0
        ],
        [
          163,
          72,
          1,
          0,
          9,
          279,
          54,
          124,
          0
        ],
        [
          195,
          62,
          0,
          0,
          8,
          322,
          46,
          90,
          0
        ],
        [
          303,
          69,
          0,
          0,
          17,
          345,
          47,
          127,
          0
        ],
        [
          180,
          99,
          0,
          0,
          24,
          531,
          73,
          230,
          0
        ],
        [
          266,
          95,
          1,
          0,
          17,
          486,
          87,
          142,
          0
        ],
        [
          65,
          28,
          0,
          0,
          5,
          181,
          38,
          76,
          0
        ],
        [
          41,
          7,
          0,
          0,
          4,
          84,
          11,
          15,
          0
        ]
      ]
    }
  },
  "run_timestamp": "20251208_104252_635007",
  "params_hash": "e6a5c28e65bb482f92528e9d798f3448e6304a4290223de9beb8c6a1dd2d5530"
}