{
  "best_epoch": 0,
  "best_val_loss": null,
  "total_seconds": 5.404747958993539,
  "epochs": [],
  "train_metrics": {
    "classification": {
      "labels": [
        0,
        1,
        2,
        3,
        4,
        5,
        6,
        7,
        8
      ],
      "accuracy": 0.17937135959534029,
      "balanced_accuracy": 0.21004355220606524,
      "precision_macro": 0.1780171244685957,
      "precision_micro": 0.17937135959534029,
      "precision_weighted": 0.21348833016465052,
      "recall_macro": 0.21004355220606524,
      "recall_micro": 0.17937135959534029,
      "recall_weighted": 0.17937135959534029,
      "f1_macro": 0.16263996372857398,
      "f1_micro": 0.17937135959534029,
      "f1_weighted": 0.17888273157191814,
      "confusion_matrix": [
        [
          4932,
          303,
          1094,
          830,
          929,
          1132,
          454,
          288,
          1249
        ],
        [
          2890,
          747,
          1596,
          1472,
          780,
          1561,
          1150,
          691,
          1805
        ],
        [
          4922,
          807,
          3536,
          3128,
          2461,
          3492,
          2326,
          1562,
          3306
        ],
        [
          3635,
          926,
          2838,
          5714,
          2753,
          4267,
          2026,
          1101,
          2833
        ],
        [
          6268,
          963,
          2787,
          4400,
          5372,
          4069,
          1772,
          855,
          5551
        ],
        [
          6529,
          1184,
          2984,
          6263,
          4402,
          8879,
          3041,
          2131,
          5937
        ],
        [
          8301,
          1134,
          2792,
          4324,
          2966,
          5100,
          4303,
          1827,
          7949
        ],
        [
          2770,
          641,
          923,
          1583,
          720,
          2710,
          1753,
          1042,
          2801
        ],
        [
          1108,
          270,
          264,
          492,
          249,
          512,
          309,
          80,
          2922
        ]
      ]
    }
  },
  "test_metrics": {
    "classification": {
      "labels": [
        0,
        1,
        2,
        3,
        4,
        5,
        6,
        7,
        8
      ],
      "accuracy": 0.1774856938483548,
      "balanced_accuracy": 0.20715347422341907,
      "precision_macro": 0.17601511348228774,
      "precision_micro": 0.1774856938483548,
      "precision_weighted": 0.21137703813583192,
      "recall_macro": 0.20715347422341907,
      "recall_micro": 0.1774856938483548,
      "recall_weighted": 0.1774856938483548,
      "f1_macro": 0.16067860536953982,
      "f1_micro": 0.1774856938483548,
      "f1_weighted": 0.17689067352008986,
      "confusion_matrix": [
        [
          2085,
          134,
          478,
          387,
          432,
          515,
          179,
          120,
          536
        ],
        [
          1208,
          327,
          756,
          592,
          368,
          706,
          475,
          256,
          794
        ],
        [
          2058,
          365,
          1490,
          1411,
          1070,
          1574,
          924,
          723,
          1426
        ],
        [
          1595,
          382,
          1221,
          2458,
          1162,
          1815,
          865,
          491,
          1198
        ],
        [
          2636,
          395,
          1109,
          1847,
          2334,
          1698,
          770,
          402,
          2440
        ],
        [
          2757,
          547,
          1265,
          2578,
          1864,
          3708,
          1223,
          859,
          2565
        ],
        [
          3595,
          515,
          1224,
          1867,
          1342,
          2141,
          1848,
          812,
          3414
        ],
        [
          1159,
          256,
          412,
          713,
          328,
          1270,
          765,
          398,
          1192
        ],
        [
          510,
          110,
          129,
          208,
          86,
          222,
          121,
          30,
          1232
        ]
      ]
    }
  },
  "run_timestamp": "20251226_200234_909291",
  "params_hash": "9b52b35364b26832cf9830be616d4fcf62bc64f020bf15e2b6d2e75c995d0083"
}