{
  "best_epoch": 0,
  "best_val_loss": null,
  "total_seconds": 0.013112628992530517,
  "epochs": [],
  "train_metrics": {
    "classification": {
      "labels": [
        0,
        1,
        2,
        3,
        4
      ],
      "accuracy": 0.2727678571428571,
      "balanced_accuracy": 0.25728212960927965,
      "precision_macro": 0.24822973330264525,
      "precision_micro": 0.2727678571428571,
      "precision_weighted": 0.27067094041176304,
      "recall_macro": 0.25728212960927965,
      "recall_micro": 0.2727678571428571,
      "recall_weighted": 0.2727678571428571,
      "f1_macro": 0.22310796641557298,
      "f1_micro": 0.2727678571428571,
      "f1_weighted": 0.2461188436341977,
      "confusion_matrix": [
        [
          433,
          150,
          22,
          176,
          424
        ],
        [
          594,
          486,
          42,
          393,
          1144
        ],
        [
          494,
          301,
          57,
          341,
          945
        ],
        [
          641,
          485,
          73,
          718,
          1737
        ],
        [
          604,
          429,
          100,
          679,
          1972
        ]
      ]
    }
  },
  "test_metrics": {
    "classification": {
      "labels": [
        0,
        1,
        2,
        3,
        4
      ],
      "accuracy": 0.2673611111111111,
      "balanced_accuracy": 0.25301226940476507,
      "precision_macro": 0.2315557455558661,
      "precision_micro": 0.2673611111111111,
      "precision_weighted": 0.2562384476257782,
      "recall_macro": 0.25301226940476507,
      "recall_micro": 0.2673611111111111,
      "recall_weighted": 0.2673611111111111,
      "f1_macro": 0.21770261184658798,
      "f1_micro": 0.2673611111111111,
      "f1_weighted": 0.2405941347773947,
      "confusion_matrix": [
        [
          172,
          71,
          15,
          77,
          155
        ],
        [
          238,
          227,
          22,
          158,
          506
        ],
        [
          207,
          136,
          18,
          164,
          412
        ],
        [
          271,
          211,
          38,
          287,
          744
        ],
        [
          268,
          190,
          48,
          289,
          836
        ]
      ]
    }
  },
  "run_timestamp": "20251208_141643_478571",
  "params_hash": "b5eecdcbbc4de91e56334b2f1719671014da120df71bfa116e67b0f9f9acd603"
}