{
  "best_epoch": 0,
  "best_val_loss": null,
  "total_seconds": 0.0510094829951413,
  "epochs": [],
  "train_metrics": {
    "classification": {
      "labels": [
        0,
        1,
        2,
        3,
        4
      ],
      "accuracy": 0.33824404761904764,
      "balanced_accuracy": 0.3097321546391794,
      "precision_macro": 0.3057955607826314,
      "precision_micro": 0.33824404761904764,
      "precision_weighted": 0.33600721543352935,
      "recall_macro": 0.3097321546391794,
      "recall_micro": 0.33824404761904764,
      "recall_weighted": 0.33824404761904764,
      "f1_macro": 0.29127417538705347,
      "f1_micro": 0.33824404761904764,
      "f1_weighted": 0.32684632175183137,
      "confusion_matrix": [
        [
          471,
          176,
          47,
          219,
          247
        ],
        [
          476,
          603,
          114,
          1068,
          539
        ],
        [
          336,
          216,
          159,
          767,
          281
        ],
        [
          542,
          599,
          210,
          2186,
          1101
        ],
        [
          400,
          476,
          63,
          1017,
          1127
        ]
      ]
    }
  },
  "test_metrics": {
    "classification": {
      "labels": [
        0,
        1,
        2,
        3,
        4
      ],
      "accuracy": 0.33090277777777777,
      "balanced_accuracy": 0.2968448922279343,
      "precision_macro": 0.2892867602978595,
      "precision_micro": 0.33090277777777777,
      "precision_weighted": 0.3239596729332227,
      "recall_macro": 0.2968448922279343,
      "recall_micro": 0.33090277777777777,
      "recall_weighted": 0.33090277777777777,
      "f1_macro": 0.27949324163231104,
      "f1_micro": 0.33090277777777777,
      "f1_weighted": 0.31894377848587935,
      "confusion_matrix": [
        [
          182,
          70,
          21,
          116,
          101
        ],
        [
          199,
          251,
          44,
          482,
          214
        ],
        [
          149,
          89,
          55,
          331,
          122
        ],
        [
          226,
          268,
          95,
          944,
          489
        ],
        [
          149,
          219,
          38,
          432,
          474
        ]
      ]
    }
  },
  "run_timestamp": "20251208_141509_359736",
  "params_hash": "3ac1c893b490b1e748fe3634262dc5f207ddce8eae441b81943be8a7bea325bb"
}