{
  "best_epoch": 0,
  "best_val_loss": null,
  "total_seconds": 0.028743723989464343,
  "epochs": [],
  "train_metrics": {
    "classification": {
      "labels": [
        0,
        1,
        2,
        3,
        4,
        5,
        6,
        7,
        8
      ],
      "accuracy": 0.15416666666666667,
      "balanced_accuracy": 0.1796149195323866,
      "precision_macro": 0.16027077140620372,
      "precision_micro": 0.15416666666666667,
      "precision_weighted": 0.19017615661328177,
      "recall_macro": 0.1796149195323866,
      "recall_micro": 0.15416666666666667,
      "recall_weighted": 0.15416666666666667,
      "f1_macro": 0.13712392369653525,
      "f1_micro": 0.15416666666666667,
      "f1_weighted": 0.14406466443103189,
      "confusion_matrix": [
        [
          353,
          45,
          28,
          46,
          16,
          91,
          22,
          63,
          71
        ],
        [
          227,
          98,
          58,
          61,
          13,
          125,
          39,
          116,
          92
        ],
        [
          390,
          113,
          137,
          177,
          32,
          290,
          79,
          218,
          217
        ],
        [
          364,
          90,
          87,
          292,
          40,
          363,
          48,
          191,
          202
        ],
        [
          500,
          111,
          110,
          204,
          65,
          385,
          87,
          229,
          341
        ],
        [
          464,
          86,
          151,
          311,
          84,
          691,
          144,
          387,
          325
        ],
        [
          475,
          148,
          160,
          248,
          62,
          656,
          177,
          248,
          302
        ],
        [
          138,
          71,
          56,
          80,
          28,
          257,
          55,
          166,
          136
        ],
        [
          60,
          27,
          22,
          28,
          6,
          105,
          47,
          20,
          93
        ]
      ]
    }
  },
  "test_metrics": {
    "classification": {
      "labels": [
        0,
        1,
        2,
        3,
        4,
        5,
        6,
        7,
        8
      ],
      "accuracy": 0.15659722222222222,
      "balanced_accuracy": 0.17764526056450755,
      "precision_macro": 0.17040431617990215,
      "precision_micro": 0.15659722222222222,
      "precision_weighted": 0.21201801518851135,
      "recall_macro": 0.17764526056450755,
      "recall_micro": 0.15659722222222222,
      "recall_weighted": 0.15659722222222222,
      "f1_macro": 0.13832377975482546,
      "f1_micro": 0.15659722222222222,
      "f1_weighted": 0.15085674509996622,
      "confusion_matrix": [
        [
          143,
          25,
          9,
          19,
          7,
          27,
          9,
          26,
          35
        ],
        [
          106,
          41,
          28,
          23,
          6,
          56,
          7,
          43,
          31
        ],
        [
          160,
          59,
          64,
          70,
          10,
          128,
          27,
          101,
          83
        ],
        [
          165,
          29,
          32,
          122,
          23,
          144,
          17,
          93,
          98
        ],
        [
          216,
          42,
          55,
          85,
          41,
          180,
          32,
          108,
          149
        ],
        [
          173,
          49,
          71,
          143,
          38,
          313,
          62,
          163,
          125
        ],
        [
          219,
          68,
          68,
          110,
          25,
          285,
          86,
          87,
          146
        ],
        [
          54,
          23,
          29,
          35,
          5,
          95,
          30,
          62,
          60
        ],
        [
          27,
          14,
          16,
          5,
          3,
          34,
          21,
          12,
          30
        ]
      ]
    }
  },
  "run_timestamp": "20251208_104524_488990",
  "params_hash": "3292009bdc7a2eb494706b32c1666f26b00cb8aa56a9c155d0c4453435c28717"
}