{
  "best_epoch": 0,
  "best_val_loss": null,
  "total_seconds": 0.6435075999979745,
  "epochs": [],
  "train_metrics": {
    "classification": {
      "labels": [
        0,
        1,
        2,
        3,
        4
      ],
      "accuracy": 0.3215460526315789,
      "balanced_accuracy": 0.2648121860497933,
      "precision_macro": 0.28901169712916197,
      "precision_micro": 0.3215460526315789,
      "precision_weighted": 0.30715565907747444,
      "recall_macro": 0.2648121860497933,
      "recall_micro": 0.3215460526315789,
      "recall_weighted": 0.3215460526315789,
      "f1_macro": 0.2593757763480199,
      "f1_micro": 0.3215460526315789,
      "f1_weighted": 0.3005140869399086,
      "confusion_matrix": [
        [
          289,
          731,
          251,
          1558,
          2334
        ],
        [
          282,
          2672,
          956,
          3969,
          3777
        ],
        [
          252,
          1410,
          1245,
          3556,
          2945
        ],
        [
          304,
          2148,
          1011,
          7293,
          4998
        ],
        [
          403,
          1733,
          943,
          6039,
          7269
        ]
      ]
    }
  },
  "test_metrics": {
    "classification": {
      "labels": [
        0,
        1,
        2,
        3,
        4
      ],
      "accuracy": 0.3199013157894737,
      "balanced_accuracy": 0.2593668714563055,
      "precision_macro": 0.27697824152068784,
      "precision_micro": 0.3199013157894737,
      "precision_weighted": 0.30063221363986575,
      "recall_macro": 0.2593668714563055,
      "recall_micro": 0.3199013157894737,
      "recall_weighted": 0.3199013157894737,
      "f1_macro": 0.2536777022939857,
      "f1_micro": 0.3199013157894737,
      "f1_weighted": 0.29871496226956085,
      "confusion_matrix": [
        [
          69,
          185,
          67,
          379,
          578
        ],
        [
          84,
          623,
          235,
          940,
          940
        ],
        [
          75,
          352,
          275,
          860,
          715
        ],
        [
          79,
          578,
          244,
          1841,
          1283
        ],
        [
          111,
          421,
          262,
          1536,
          1860
        ]
      ]
    }
  },
  "run_timestamp": "20251223_183829_120468",
  "params_hash": "3366405da518c8b16e0155b72b7707455906cd1ff9a45ac61c4b4468ef11b180"
}