{
  "best_epoch": 0,
  "best_val_loss": null,
  "total_seconds": 0.022600815995247103,
  "epochs": [],
  "train_metrics": {
    "classification": {
      "labels": [
        0,
        1,
        2,
        3,
        4
      ],
      "accuracy": 0.28675595238095236,
      "balanced_accuracy": 0.24945492963104768,
      "precision_macro": 0.25673338737018747,
      "precision_micro": 0.28675595238095236,
      "precision_weighted": 0.2794558766524458,
      "recall_macro": 0.24945492963104768,
      "recall_micro": 0.28675595238095236,
      "recall_weighted": 0.28675595238095236,
      "f1_macro": 0.231458479333855,
      "f1_micro": 0.28675595238095236,
      "f1_weighted": 0.25924328713425404,
      "confusion_matrix": [
        [
          196,
          216,
          42,
          175,
          576
        ],
        [
          261,
          794,
          93,
          358,
          1153
        ],
        [
          157,
          516,
          113,
          257,
          1095
        ],
        [
          314,
          846,
          123,
          654,
          1717
        ],
        [
          314,
          707,
          144,
          522,
          2097
        ]
      ]
    }
  },
  "test_metrics": {
    "classification": {
      "labels": [
        0,
        1,
        2,
        3,
        4
      ],
      "accuracy": 0.2786458333333333,
      "balanced_accuracy": 0.24369309043060167,
      "precision_macro": 0.25099635353278915,
      "precision_micro": 0.2786458333333333,
      "precision_weighted": 0.2726450112386117,
      "recall_macro": 0.24369309043060167,
      "recall_micro": 0.2786458333333333,
      "recall_weighted": 0.2786458333333333,
      "f1_macro": 0.22628508075876982,
      "f1_micro": 0.2786458333333333,
      "f1_weighted": 0.25247089296991576,
      "confusion_matrix": [
        [
          85,
          74,
          22,
          85,
          224
        ],
        [
          105,
          329,
          42,
          132,
          543
        ],
        [
          74,
          215,
          44,
          129,
          475
        ],
        [
          107,
          370,
          40,
          283,
          751
        ],
        [
          156,
          322,
          62,
          227,
          864
        ]
      ]
    }
  },
  "run_timestamp": "20251208_141502_544934",
  "params_hash": "be7602450e2b8d551ff534c8039d1ed6e5f60e67ca22ae8754341dc478f9a398"
}