{
  "best_epoch": 0,
  "best_val_loss": null,
  "total_seconds": 0.16025286499643698,
  "epochs": [],
  "train_metrics": {
    "classification": {
      "labels": [
        0,
        1,
        2,
        3,
        4
      ],
      "accuracy": 0.3651785714285714,
      "balanced_accuracy": 0.34862010337220695,
      "precision_macro": 0.33564404473459264,
      "precision_micro": 0.3651785714285714,
      "precision_weighted": 0.3699883104000428,
      "recall_macro": 0.34862010337220695,
      "recall_micro": 0.3651785714285714,
      "recall_weighted": 0.3651785714285714,
      "f1_macro": 0.3304173627046806,
      "f1_micro": 0.3651785714285714,
      "f1_weighted": 0.3600579627534746,
      "confusion_matrix": [
        [
          523,
          130,
          67,
          151,
          289
        ],
        [
          422,
          635,
          242,
          898,
          603
        ],
        [
          298,
          204,
          312,
          636,
          309
        ],
        [
          508,
          531,
          382,
          2088,
          1129
        ],
        [
          451,
          314,
          162,
          806,
          1350
        ]
      ]
    }
  },
  "test_metrics": {
    "classification": {
      "labels": [
        0,
        1,
        2,
        3,
        4
      ],
      "accuracy": 0.3501736111111111,
      "balanced_accuracy": 0.3389114171581169,
      "precision_macro": 0.31956165485453125,
      "precision_micro": 0.3501736111111111,
      "precision_weighted": 0.3539646287351487,
      "recall_macro": 0.3389114171581169,
      "recall_micro": 0.3501736111111111,
      "recall_weighted": 0.3501736111111111,
      "f1_macro": 0.31673146154196175,
      "f1_micro": 0.3501736111111111,
      "f1_weighted": 0.34433371145322816,
      "confusion_matrix": [
        [
          233,
          50,
          21,
          81,
          105
        ],
        [
          194,
          251,
          110,
          407,
          228
        ],
        [
          136,
          70,
          118,
          285,
          137
        ],
        [
          222,
          234,
          197,
          854,
          515
        ],
        [
          192,
          141,
          75,
          343,
          561
        ]
      ]
    }
  },
  "run_timestamp": "20251208_141516_451631",
  "params_hash": "b6b0a72b5825e923b409abcca8976cb96755468bc55ef118272655352189c6df"
}