{
  "best_epoch": 0,
  "best_val_loss": null,
  "total_seconds": 0.021587205003015697,
  "epochs": [],
  "train_metrics": {
    "classification": {
      "labels": [
        0,
        1,
        2,
        3,
        4,
        5,
        6,
        7,
        8
      ],
      "accuracy": 0.16361607142857143,
      "balanced_accuracy": 0.1438814664184341,
      "precision_macro": 0.13251498208309942,
      "precision_micro": 0.16361607142857143,
      "precision_weighted": 0.15272850746568417,
      "recall_macro": 0.1438814664184341,
      "recall_micro": 0.16361607142857143,
      "recall_weighted": 0.16361607142857143,
      "f1_macro": 0.11818896703401977,
      "f1_micro": 0.16361607142857143,
      "f1_weighted": 0.138486601003471,
      "confusion_matrix": [
        [
          105,
          156,
          8,
          85,
          114,
          26,
          194,
          1,
          18
        ],
        [
          110,
          263,
          15,
          100,
          140,
          41,
          241,
          2,
          27
        ],
        [
          161,
          247,
          22,
          178,
          225,
          105,
          492,
          3,
          65
        ],
        [
          258,
          305,
          21,
          268,
          216,
          88,
          585,
          7,
          76
        ],
        [
          232,
          449,
          15,
          292,
          415,
          78,
          674,
          2,
          156
        ],
        [
          153,
          263,
          13,
          199,
          153,
          62,
          596,
          3,
          35
        ],
        [
          185,
          380,
          32,
          313,
          398,
          93,
          1003,
          3,
          181
        ],
        [
          99,
          230,
          16,
          190,
          206,
          71,
          526,
          2,
          129
        ],
        [
          32,
          96,
          5,
          71,
          107,
          20,
          233,
          2,
          59
        ]
      ]
    }
  },
  "test_metrics": {
    "classification": {
      "labels": [
        0,
        1,
        2,
        3,
        4,
        5,
        6,
        7,
        8
      ],
      "accuracy": 0.16770833333333332,
      "balanced_accuracy": 0.15023880978310705,
      "precision_macro": 0.13265842248353724,
      "precision_micro": 0.16770833333333332,
      "precision_weighted": 0.15476523535701128,
      "recall_macro": 0.15023880978310705,
      "recall_micro": 0.16770833333333332,
      "recall_weighted": 0.16770833333333332,
      "f1_macro": 0.12326348295128484,
      "f1_micro": 0.16770833333333332,
      "f1_weighted": 0.14433390723471234,
      "confusion_matrix": [
        [
          38,
          64,
          7,
          29,
          62,
          6,
          55,
          0,
          7
        ],
        [
          45,
          130,
          7,
          27,
          57,
          17,
          102,
          0,
          11
        ],
        [
          66,
          109,
          13,
          94,
          98,
          41,
          204,
          0,
          22
        ],
        [
          97,
          141,
          8,
          139,
          86,
          32,
          265,
          7,
          26
        ],
        [
          108,
          192,
          9,
          113,
          178,
          38,
          292,
          2,
          70
        ],
        [
          60,
          119,
          7,
          78,
          90,
          36,
          230,
          2,
          16
        ],
        [
          89,
          194,
          13,
          126,
          190,
          38,
          411,
          2,
          69
        ],
        [
          51,
          77,
          8,
          86,
          99,
          28,
          241,
          0,
          56
        ],
        [
          10,
          41,
          2,
          21,
          40,
          7,
          88,
          0,
          21
        ]
      ]
    }
  },
  "run_timestamp": "20251208_104327_952104",
  "params_hash": "b46fcfc4c631ccd631755dcdbaafc2b0e071648a69f69260fd0e60aebff75ff6"
}