{
  "best_epoch": 0,
  "best_val_loss": null,
  "total_seconds": 0.04918680401169695,
  "epochs": [],
  "train_metrics": {
    "classification": {
      "labels": [
        0,
        1,
        2,
        3,
        4,
        5,
        6,
        7,
        8
      ],
      "accuracy": 0.16927083333333334,
      "balanced_accuracy": 0.18974925830121267,
      "precision_macro": 0.1669232577454711,
      "precision_micro": 0.16927083333333334,
      "precision_weighted": 0.18945373083637015,
      "recall_macro": 0.18974925830121267,
      "recall_micro": 0.16927083333333334,
      "recall_weighted": 0.16927083333333334,
      "f1_macro": 0.14172538700311504,
      "f1_micro": 0.16927083333333334,
      "f1_weighted": 0.15449005530642246,
      "confusion_matrix": [
        [
          88,
          115,
          4,
          89,
          47,
          16,
          113,
          37,
          198
        ],
        [
          32,
          197,
          8,
          76,
          55,
          15,
          185,
          47,
          324
        ],
        [
          65,
          134,
          12,
          193,
          98,
          68,
          367,
          40,
          521
        ],
        [
          74,
          157,
          32,
          392,
          126,
          65,
          334,
          31,
          613
        ],
        [
          143,
          215,
          25,
          340,
          220,
          75,
          451,
          82,
          762
        ],
        [
          79,
          166,
          17,
          243,
          106,
          77,
          291,
          45,
          453
        ],
        [
          147,
          205,
          35,
          326,
          173,
          84,
          803,
          125,
          690
        ],
        [
          94,
          99,
          21,
          142,
          75,
          28,
          334,
          92,
          584
        ],
        [
          18,
          34,
          4,
          41,
          43,
          7,
          57,
          27,
          394
        ]
      ]
    }
  },
  "test_metrics": {
    "classification": {
      "labels": [
        0,
        1,
        2,
        3,
        4,
        5,
        6,
        7,
        8
      ],
      "accuracy": 0.1546875,
      "balanced_accuracy": 0.17488902154801747,
      "precision_macro": 0.1469898464134894,
      "precision_micro": 0.1546875,
      "precision_weighted": 0.1735465149569855,
      "recall_macro": 0.17488902154801747,
      "recall_micro": 0.1546875,
      "recall_weighted": 0.1546875,
      "f1_macro": 0.12585917126188542,
      "f1_micro": 0.1546875,
      "f1_weighted": 0.14190883126870524,
      "confusion_matrix": [
        [
          24,
          50,
          1,
          33,
          20,
          3,
          30,
          20,
          87
        ],
        [
          13,
          89,
          4,
          35,
          17,
          1,
          85,
          24,
          128
        ],
        [
          30,
          57,
          3,
          88,
          40,
          33,
          158,
          16,
          222
        ],
        [
          33,
          77,
          14,
          145,
          51,
          22,
          178,
          18,
          263
        ],
        [
          66,
          100,
          15,
          139,
          94,
          22,
          205,
          39,
          322
        ],
        [
          42,
          80,
          8,
          120,
          43,
          25,
          132,
          20,
          168
        ],
        [
          69,
          104,
          14,
          112,
          90,
          30,
          343,
          54,
          316
        ],
        [
          47,
          40,
          7,
          64,
          34,
          14,
          142,
          33,
          265
        ],
        [
          4,
          10,
          1,
          18,
          20,
          5,
          25,
          12,
          135
        ]
      ]
    }
  },
  "run_timestamp": "20251208_102510_125404",
  "params_hash": "2c7404a947734aa149627fd2b31e2438a115aa60851ec4ab7eb417e568625b40"
}