{
  "best_epoch": 0,
  "best_val_loss": null,
  "total_seconds": 2.794102574000135,
  "epochs": [],
  "train_metrics": {
    "classification": {
      "labels": [
        0,
        1,
        2,
        3,
        4,
        5,
        6,
        7,
        8
      ],
      "accuracy": 0.16392358982219496,
      "balanced_accuracy": 0.19292908802716657,
      "precision_macro": 0.17261558961115328,
      "precision_micro": 0.16392358982219496,
      "precision_weighted": 0.19575587600843136,
      "recall_macro": 0.19292908802716657,
      "recall_micro": 0.16392358982219496,
      "recall_weighted": 0.16392358982219496,
      "f1_macro": 0.15870129130796332,
      "f1_micro": 0.16392358982219496,
      "f1_weighted": 0.1620097940914478,
      "confusion_matrix": [
        [
          2306,
          1996,
          334,
          1088,
          801,
          855,
          971,
          586,
          1622
        ],
        [
          1795,
          4093,
          778,
          1199,
          815,
          851,
          1833,
          1196,
          1807
        ],
        [
          2539,
          3690,
          1333,
          2514,
          1536,
          2941,
          2970,
          1775,
          3996
        ],
        [
          2772,
          3581,
          1122,
          4062,
          2450,
          4035,
          2743,
          2649,
          5345
        ],
        [
          4088,
          5600,
          996,
          4104,
          3948,
          4103,
          3206,
          3021,
          7069
        ],
        [
          2326,
          3326,
          861,
          2329,
          1435,
          4689,
          2596,
          1998,
          3341
        ],
        [
          3413,
          6373,
          1505,
          3502,
          2968,
          4713,
          6605,
          4054,
          7326
        ],
        [
          1937,
          2830,
          849,
          1819,
          1404,
          1990,
          3554,
          3330,
          5226
        ],
        [
          602,
          668,
          148,
          921,
          599,
          706,
          1007,
          848,
          3856
        ]
      ]
    }
  },
  "test_metrics": {
    "classification": {
      "labels": [
        0,
        1,
        2,
        3,
        4,
        5,
        6,
        7,
        8
      ],
      "accuracy": 0.16038537195994276,
      "balanced_accuracy": 0.18998015410359564,
      "precision_macro": 0.16846273906411174,
      "precision_micro": 0.16038537195994276,
      "precision_weighted": 0.1900396589290078,
      "recall_macro": 0.18998015410359564,
      "recall_micro": 0.16038537195994276,
      "recall_weighted": 0.16038537195994276,
      "f1_macro": 0.15539586794188442,
      "f1_micro": 0.16038537195994276,
      "f1_weighted": 0.15781041239335394,
      "confusion_matrix": [
        [
          1036,
          862,
          113,
          464,
          369,
          373,
          412,
          239,
          718
        ],
        [
          827,
          1780,
          294,
          546,
          334,
          403,
          814,
          561,
          811
        ],
        [
          1074,
          1570,
          546,
          1120,
          672,
          1268,
          1268,
          822,
          1685
        ],
        [
          1242,
          1546,
          482,
          1566,
          1026,
          1770,
          1130,
          1010,
          2244
        ],
        [
          1783,
          2406,
          388,
          1739,
          1602,
          1766,
          1399,
          1257,
          3018
        ],
        [
          973,
          1493,
          410,
          1026,
          646,
          1954,
          1134,
          847,
          1469
        ],
        [
          1500,
          2830,
          670,
          1483,
          1246,
          1922,
          2814,
          1763,
          3097
        ],
        [
          847,
          1237,
          401,
          844,
          608,
          863,
          1558,
          1435,
          2121
        ],
        [
          263,
          248,
          52,
          397,
          267,
          303,
          406,
          373,
          1617
        ]
      ]
    }
  },
  "run_timestamp": "20251226_201607_145316",
  "params_hash": "ae316e5c35e2052a3624d5f9dcc0744316740a71d94bfeded750bc2992442975"
}