{
  "best_epoch": 0,
  "best_val_loss": null,
  "total_seconds": 0.3016072000027634,
  "epochs": [],
  "train_metrics": {
    "classification": {
      "labels": [
        0,
        1,
        2,
        3,
        4,
        5,
        6,
        7,
        8
      ],
      "accuracy": 0.2095982142857143,
      "balanced_accuracy": 0.2639437071673896,
      "precision_macro": 0.21753198589455813,
      "precision_micro": 0.2095982142857143,
      "precision_weighted": 0.25286443493296124,
      "recall_macro": 0.2639437071673896,
      "recall_micro": 0.2095982142857143,
      "recall_weighted": 0.2095982142857143,
      "f1_macro": 0.1989396714848631,
      "f1_micro": 0.2095982142857143,
      "f1_weighted": 0.20596799386735254,
      "confusion_matrix": [
        [
          332,
          92,
          9,
          64,
          39,
          34,
          23,
          30,
          112
        ],
        [
          190,
          203,
          42,
          63,
          31,
          61,
          48,
          57,
          134
        ],
        [
          212,
          201,
          101,
          243,
          141,
          210,
          132,
          115,
          298
        ],
        [
          151,
          109,
          72,
          465,
          164,
          342,
          72,
          73,
          229
        ],
        [
          306,
          203,
          83,
          245,
          345,
          253,
          120,
          98,
          379
        ],
        [
          198,
          161,
          91,
          382,
          210,
          677,
          215,
          175,
          534
        ],
        [
          300,
          200,
          88,
          266,
          191,
          394,
          283,
          163,
          591
        ],
        [
          132,
          122,
          24,
          85,
          33,
          81,
          60,
          144,
          306
        ],
        [
          36,
          18,
          0,
          16,
          14,
          19,
          21,
          17,
          267
        ]
      ]
    }
  },
  "test_metrics": {
    "classification": {
      "labels": [
        0,
        1,
        2,
        3,
        4,
        5,
        6,
        7,
        8
      ],
      "accuracy": 0.20208333333333334,
      "balanced_accuracy": 0.25719709473326,
      "precision_macro": 0.2124416482299196,
      "precision_micro": 0.20208333333333334,
      "precision_weighted": 0.2504831374487447,
      "recall_macro": 0.25719709473326,
      "recall_micro": 0.20208333333333334,
      "recall_weighted": 0.20208333333333334,
      "f1_macro": 0.1915530720999012,
      "f1_micro": 0.20208333333333334,
      "f1_weighted": 0.19915044692563583,
      "confusion_matrix": [
        [
          139,
          34,
          3,
          21,
          17,
          13,
          10,
          10,
          53
        ],
        [
          71,
          86,
          21,
          18,
          17,
          38,
          18,
          26,
          46
        ],
        [
          87,
          85,
          51,
          103,
          52,
          105,
          46,
          52,
          121
        ],
        [
          66,
          46,
          33,
          195,
          69,
          166,
          34,
          29,
          85
        ],
        [
          156,
          83,
          36,
          99,
          146,
          129,
          41,
          46,
          172
        ],
        [
          82,
          86,
          36,
          207,
          87,
          280,
          87,
          73,
          199
        ],
        [
          141,
          92,
          25,
          111,
          66,
          188,
          118,
          78,
          275
        ],
        [
          41,
          46,
          19,
          30,
          18,
          33,
          36,
          49,
          121
        ],
        [
          14,
          20,
          1,
          3,
          2,
          9,
          8,
          5,
          100
        ]
      ]
    }
  },
  "run_timestamp": "20251208_102838_753818",
  "params_hash": "c0a478db2a7a48a36eae8620645afd09d65337b24e44b0961bbbc8e59a24851e"
}