{
  "best_epoch": 0,
  "best_val_loss": null,
  "total_seconds": 2.756283013004577,
  "epochs": [],
  "train_metrics": {
    "classification": {
      "labels": [
        0,
        1,
        2,
        3,
        4
      ],
      "accuracy": 0.3202693899448191,
      "balanced_accuracy": 0.30269130204889877,
      "precision_macro": 0.2904254978256634,
      "precision_micro": 0.3202693899448191,
      "precision_weighted": 0.32694177635110544,
      "recall_macro": 0.30269130204889877,
      "recall_micro": 0.3202693899448191,
      "recall_weighted": 0.3202693899448191,
      "f1_macro": 0.2768982627725777,
      "f1_micro": 0.3202693899448191,
      "f1_weighted": 0.31181292967740004,
      "confusion_matrix": [
        [
          8378,
          2159,
          982,
          3571,
          2770
        ],
        [
          8439,
          8489,
          2757,
          16365,
          7263
        ],
        [
          6474,
          3283,
          3283,
          10732,
          3505
        ],
        [
          12470,
          8605,
          4879,
          34905,
          11886
        ],
        [
          10211,
          5187,
          2476,
          17892,
          11807
        ]
      ]
    }
  },
  "test_metrics": {
    "classification": {
      "labels": [
        0,
        1,
        2,
        3,
        4
      ],
      "accuracy": 0.3148023962804006,
      "balanced_accuracy": 0.2971930129625323,
      "precision_macro": 0.28612117914492735,
      "precision_micro": 0.3148023962804006,
      "precision_weighted": 0.32162176773048884,
      "recall_macro": 0.2971930129625323,
      "recall_micro": 0.3148023962804006,
      "recall_weighted": 0.3148023962804006,
      "f1_macro": 0.2719983597139792,
      "f1_micro": 0.3148023962804006,
      "f1_weighted": 0.30607190809925566,
      "confusion_matrix": [
        [
          3560,
          956,
          441,
          1622,
          1191
        ],
        [
          3732,
          3641,
          1127,
          7114,
          3051
        ],
        [
          2814,
          1487,
          1351,
          4488,
          1494
        ],
        [
          5321,
          3656,
          2060,
          14672,
          4998
        ],
        [
          4573,
          2222,
          1085,
          7874,
          4942
        ]
      ]
    }
  },
  "run_timestamp": "20251226_201654_290650",
  "params_hash": "05978b9322d1f6402b8a8e14f0c6773c5fc2667477eb0295166e8c8c104703b2"
}