{
  "best_epoch": 0,
  "best_val_loss": null,
  "total_seconds": 1.5699871340184473,
  "epochs": [],
  "train_metrics": {
    "classification": {
      "labels": [
        0,
        1,
        2,
        3,
        4
      ],
      "accuracy": 0.29385250613120784,
      "balanced_accuracy": 0.2672319209978095,
      "precision_macro": 0.2671874794697623,
      "precision_micro": 0.29385250613120784,
      "precision_weighted": 0.293143442514238,
      "recall_macro": 0.2672319209978095,
      "recall_micro": 0.29385250613120784,
      "recall_weighted": 0.29385250613120784,
      "f1_macro": 0.26610711611695087,
      "f1_micro": 0.29385250613120784,
      "f1_weighted": 0.2923210789843849,
      "confusion_matrix": [
        [
          3237,
          3127,
          2226,
          3776,
          5880
        ],
        [
          3403,
          11139,
          5677,
          9244,
          11963
        ],
        [
          3399,
          5722,
          6273,
          7577,
          10630
        ],
        [
          5363,
          10291,
          6814,
          17467,
          16759
        ],
        [
          5828,
          9321,
          7422,
          12999,
          23231
        ]
      ]
    }
  },
  "test_metrics": {
    "classification": {
      "labels": [
        0,
        1,
        2,
        3,
        4
      ],
      "accuracy": 0.29336552217453504,
      "balanced_accuracy": 0.2659834945338593,
      "precision_macro": 0.2661473297328131,
      "precision_micro": 0.29336552217453504,
      "precision_weighted": 0.2922625981001068,
      "recall_macro": 0.2659834945338593,
      "recall_micro": 0.29336552217453504,
      "recall_weighted": 0.29336552217453504,
      "f1_macro": 0.26515003687433614,
      "f1_micro": 0.29336552217453504,
      "f1_weighted": 0.2918379423264003,
      "confusion_matrix": [
        [
          1401,
          1323,
          1028,
          1744,
          2587
        ],
        [
          1405,
          4750,
          2480,
          4005,
          5116
        ],
        [
          1466,
          2399,
          2601,
          3281,
          4417
        ],
        [
          2411,
          4305,
          2839,
          7532,
          7070
        ],
        [
          2578,
          3917,
          3203,
          5650,
          9964
        ]
      ]
    }
  },
  "run_timestamp": "20251226_195808_820566",
  "params_hash": "9ce078fb2e04dd9c51eed2bed60fdacc06bf648dc35400a6345674fc83d7d59e"
}