{
  "best_epoch": 0,
  "best_val_loss": null,
  "total_seconds": 0.023748585997964256,
  "epochs": [],
  "train_metrics": {
    "classification": {
      "labels": [
        0,
        1,
        2,
        3,
        4,
        5,
        6,
        7,
        8
      ],
      "accuracy": 0.15922619047619047,
      "balanced_accuracy": 0.1553921931482155,
      "precision_macro": 0.1473081703945457,
      "precision_micro": 0.15922619047619047,
      "precision_weighted": 0.16889686959882622,
      "recall_macro": 0.1553921931482155,
      "recall_micro": 0.15922619047619047,
      "recall_weighted": 0.15922619047619047,
      "f1_macro": 0.13364438560710534,
      "f1_micro": 0.15922619047619047,
      "f1_weighted": 0.14798363719454394,
      "confusion_matrix": [
        [
          147,
          94,
          37,
          18,
          116,
          85,
          124,
          2,
          84
        ],
        [
          139,
          151,
          70,
          48,
          125,
          144,
          186,
          5,
          71
        ],
        [
          162,
          166,
          129,
          70,
          156,
          371,
          258,
          11,
          175
        ],
        [
          202,
          242,
          133,
          61,
          226,
          433,
          330,
          15,
          182
        ],
        [
          272,
          267,
          187,
          48,
          484,
          444,
          345,
          25,
          241
        ],
        [
          146,
          175,
          97,
          44,
          164,
          413,
          322,
          27,
          89
        ],
        [
          216,
          240,
          185,
          102,
          380,
          567,
          630,
          33,
          235
        ],
        [
          134,
          87,
          110,
          45,
          257,
          322,
          353,
          24,
          137
        ],
        [
          41,
          63,
          69,
          6,
          130,
          85,
          126,
          4,
          101
        ]
      ]
    }
  },
  "test_metrics": {
    "classification": {
      "labels": [
        0,
        1,
        2,
        3,
        4,
        5,
        6,
        7,
        8
      ],
      "accuracy": 0.14565972222222223,
      "balanced_accuracy": 0.1472344899951016,
      "precision_macro": 0.13473663050265136,
      "precision_micro": 0.14565972222222223,
      "precision_weighted": 0.15634078674795424,
      "recall_macro": 0.1472344899951016,
      "recall_micro": 0.14565972222222223,
      "recall_weighted": 0.14565972222222223,
      "f1_macro": 0.12452274064462619,
      "f1_micro": 0.14565972222222223,
      "f1_weighted": 0.13693085905778757,
      "confusion_matrix": [
        [
          54,
          41,
          13,
          5,
          63,
          25,
          47,
          0,
          20
        ],
        [
          66,
          68,
          21,
          28,
          48,
          56,
          59,
          1,
          49
        ],
        [
          77,
          56,
          52,
          27,
          61,
          163,
          124,
          5,
          82
        ],
        [
          95,
          104,
          51,
          39,
          77,
          191,
          165,
          9,
          70
        ],
        [
          127,
          107,
          93,
          21,
          191,
          204,
          157,
          13,
          89
        ],
        [
          63,
          63,
          50,
          34,
          91,
          149,
          131,
          12,
          45
        ],
        [
          87,
          104,
          96,
          45,
          211,
          216,
          239,
          12,
          122
        ],
        [
          64,
          34,
          44,
          20,
          113,
          161,
          147,
          6,
          57
        ],
        [
          14,
          26,
          28,
          3,
          55,
          30,
          32,
          1,
          41
        ]
      ]
    }
  },
  "run_timestamp": "20251208_103422_668961",
  "params_hash": "b2cbb1b6c8edcc592e9b62ae7bf08fffb81325111d14593dc7e35cac73be89f2"
}