{
  "best_epoch": 0,
  "best_val_loss": null,
  "total_seconds": 4.981702784018125,
  "epochs": [],
  "train_metrics": {
    "classification": {
      "labels": [
        0,
        1,
        2,
        3,
        4,
        5,
        6,
        7,
        8
      ],
      "accuracy": 0.18855859135499695,
      "balanced_accuracy": 0.22554193402760156,
      "precision_macro": 0.1890764746352625,
      "precision_micro": 0.18855859135499695,
      "precision_weighted": 0.22454429831227515,
      "recall_macro": 0.22554193402760156,
      "recall_micro": 0.18855859135499695,
      "recall_weighted": 0.18855859135499695,
      "f1_macro": 0.1696708430075925,
      "f1_micro": 0.18855859135499695,
      "f1_weighted": 0.18422575648868786,
      "confusion_matrix": [
        [
          5780,
          927,
          341,
          231,
          689,
          805,
          534,
          318,
          1586
        ],
        [
          3339,
          2393,
          677,
          541,
          631,
          1615,
          793,
          888,
          1815
        ],
        [
          4500,
          2775,
          1891,
          1267,
          2740,
          4549,
          2185,
          2071,
          3562
        ],
        [
          4674,
          2441,
          1397,
          1826,
          3042,
          5439,
          2463,
          1181,
          3630
        ],
        [
          7157,
          2489,
          1381,
          1254,
          5553,
          5183,
          2734,
          1036,
          5250
        ],
        [
          5769,
          2990,
          1937,
          1924,
          3352,
          11716,
          5060,
          2108,
          6494
        ],
        [
          6487,
          3116,
          1583,
          1293,
          3225,
          7084,
          5723,
          2627,
          7558
        ],
        [
          2101,
          1519,
          595,
          503,
          1131,
          2872,
          1483,
          1541,
          3198
        ],
        [
          1008,
          450,
          155,
          75,
          305,
          664,
          483,
          124,
          2942
        ]
      ]
    }
  },
  "test_metrics": {
    "classification": {
      "labels": [
        0,
        1,
        2,
        3,
        4,
        5,
        6,
        7,
        8
      ],
      "accuracy": 0.1874888233190272,
      "balanced_accuracy": 0.2238202748262182,
      "precision_macro": 0.18700350075642505,
      "precision_micro": 0.1874888233190272,
      "precision_weighted": 0.2219039483032412,
      "recall_macro": 0.2238202748262182,
      "recall_micro": 0.1874888233190272,
      "recall_weighted": 0.1874888233190272,
      "f1_macro": 0.16865323490279907,
      "f1_micro": 0.1874888233190272,
      "f1_weighted": 0.18275641731811332,
      "confusion_matrix": [
        [
          2423,
          427,
          132,
          101,
          301,
          388,
          256,
          142,
          696
        ],
        [
          1450,
          1036,
          316,
          220,
          291,
          690,
          301,
          389,
          789
        ],
        [
          1966,
          1207,
          777,
          596,
          1204,
          1993,
          893,
          934,
          1471
        ],
        [
          2091,
          1105,
          703,
          777,
          1291,
          2216,
          1048,
          551,
          1405
        ],
        [
          2895,
          1073,
          577,
          562,
          2352,
          2265,
          1225,
          447,
          2235
        ],
        [
          2416,
          1263,
          836,
          760,
          1430,
          5018,
          2100,
          842,
          2701
        ],
        [
          2779,
          1458,
          675,
          569,
          1433,
          3072,
          2460,
          1114,
          3198
        ],
        [
          926,
          632,
          324,
          208,
          533,
          1223,
          590,
          672,
          1385
        ],
        [
          444,
          193,
          65,
          33,
          112,
          320,
          175,
          46,
          1260
        ]
      ]
    }
  },
  "run_timestamp": "20251227_011630_466046",
  "params_hash": "fad8f3caf616522f7575e252a311c51b3e41371d356d2ebe7f83fc4cd2c561de"
}