{
  "best_epoch": 0,
  "best_val_loss": null,
  "total_seconds": 27.134526838002785,
  "epochs": [],
  "train_metrics": {
    "classification": {
      "labels": [
        0,
        1,
        2,
        3,
        4
      ],
      "accuracy": 0.8108723958333334,
      "balanced_accuracy": 0.7859506424074673,
      "precision_macro": 0.8303207126058982,
      "precision_micro": 0.8108723958333334,
      "precision_weighted": 0.8154597325666135,
      "recall_macro": 0.7859506424074673,
      "recall_micro": 0.8108723958333334,
      "recall_weighted": 0.8108723958333334,
      "f1_macro": 0.8036458661803154,
      "f1_micro": 0.8108723958333334,
      "f1_weighted": 0.809936498382692,
      "confusion_matrix": [
        [
          562,
          52,
          31,
          54,
          114
        ],
        [
          20,
          1431,
          59,
          115,
          177
        ],
        [
          19,
          70,
          1062,
          146,
          160
        ],
        [
          17,
          104,
          50,
          2049,
          258
        ],
        [
          11,
          75,
          43,
          168,
          2369
        ]
      ]
    }
  },
  "test_metrics": {
    "classification": {
      "labels": [
        0,
        1,
        2,
        3,
        4
      ],
      "accuracy": 0.4010416666666667,
      "balanced_accuracy": 0.36220402800171647,
      "precision_macro": 0.37775156664255205,
      "precision_micro": 0.4010416666666667,
      "precision_weighted": 0.39415657940965254,
      "recall_macro": 0.36220402800171647,
      "recall_micro": 0.4010416666666667,
      "recall_weighted": 0.4010416666666667,
      "f1_macro": 0.36617467056493036,
      "f1_micro": 0.4010416666666667,
      "f1_weighted": 0.394707278251522,
      "confusion_matrix": [
        [
          43,
          30,
          21,
          40,
          80
        ],
        [
          24,
          173,
          51,
          103,
          115
        ],
        [
          27,
          57,
          101,
          88,
          92
        ],
        [
          15,
          105,
          62,
          270,
          161
        ],
        [
          32,
          77,
          61,
          139,
          337
        ]
      ]
    }
  },
  "run_timestamp": "20251224_094531_871818",
  "params_hash": "68c5d09ab96cc616b7dcb95f38ba25cad5afee927ad216381f4be861817cc9d2"
}