{
  "best_epoch": 0,
  "best_val_loss": null,
  "total_seconds": 0.019564201997127384,
  "epochs": [],
  "train_metrics": {
    "classification": {
      "labels": [
        0,
        1,
        2,
        3,
        4,
        5,
        6,
        7,
        8
      ],
      "accuracy": 0.12604166666666666,
      "balanced_accuracy": 0.1540016681720641,
      "precision_macro": 0.12753987899133049,
      "precision_micro": 0.12604166666666666,
      "precision_weighted": 0.14193345293017273,
      "recall_macro": 0.1540016681720641,
      "recall_micro": 0.12604166666666666,
      "recall_weighted": 0.12604166666666666,
      "f1_macro": 0.11024857931286536,
      "f1_micro": 0.12604166666666666,
      "f1_weighted": 0.10902505323812746,
      "confusion_matrix": [
        [
          234,
          181,
          9,
          10,
          31,
          53,
          72,
          72,
          45
        ],
        [
          136,
          313,
          28,
          7,
          52,
          57,
          129,
          143,
          74
        ],
        [
          253,
          374,
          28,
          6,
          94,
          91,
          232,
          181,
          239
        ],
        [
          318,
          427,
          25,
          13,
          81,
          151,
          283,
          212,
          314
        ],
        [
          422,
          641,
          36,
          23,
          86,
          153,
          396,
          170,
          386
        ],
        [
          224,
          330,
          36,
          12,
          79,
          160,
          258,
          176,
          202
        ],
        [
          307,
          602,
          39,
          39,
          105,
          200,
          497,
          348,
          451
        ],
        [
          213,
          278,
          21,
          12,
          54,
          93,
          292,
          242,
          264
        ],
        [
          117,
          79,
          3,
          10,
          24,
          63,
          138,
          70,
          121
        ]
      ]
    }
  },
  "test_metrics": {
    "classification": {
      "labels": [
        0,
        1,
        2,
        3,
        4,
        5,
        6,
        7,
        8
      ],
      "accuracy": 0.1265625,
      "balanced_accuracy": 0.15209354630972793,
      "precision_macro": 0.13614116177948704,
      "precision_micro": 0.1265625,
      "precision_weighted": 0.1565932356573909,
      "recall_macro": 0.15209354630972793,
      "recall_micro": 0.1265625,
      "recall_weighted": 0.1265625,
      "f1_macro": 0.11027647145272136,
      "f1_micro": 0.1265625,
      "f1_weighted": 0.113026022564519,
      "confusion_matrix": [
        [
          71,
          80,
          6,
          3,
          18,
          25,
          20,
          31,
          14
        ],
        [
          61,
          146,
          7,
          7,
          20,
          25,
          53,
          45,
          32
        ],
        [
          111,
          153,
          16,
          7,
          36,
          45,
          95,
          65,
          119
        ],
        [
          134,
          179,
          19,
          10,
          34,
          68,
          131,
          104,
          122
        ],
        [
          187,
          253,
          8,
          10,
          38,
          77,
          183,
          87,
          159
        ],
        [
          101,
          133,
          10,
          5,
          28,
          76,
          111,
          81,
          93
        ],
        [
          151,
          268,
          29,
          13,
          38,
          90,
          221,
          153,
          169
        ],
        [
          93,
          120,
          4,
          10,
          26,
          32,
          130,
          111,
          120
        ],
        [
          40,
          39,
          2,
          7,
          7,
          27,
          42,
          26,
          40
        ]
      ]
    }
  },
  "run_timestamp": "20251208_104403_337071",
  "params_hash": "4cdd48aaf8475ab2f0fae99e744a667223032c73d0f969ff8738c5aade5c2d96"
}