{
  "best_epoch": 0,
  "best_val_loss": null,
  "total_seconds": 0.025806834004470147,
  "epochs": [],
  "train_metrics": {
    "classification": {
      "labels": [
        0,
        1,
        2,
        3,
        4
      ],
      "accuracy": 0.2927827380952381,
      "balanced_accuracy": 0.2557308168085187,
      "precision_macro": 0.2569564247724755,
      "precision_micro": 0.2927827380952381,
      "precision_weighted": 0.2780103374351183,
      "recall_macro": 0.2557308168085187,
      "recall_micro": 0.2927827380952381,
      "recall_weighted": 0.2927827380952381,
      "f1_macro": 0.23656227014113068,
      "f1_micro": 0.2927827380952381,
      "f1_weighted": 0.26291664498496226,
      "confusion_matrix": [
        [
          275,
          63,
          70,
          212,
          585
        ],
        [
          324,
          259,
          200,
          519,
          1357
        ],
        [
          198,
          218,
          225,
          442,
          1055
        ],
        [
          383,
          308,
          301,
          901,
          1761
        ],
        [
          354,
          230,
          263,
          662,
          2275
        ]
      ]
    }
  },
  "test_metrics": {
    "classification": {
      "labels": [
        0,
        1,
        2,
        3,
        4
      ],
      "accuracy": 0.2847222222222222,
      "balanced_accuracy": 0.24835737097159843,
      "precision_macro": 0.24496601569703663,
      "precision_micro": 0.2847222222222222,
      "precision_weighted": 0.2686937218355151,
      "recall_macro": 0.24835737097159843,
      "recall_micro": 0.2847222222222222,
      "recall_weighted": 0.2847222222222222,
      "f1_macro": 0.22529500651062923,
      "f1_micro": 0.2847222222222222,
      "f1_weighted": 0.2526837979949148,
      "confusion_matrix": [
        [
          112,
          33,
          28,
          69,
          248
        ],
        [
          134,
          100,
          89,
          201,
          627
        ],
        [
          116,
          96,
          87,
          196,
          442
        ],
        [
          194,
          112,
          132,
          357,
          756
        ],
        [
          156,
          98,
          110,
          283,
          984
        ]
      ]
    }
  },
  "run_timestamp": "20251208_141505_822268",
  "params_hash": "8fbdd3efdab2e187c5cefa5e4b910f3ca432b1736cab55816a739463d0bcff55"
}