{
  "best_epoch": 0,
  "best_val_loss": null,
  "total_seconds": 9.188449583016336,
  "epochs": [],
  "train_metrics": {
    "classification": {
      "labels": [
        0,
        1,
        2,
        3,
        4,
        5,
        6,
        7,
        8
      ],
      "accuracy": 0.18508104690374003,
      "balanced_accuracy": 0.20814864851109532,
      "precision_macro": 0.1832845485885561,
      "precision_micro": 0.18508104690374003,
      "precision_weighted": 0.21091690156914378,
      "recall_macro": 0.20814864851109532,
      "recall_micro": 0.18508104690374003,
      "recall_weighted": 0.18508104690374003,
      "f1_macro": 0.16713157937482773,
      "f1_micro": 0.18508104690374003,
      "f1_weighted": 0.17852349492478117,
      "confusion_matrix": [
        [
          3567,
          1034,
          134,
          969,
          453,
          916,
          1003,
          425,
          2058
        ],
        [
          2414,
          2556,
          332,
          1346,
          397,
          1047,
          2727,
          1276,
          2272
        ],
        [
          3040,
          1875,
          689,
          3660,
          1330,
          2302,
          4853,
          1540,
          4005
        ],
        [
          3619,
          2255,
          727,
          5653,
          2499,
          3263,
          4045,
          1462,
          5236
        ],
        [
          5552,
          2959,
          637,
          4646,
          4606,
          2976,
          5208,
          1629,
          7922
        ],
        [
          2884,
          2351,
          496,
          3062,
          1518,
          3846,
          3792,
          993,
          3959
        ],
        [
          4466,
          3227,
          954,
          4158,
          2984,
          3708,
          11535,
          2477,
          6950
        ],
        [
          2946,
          1877,
          395,
          2087,
          1631,
          1718,
          4843,
          1744,
          5698
        ],
        [
          881,
          352,
          37,
          816,
          620,
          830,
          737,
          639,
          4443
        ]
      ]
    }
  },
  "test_metrics": {
    "classification": {
      "labels": [
        0,
        1,
        2,
        3,
        4,
        5,
        6,
        7,
        8
      ],
      "accuracy": 0.18514172031473533,
      "balanced_accuracy": 0.21024515230259147,
      "precision_macro": 0.18366161022320435,
      "precision_micro": 0.18514172031473533,
      "precision_weighted": 0.20954613241456904,
      "recall_macro": 0.21024515230259147,
      "recall_micro": 0.18514172031473533,
      "recall_weighted": 0.18514172031473533,
      "f1_macro": 0.1678966786310875,
      "f1_micro": 0.18514172031473533,
      "f1_weighted": 0.17788778022838264,
      "confusion_matrix": [
        [
          1571,
          455,
          61,
          444,
          174,
          419,
          387,
          161,
          914
        ],
        [
          997,
          1198,
          117,
          627,
          181,
          455,
          1199,
          537,
          1059
        ],
        [
          1289,
          807,
          295,
          1668,
          516,
          958,
          2019,
          660,
          1813
        ],
        [
          1522,
          907,
          303,
          2330,
          1061,
          1410,
          1737,
          610,
          2136
        ],
        [
          2468,
          1176,
          266,
          2024,
          1943,
          1247,
          2185,
          670,
          3379
        ],
        [
          1329,
          1050,
          214,
          1305,
          694,
          1624,
          1688,
          399,
          1649
        ],
        [
          1928,
          1360,
          426,
          1739,
          1328,
          1587,
          4931,
          1113,
          2913
        ],
        [
          1268,
          790,
          173,
          865,
          733,
          767,
          2159,
          760,
          2399
        ],
        [
          321,
          155,
          22,
          335,
          280,
          346,
          297,
          257,
          1913
        ]
      ]
    }
  },
  "run_timestamp": "20251226_200452_915682",
  "params_hash": "4ea716e5147f0b3da1c966e926d87e4a1a33036200ad2a94fabf60a84b91aca6"
}