{
  "best_epoch": 0,
  "best_val_loss": null,
  "total_seconds": 0.0479475580068538,
  "epochs": [],
  "train_metrics": {
    "classification": {
      "labels": [
        0,
        1,
        2,
        3,
        4
      ],
      "accuracy": 0.31540178571428573,
      "balanced_accuracy": 0.2767181019495747,
      "precision_macro": 0.279682440253841,
      "precision_micro": 0.31540178571428573,
      "precision_weighted": 0.31087756453289317,
      "recall_macro": 0.2767181019495747,
      "recall_micro": 0.31540178571428573,
      "recall_weighted": 0.31540178571428573,
      "f1_macro": 0.2559250685073629,
      "f1_micro": 0.31540178571428573,
      "f1_weighted": 0.29047647000773813,
      "confusion_matrix": [
        [
          370,
          42,
          125,
          358,
          265
        ],
        [
          382,
          205,
          222,
          1413,
          578
        ],
        [
          235,
          50,
          331,
          851,
          292
        ],
        [
          587,
          211,
          532,
          2555,
          753
        ],
        [
          488,
          148,
          244,
          1425,
          778
        ]
      ]
    }
  },
  "test_metrics": {
    "classification": {
      "labels": [
        0,
        1,
        2,
        3,
        4
      ],
      "accuracy": 0.30694444444444446,
      "balanced_accuracy": 0.26933588057756525,
      "precision_macro": 0.2738607230133746,
      "precision_micro": 0.30694444444444446,
      "precision_weighted": 0.30668005767307066,
      "recall_macro": 0.26933588057756525,
      "recall_micro": 0.30694444444444446,
      "recall_weighted": 0.30694444444444446,
      "f1_macro": 0.24798513003729425,
      "f1_micro": 0.30694444444444446,
      "f1_weighted": 0.28361794730512696,
      "confusion_matrix": [
        [
          162,
          16,
          57,
          162,
          93
        ],
        [
          149,
          89,
          101,
          615,
          236
        ],
        [
          129,
          30,
          123,
          361,
          103
        ],
        [
          252,
          94,
          219,
          1069,
          388
        ],
        [
          226,
          43,
          108,
          610,
          325
        ]
      ]
    }
  },
  "run_timestamp": "20251208_141602_878890",
  "params_hash": "c32b21c96def8aaa2cb1efb07d20fb263475bb38f680985f5e26427641e18840"
}