{
  "best_epoch": 0,
  "best_val_loss": null,
  "total_seconds": 1.7438666170055512,
  "epochs": [],
  "train_metrics": {
    "classification": {
      "labels": [
        0,
        1,
        2,
        3,
        4
      ],
      "accuracy": 0.31527820355610053,
      "balanced_accuracy": 0.284484942772825,
      "precision_macro": 0.27749756936297354,
      "precision_micro": 0.31527820355610053,
      "precision_weighted": 0.31601638155717904,
      "recall_macro": 0.284484942772825,
      "recall_micro": 0.31527820355610053,
      "recall_weighted": 0.31527820355610053,
      "f1_macro": 0.25736392510572975,
      "f1_micro": 0.31527820355610053,
      "f1_weighted": 0.29903301605223953,
      "confusion_matrix": [
        [
          7605,
          2378,
          656,
          4737,
          2484
        ],
        [
          8880,
          6553,
          1921,
          18331,
          7628
        ],
        [
          5590,
          2677,
          2450,
          12361,
          4199
        ],
        [
          13527,
          6548,
          4037,
          38351,
          10282
        ],
        [
          10817,
          4236,
          2489,
          19170,
          10861
        ]
      ]
    }
  },
  "test_metrics": {
    "classification": {
      "labels": [
        0,
        1,
        2,
        3,
        4
      ],
      "accuracy": 0.31312589413447783,
      "balanced_accuracy": 0.2816989849636482,
      "precision_macro": 0.27742842760174236,
      "precision_micro": 0.31312589413447783,
      "precision_weighted": 0.31443606331418433,
      "recall_macro": 0.2816989849636482,
      "recall_micro": 0.31312589413447783,
      "recall_weighted": 0.31312589413447783,
      "f1_macro": 0.25659752539843356,
      "f1_micro": 0.31312589413447783,
      "f1_weighted": 0.2971925543257775,
      "confusion_matrix": [
        [
          3167,
          1116,
          306,
          2054,
          1127
        ],
        [
          3853,
          2846,
          795,
          7902,
          3269
        ],
        [
          2309,
          1181,
          1063,
          5269,
          1812
        ],
        [
          5663,
          2793,
          1611,
          16171,
          4469
        ],
        [
          4680,
          1767,
          1115,
          8365,
          4769
        ]
      ]
    }
  },
  "run_timestamp": "20251226_200005_633099",
  "params_hash": "67238694c41209313456858fb9c2fb6e9754be5fdc2f8f859dfae888a43b0105"
}