{
  "best_epoch": 0,
  "best_val_loss": null,
  "total_seconds": 2.965311378997285,
  "epochs": [],
  "train_metrics": {
    "classification": {
      "labels": [
        0,
        1,
        2,
        3,
        4,
        5,
        6,
        7,
        8
      ],
      "accuracy": 0.17247375076640098,
      "balanced_accuracy": 0.18398057538752496,
      "precision_macro": 0.16509840845180218,
      "precision_micro": 0.17247375076640098,
      "precision_weighted": 0.19686331975305102,
      "recall_macro": 0.18398057538752496,
      "recall_micro": 0.17247375076640098,
      "recall_weighted": 0.17247375076640098,
      "f1_macro": 0.15329536028815038,
      "f1_micro": 0.17247375076640098,
      "f1_weighted": 0.16698826934063773,
      "confusion_matrix": [
        [
          4994,
          1009,
          674,
          657,
          609,
          1681,
          327,
          770,
          490
        ],
        [
          3181,
          2170,
          1154,
          828,
          550,
          1902,
          674,
          1824,
          409
        ],
        [
          4423,
          3008,
          2626,
          2130,
          1407,
          4547,
          2064,
          4065,
          1270
        ],
        [
          4132,
          2525,
          1906,
          3704,
          1766,
          6258,
          2093,
          2294,
          1415
        ],
        [
          7759,
          2798,
          2134,
          3178,
          2325,
          6970,
          1812,
          2972,
          2089
        ],
        [
          6768,
          2935,
          2309,
          3865,
          2430,
          12194,
          4124,
          4941,
          1784
        ],
        [
          7852,
          3104,
          1982,
          3120,
          2052,
          8649,
          4230,
          5365,
          2342
        ],
        [
          2343,
          1368,
          1071,
          794,
          656,
          3108,
          1543,
          3064,
          996
        ],
        [
          1233,
          544,
          538,
          429,
          270,
          1503,
          454,
          535,
          700
        ]
      ]
    }
  },
  "test_metrics": {
    "classification": {
      "labels": [
        0,
        1,
        2,
        3,
        4,
        5,
        6,
        7,
        8
      ],
      "accuracy": 0.17056732832618027,
      "balanced_accuracy": 0.18256594659686817,
      "precision_macro": 0.1632198143604777,
      "precision_micro": 0.17056732832618027,
      "precision_weighted": 0.19333595219806943,
      "recall_macro": 0.18256594659686817,
      "recall_micro": 0.17056732832618027,
      "recall_weighted": 0.17056732832618027,
      "f1_macro": 0.1523660838346822,
      "f1_micro": 0.17056732832618027,
      "f1_weighted": 0.16463892640172098,
      "confusion_matrix": [
        [
          2102,
          451,
          302,
          248,
          270,
          750,
          173,
          375,
          195
        ],
        [
          1324,
          954,
          493,
          378,
          242,
          807,
          292,
          805,
          187
        ],
        [
          1925,
          1228,
          1202,
          899,
          656,
          1932,
          895,
          1775,
          529
        ],
        [
          1788,
          1085,
          893,
          1517,
          787,
          2632,
          928,
          976,
          581
        ],
        [
          3187,
          1187,
          892,
          1344,
          984,
          2975,
          810,
          1323,
          929
        ],
        [
          2816,
          1264,
          1010,
          1676,
          1067,
          5140,
          1614,
          2009,
          770
        ],
        [
          3379,
          1435,
          874,
          1446,
          912,
          3665,
          1710,
          2317,
          1020
        ],
        [
          1019,
          588,
          483,
          355,
          286,
          1342,
          628,
          1348,
          444
        ],
        [
          529,
          235,
          237,
          163,
          104,
          687,
          177,
          212,
          304
        ]
      ]
    }
  },
  "run_timestamp": "20251227_011527_879681",
  "params_hash": "46fcd22de14774eb449eaf3ef7e6e95f18bebf8732b7960b2b32c0ca07e9e670"
}