{
  "best_epoch": 0,
  "best_val_loss": null,
  "total_seconds": 2.9772833450115286,
  "epochs": [],
  "train_metrics": {
    "classification": {
      "labels": [
        0,
        1,
        2,
        3,
        4,
        5,
        6,
        7,
        8
      ],
      "accuracy": 0.18140711220110362,
      "balanced_accuracy": 0.2046184297471849,
      "precision_macro": 0.18213002258783711,
      "precision_micro": 0.18140711220110362,
      "precision_weighted": 0.21827567987015659,
      "recall_macro": 0.2046184297471849,
      "recall_micro": 0.18140711220110362,
      "recall_weighted": 0.18140711220110362,
      "f1_macro": 0.15848723799359063,
      "f1_micro": 0.18140711220110362,
      "f1_weighted": 0.17687911452940672,
      "confusion_matrix": [
        [
          5337,
          796,
          392,
          202,
          657,
          1364,
          614,
          410,
          1439
        ],
        [
          3415,
          2081,
          625,
          385,
          689,
          1878,
          989,
          858,
          1772
        ],
        [
          5059,
          2845,
          1445,
          787,
          2323,
          5040,
          2743,
          2091,
          3207
        ],
        [
          5186,
          2198,
          796,
          1507,
          2701,
          6075,
          3063,
          1452,
          3115
        ],
        [
          8252,
          2521,
          1111,
          825,
          4770,
          5744,
          3281,
          1201,
          4332
        ],
        [
          7830,
          2766,
          1511,
          1519,
          2606,
          11958,
          5673,
          2185,
          5302
        ],
        [
          7474,
          2717,
          1421,
          940,
          3078,
          7605,
          6958,
          2597,
          5906
        ],
        [
          2289,
          1096,
          703,
          374,
          1185,
          3094,
          1992,
          1545,
          2665
        ],
        [
          1184,
          439,
          263,
          94,
          323,
          865,
          653,
          114,
          2271
        ]
      ]
    }
  },
  "test_metrics": {
    "classification": {
      "labels": [
        0,
        1,
        2,
        3,
        4,
        5,
        6,
        7,
        8
      ],
      "accuracy": 0.18069340128755365,
      "balanced_accuracy": 0.20466303904801764,
      "precision_macro": 0.1815998814145688,
      "precision_micro": 0.18069340128755365,
      "precision_weighted": 0.21710907868432067,
      "recall_macro": 0.20466303904801764,
      "recall_micro": 0.18069340128755365,
      "recall_weighted": 0.18069340128755365,
      "f1_macro": 0.15851011781628566,
      "f1_micro": 0.18069340128755365,
      "f1_weighted": 0.1760780283684168,
      "confusion_matrix": [
        [
          2258,
          329,
          164,
          78,
          312,
          636,
          291,
          200,
          598
        ],
        [
          1495,
          895,
          233,
          163,
          304,
          812,
          407,
          373,
          800
        ],
        [
          2270,
          1221,
          628,
          395,
          971,
          2173,
          1143,
          938,
          1302
        ],
        [
          2279,
          970,
          358,
          673,
          1155,
          2467,
          1305,
          710,
          1270
        ],
        [
          3296,
          1116,
          453,
          379,
          2076,
          2533,
          1464,
          492,
          1822
        ],
        [
          3255,
          1228,
          605,
          630,
          1173,
          5037,
          2310,
          883,
          2245
        ],
        [
          3302,
          1209,
          629,
          456,
          1327,
          3301,
          2946,
          1096,
          2492
        ],
        [
          995,
          452,
          369,
          172,
          551,
          1342,
          792,
          649,
          1171
        ],
        [
          508,
          183,
          109,
          32,
          123,
          386,
          250,
          52,
          1005
        ]
      ]
    }
  },
  "run_timestamp": "20251227_011434_485942",
  "params_hash": "afe733ed5e168eb007be14d541ee877d56410699a547eb431d9397a33611b6b3"
}