{
  "best_epoch": 0,
  "best_val_loss": null,
  "total_seconds": 0.043086743011372164,
  "epochs": [],
  "train_metrics": {
    "classification": {
      "labels": [
        0,
        1,
        2,
        3,
        4
      ],
      "accuracy": 0.2855654761904762,
      "balanced_accuracy": 0.26563623665057157,
      "precision_macro": 0.2643693185443147,
      "precision_micro": 0.2855654761904762,
      "precision_weighted": 0.2912844362220486,
      "recall_macro": 0.26563623665057157,
      "recall_micro": 0.2855654761904762,
      "recall_weighted": 0.2855654761904762,
      "f1_macro": 0.26075361575625855,
      "f1_micro": 0.2855654761904762,
      "f1_weighted": 0.2851449038003542,
      "confusion_matrix": [
        [
          256,
          281,
          103,
          299,
          266
        ],
        [
          377,
          824,
          275,
          479,
          704
        ],
        [
          312,
          394,
          333,
          430,
          669
        ],
        [
          475,
          693,
          397,
          982,
          1107
        ],
        [
          483,
          755,
          325,
          778,
          1443
        ]
      ]
    }
  },
  "test_metrics": {
    "classification": {
      "labels": [
        0,
        1,
        2,
        3,
        4
      ],
      "accuracy": 0.2677083333333333,
      "balanced_accuracy": 0.2505573770006742,
      "precision_macro": 0.24665805083095674,
      "precision_micro": 0.2677083333333333,
      "precision_weighted": 0.2725354403716734,
      "recall_macro": 0.2505573770006742,
      "recall_micro": 0.2677083333333333,
      "recall_weighted": 0.2677083333333333,
      "f1_macro": 0.24455099963255686,
      "f1_micro": 0.2677083333333333,
      "f1_weighted": 0.26728099860404364,
      "confusion_matrix": [
        [
          103,
          109,
          39,
          132,
          107
        ],
        [
          145,
          351,
          127,
          208,
          320
        ],
        [
          131,
          191,
          128,
          204,
          283
        ],
        [
          193,
          292,
          193,
          393,
          480
        ],
        [
          241,
          328,
          147,
          348,
          567
        ]
      ]
    }
  },
  "run_timestamp": "20251208_141656_986747",
  "params_hash": "23336527748e7629904a0c557f95c3fafd0d43ebb2fa972a0c32e0d0822f28ad"
}