{
  "best_epoch": 0,
  "best_val_loss": null,
  "total_seconds": 1.5776279279962182,
  "epochs": [],
  "train_metrics": {
    "classification": {
      "labels": [
        0,
        1,
        2,
        3,
        4
      ],
      "accuracy": 0.3176205165542612,
      "balanced_accuracy": 0.28894055309160555,
      "precision_macro": 0.28067719595639173,
      "precision_micro": 0.3176205165542612,
      "precision_weighted": 0.3188579624619192,
      "recall_macro": 0.28894055309160555,
      "recall_micro": 0.3176205165542612,
      "recall_weighted": 0.3176205165542612,
      "f1_macro": 0.2670642322598136,
      "f1_micro": 0.3176205165542612,
      "f1_weighted": 0.30689798660299744,
      "confusion_matrix": [
        [
          7244,
          3609,
          573,
          4440,
          1994
        ],
        [
          7556,
          10709,
          2144,
          15898,
          7006
        ],
        [
          6061,
          4562,
          2337,
          11153,
          3164
        ],
        [
          12194,
          10307,
          4123,
          35904,
          10217
        ],
        [
          9342,
          6325,
          2087,
          19704,
          10115
        ]
      ]
    }
  },
  "test_metrics": {
    "classification": {
      "labels": [
        0,
        1,
        2,
        3,
        4
      ],
      "accuracy": 0.3174959763948498,
      "balanced_accuracy": 0.2892967300929533,
      "precision_macro": 0.28214284257729705,
      "precision_micro": 0.3174959763948498,
      "precision_weighted": 0.3187539264825357,
      "recall_macro": 0.2892967300929533,
      "recall_micro": 0.3174959763948498,
      "recall_weighted": 0.3174959763948498,
      "f1_macro": 0.26847773816099474,
      "f1_micro": 0.3174959763948498,
      "f1_weighted": 0.3067619546781513,
      "confusion_matrix": [
        [
          3104,
          1548,
          253,
          1991,
          874
        ],
        [
          3240,
          4673,
          930,
          6794,
          3028
        ],
        [
          2503,
          1911,
          1032,
          4795,
          1393
        ],
        [
          5047,
          4438,
          1756,
          15173,
          4293
        ],
        [
          4075,
          2762,
          943,
          8491,
          4425
        ]
      ]
    }
  },
  "run_timestamp": "20251227_011531_272134",
  "params_hash": "52c1f7eb6eed377e7a7473ea4b8a9b5b7a0afc126436f8209d692416a6ed7448"
}