{
  "best_epoch": 0,
  "best_val_loss": null,
  "total_seconds": 3.006914092984516,
  "epochs": [],
  "train_metrics": {
    "classification": {
      "labels": [
        0,
        1,
        2,
        3,
        4
      ],
      "accuracy": 0.28763028816676883,
      "balanced_accuracy": 0.27564452004686385,
      "precision_macro": 0.26973031161202915,
      "precision_micro": 0.28763028816676883,
      "precision_weighted": 0.2950365070972137,
      "recall_macro": 0.27564452004686385,
      "recall_micro": 0.28763028816676883,
      "recall_weighted": 0.28763028816676883,
      "f1_macro": 0.2655738184705476,
      "f1_micro": 0.28763028816676883,
      "f1_weighted": 0.28647963813366145,
      "confusion_matrix": [
        [
          5530,
          2739,
          1744,
          2637,
          5596
        ],
        [
          6974,
          9744,
          4042,
          8193,
          12473
        ],
        [
          5538,
          4933,
          5362,
          7072,
          10696
        ],
        [
          8753,
          9069,
          5700,
          15962,
          17210
        ],
        [
          7832,
          8482,
          7042,
          11995,
          23450
        ]
      ]
    }
  },
  "test_metrics": {
    "classification": {
      "labels": [
        0,
        1,
        2,
        3,
        4
      ],
      "accuracy": 0.2909625357653791,
      "balanced_accuracy": 0.27778397550446193,
      "precision_macro": 0.2721277923386444,
      "precision_micro": 0.2909625357653791,
      "precision_weighted": 0.297472517881449,
      "recall_macro": 0.27778397550446193,
      "recall_micro": 0.2909625357653791,
      "recall_weighted": 0.2909625357653791,
      "f1_macro": 0.2678504403301772,
      "f1_micro": 0.2909625357653791,
      "f1_weighted": 0.28934867466453995,
      "confusion_matrix": [
        [
          2493,
          1180,
          749,
          1173,
          2488
        ],
        [
          2928,
          4178,
          1739,
          3570,
          5341
        ],
        [
          2427,
          2078,
          2156,
          3025,
          4478
        ],
        [
          3818,
          3725,
          2308,
          6999,
          7307
        ],
        [
          3479,
          3549,
          2909,
          5168,
          10207
        ]
      ]
    }
  },
  "run_timestamp": "20251226_200229_266961",
  "params_hash": "fcd25379b925f46e7b1cd8fa86023e59a91aa0e5fa9b226d562538beb87e9042"
}