{
  "best_epoch": 0,
  "best_val_loss": null,
  "total_seconds": 0.022246103995712474,
  "epochs": [],
  "train_metrics": {
    "classification": {
      "labels": [
        0,
        1,
        2,
        3,
        4,
        5,
        6,
        7,
        8
      ],
      "accuracy": 0.16748511904761904,
      "balanced_accuracy": 0.16547846542082706,
      "precision_macro": 0.1375205540767408,
      "precision_micro": 0.16748511904761904,
      "precision_weighted": 0.1684525114503543,
      "recall_macro": 0.16547846542082706,
      "recall_micro": 0.16748511904761904,
      "recall_weighted": 0.16748511904761904,
      "f1_macro": 0.11194984828920863,
      "f1_micro": 0.16748511904761904,
      "f1_weighted": 0.12568370002391402,
      "confusion_matrix": [
        [
          329,
          76,
          63,
          1,
          2,
          154,
          23,
          87,
          0
        ],
        [
          203,
          146,
          101,
          1,
          8,
          224,
          23,
          123,
          0
        ],
        [
          405,
          188,
          199,
          7,
          13,
          470,
          47,
          324,
          0
        ],
        [
          372,
          160,
          168,
          12,
          23,
          626,
          58,
          258,
          0
        ],
        [
          591,
          201,
          168,
          18,
          15,
          684,
          57,
          298,
          0
        ],
        [
          447,
          169,
          232,
          13,
          28,
          1224,
          101,
          429,
          0
        ],
        [
          533,
          221,
          215,
          13,
          19,
          941,
          103,
          431,
          0
        ],
        [
          163,
          79,
          109,
          1,
          13,
          362,
          37,
          223,
          0
        ],
        [
          102,
          23,
          50,
          2,
          2,
          148,
          35,
          46,
          0
        ]
      ]
    }
  },
  "test_metrics": {
    "classification": {
      "labels": [
        0,
        1,
        2,
        3,
        4,
        5,
        6,
        7,
        8
      ],
      "accuracy": 0.16319444444444445,
      "balanced_accuracy": 0.16671639520322748,
      "precision_macro": 0.13018322959267012,
      "precision_micro": 0.16319444444444445,
      "precision_weighted": 0.16339812264034598,
      "recall_macro": 0.16671639520322748,
      "recall_micro": 0.16319444444444445,
      "recall_weighted": 0.16319444444444445,
      "f1_macro": 0.1092892966830226,
      "f1_micro": 0.16319444444444445,
      "f1_weighted": 0.12194177542065218,
      "confusion_matrix": [
        [
          139,
          27,
          32,
          1,
          5,
          55,
          7,
          34,
          0
        ],
        [
          82,
          61,
          40,
          0,
          4,
          85,
          8,
          61,
          0
        ],
        [
          147,
          97,
          82,
          1,
          8,
          198,
          17,
          152,
          0
        ],
        [
          161,
          82,
          74,
          4,
          5,
          276,
          17,
          104,
          0
        ],
        [
          283,
          79,
          76,
          9,
          4,
          310,
          25,
          122,
          0
        ],
        [
          180,
          90,
          123,
          5,
          10,
          508,
          35,
          186,
          0
        ],
        [
          263,
          88,
          106,
          9,
          11,
          383,
          47,
          187,
          0
        ],
        [
          70,
          30,
          47,
          0,
          2,
          132,
          17,
          95,
          0
        ],
        [
          32,
          12,
          21,
          0,
          0,
          63,
          12,
          22,
          0
        ]
      ]
    }
  },
  "run_timestamp": "20251208_104328_016657",
  "params_hash": "3db2d86409d911636c319753b93900dd417a09ad8fab58e32ce07b3ac237ed54"
}