{
  "best_epoch": 0,
  "best_val_loss": null,
  "total_seconds": 49.14656893000938,
  "epochs": [],
  "train_metrics": {
    "classification": {
      "labels": [
        0,
        1,
        2,
        3,
        4,
        5,
        6,
        7,
        8
      ],
      "accuracy": 0.26571122011036175,
      "balanced_accuracy": 0.31505050745682145,
      "precision_macro": 0.260351051933845,
      "precision_micro": 0.26571122011036175,
      "precision_weighted": 0.29893766570142977,
      "recall_macro": 0.31505050745682145,
      "recall_micro": 0.26571122011036175,
      "recall_weighted": 0.26571122011036175,
      "f1_macro": 0.2560151047772251,
      "f1_micro": 0.26571122011036175,
      "f1_weighted": 0.26573700716051163,
      "confusion_matrix": [
        [
          6511,
          1054,
          475,
          252,
          425,
          342,
          330,
          455,
          1367
        ],
        [
          2819,
          2959,
          1450,
          714,
          385,
          1239,
          835,
          909,
          1382
        ],
        [
          2797,
          2466,
          5077,
          3561,
          2338,
          2694,
          2119,
          1940,
          2548
        ],
        [
          1737,
          1823,
          2781,
          7263,
          2671,
          4565,
          2081,
          1111,
          2061
        ],
        [
          4746,
          2096,
          2179,
          4140,
          6866,
          4206,
          2199,
          1695,
          3910
        ],
        [
          2426,
          2252,
          3133,
          5603,
          4044,
          12279,
          4450,
          2931,
          4232
        ],
        [
          3971,
          2809,
          2142,
          3283,
          3764,
          5703,
          7703,
          3057,
          6264
        ],
        [
          1862,
          1501,
          724,
          886,
          856,
          2069,
          1264,
          2801,
          2980
        ],
        [
          559,
          400,
          79,
          166,
          191,
          186,
          345,
          267,
          4013
        ]
      ]
    }
  },
  "test_metrics": {
    "classification": {
      "labels": [
        0,
        1,
        2,
        3,
        4,
        5,
        6,
        7,
        8
      ],
      "accuracy": 0.2659826537911302,
      "balanced_accuracy": 0.31216024941857173,
      "precision_macro": 0.26120909532265546,
      "precision_micro": 0.2659826537911302,
      "precision_weighted": 0.30067935076995445,
      "recall_macro": 0.31216024941857173,
      "recall_micro": 0.2659826537911302,
      "recall_weighted": 0.2659826537911302,
      "f1_macro": 0.25576348419611217,
      "f1_micro": 0.2659826537911302,
      "f1_weighted": 0.26703174255711987,
      "confusion_matrix": [
        [
          2698,
          489,
          196,
          113,
          185,
          171,
          151,
          229,
          634
        ],
        [
          1227,
          1234,
          656,
          326,
          175,
          548,
          360,
          402,
          554
        ],
        [
          1178,
          1081,
          2199,
          1501,
          986,
          1175,
          951,
          874,
          1096
        ],
        [
          817,
          783,
          1190,
          3071,
          1097,
          1978,
          884,
          520,
          847
        ],
        [
          1877,
          931,
          911,
          1668,
          3051,
          1827,
          981,
          691,
          1694
        ],
        [
          1088,
          949,
          1273,
          2293,
          1732,
          5247,
          1829,
          1169,
          1786
        ],
        [
          1696,
          1228,
          850,
          1504,
          1687,
          2395,
          3365,
          1276,
          2757
        ],
        [
          852,
          622,
          370,
          356,
          365,
          883,
          498,
          1244,
          1303
        ],
        [
          252,
          150,
          38,
          85,
          77,
          93,
          140,
          124,
          1689
        ]
      ]
    }
  },
  "run_timestamp": "20251227_012434_988334",
  "params_hash": "5f8fe5d4afd08b24e153cf6c0b5cdbc388dbe0cd967d6d188376b1fb89a929b6"
}