{
  "best_epoch": 0,
  "best_val_loss": null,
  "total_seconds": 0.09827857899654191,
  "epochs": [],
  "train_metrics": {
    "classification": {
      "labels": [
        0,
        1,
        2,
        3,
        4,
        5,
        6,
        7,
        8
      ],
      "accuracy": 0.1773809523809524,
      "balanced_accuracy": 0.20470013863856706,
      "precision_macro": 0.177419839273886,
      "precision_micro": 0.1773809523809524,
      "precision_weighted": 0.2086285291359844,
      "recall_macro": 0.20470013863856706,
      "recall_micro": 0.1773809523809524,
      "recall_weighted": 0.1773809523809524,
      "f1_macro": 0.1597358460325559,
      "f1_micro": 0.1773809523809524,
      "f1_weighted": 0.1748315844788475,
      "confusion_matrix": [
        [
          283,
          44,
          19,
          35,
          34,
          77,
          47,
          56,
          140
        ],
        [
          148,
          70,
          36,
          51,
          36,
          147,
          87,
          80,
          174
        ],
        [
          239,
          98,
          121,
          114,
          105,
          350,
          212,
          135,
          279
        ],
        [
          223,
          56,
          88,
          243,
          111,
          309,
          185,
          138,
          324
        ],
        [
          361,
          95,
          112,
          186,
          172,
          354,
          172,
          157,
          423
        ],
        [
          287,
          77,
          115,
          275,
          147,
          783,
          302,
          193,
          464
        ],
        [
          366,
          84,
          106,
          179,
          149,
          488,
          367,
          183,
          554
        ],
        [
          110,
          62,
          32,
          56,
          34,
          206,
          125,
          153,
          209
        ],
        [
          51,
          20,
          6,
          22,
          17,
          62,
          24,
          14,
          192
        ]
      ]
    }
  },
  "test_metrics": {
    "classification": {
      "labels": [
        0,
        1,
        2,
        3,
        4,
        5,
        6,
        7,
        8
      ],
      "accuracy": 0.1720486111111111,
      "balanced_accuracy": 0.19615457125816133,
      "precision_macro": 0.1680183383160989,
      "precision_micro": 0.1720486111111111,
      "precision_weighted": 0.20724341511194563,
      "recall_macro": 0.19615457125816133,
      "recall_micro": 0.1720486111111111,
      "recall_weighted": 0.1720486111111111,
      "f1_macro": 0.15023594658297312,
      "f1_micro": 0.1720486111111111,
      "f1_weighted": 0.17108422724657896,
      "confusion_matrix": [
        [
          114,
          19,
          9,
          11,
          16,
          31,
          16,
          28,
          56
        ],
        [
          61,
          16,
          16,
          20,
          12,
          69,
          39,
          41,
          67
        ],
        [
          88,
          27,
          50,
          62,
          34,
          161,
          91,
          77,
          112
        ],
        [
          104,
          21,
          40,
          107,
          51,
          116,
          89,
          54,
          141
        ],
        [
          165,
          33,
          50,
          99,
          78,
          159,
          84,
          69,
          171
        ],
        [
          119,
          42,
          44,
          130,
          61,
          323,
          120,
          98,
          200
        ],
        [
          184,
          52,
          56,
          75,
          59,
          200,
          178,
          81,
          209
        ],
        [
          47,
          17,
          10,
          22,
          17,
          90,
          54,
          51,
          85
        ],
        [
          27,
          4,
          2,
          9,
          6,
          17,
          15,
          8,
          74
        ]
      ]
    }
  },
  "run_timestamp": "20251208_104918_339499",
  "params_hash": "62eb89c3bc740baa36e79a0e59a2612acec9c84d0f38dfc3af8dcada6f373e8b"
}