{
  "best_epoch": 0,
  "best_val_loss": null,
  "total_seconds": 0.0246010780101642,
  "epochs": [],
  "train_metrics": {
    "classification": {
      "labels": [
        0,
        1,
        2
      ],
      "accuracy": 0.4476934523809524,
      "balanced_accuracy": 0.3966506352875559,
      "precision_macro": 0.41621680854795456,
      "precision_micro": 0.4476934523809524,
      "precision_weighted": 0.43725181576714395,
      "recall_macro": 0.3966506352875559,
      "recall_micro": 0.4476934523809524,
      "recall_weighted": 0.4476934523809524,
      "f1_macro": 0.3982066374814777,
      "f1_micro": 0.4476934523809524,
      "f1_weighted": 0.43698021865301295,
      "confusion_matrix": [
        [
          436,
          780,
          1152
        ],
        [
          478,
          2422,
          2523
        ],
        [
          419,
          2071,
          3159
        ]
      ]
    }
  },
  "test_metrics": {
    "classification": {
      "labels": [
        0,
        1,
        2
      ],
      "accuracy": 0.4479166666666667,
      "balanced_accuracy": 0.3924586893067725,
      "precision_macro": 0.407191722262456,
      "precision_micro": 0.4479166666666667,
      "precision_weighted": 0.4364163718141007,
      "recall_macro": 0.3924586893067725,
      "recall_micro": 0.4479166666666667,
      "recall_weighted": 0.4479166666666667,
      "f1_macro": 0.3929777992644224,
      "f1_micro": 0.4479166666666667,
      "f1_weighted": 0.43722235662499853,
      "confusion_matrix": [
        [
          167,
          300,
          495
        ],
        [
          226,
          1028,
          1108
        ],
        [
          183,
          868,
          1385
        ]
      ]
    }
  },
  "run_timestamp": "20251208_141512_667926",
  "params_hash": "10cf16dd2dc5e4221a1c34d52c4f6be76d8909159c5985356a04c29c9498c256"
}