{
  "best_epoch": 0,
  "best_val_loss": null,
  "total_seconds": 0.2862052550044609,
  "epochs": [],
  "train_metrics": {
    "classification": {
      "labels": [
        0,
        1,
        2,
        3,
        4,
        5,
        6,
        7,
        8
      ],
      "accuracy": 0.2008184523809524,
      "balanced_accuracy": 0.23651880011855025,
      "precision_macro": 0.21393516040334248,
      "precision_micro": 0.2008184523809524,
      "precision_weighted": 0.23988214617112663,
      "recall_macro": 0.23651880011855025,
      "recall_micro": 0.2008184523809524,
      "recall_weighted": 0.2008184523809524,
      "f1_macro": 0.1886906499104063,
      "f1_micro": 0.2008184523809524,
      "f1_weighted": 0.19333363643160523,
      "confusion_matrix": [
        [
          170,
          106,
          20,
          88,
          20,
          44,
          31,
          18,
          210
        ],
        [
          56,
          316,
          31,
          101,
          43,
          70,
          66,
          34,
          222
        ],
        [
          98,
          268,
          83,
          283,
          95,
          160,
          191,
          32,
          288
        ],
        [
          108,
          200,
          77,
          503,
          157,
          193,
          164,
          40,
          382
        ],
        [
          214,
          235,
          65,
          398,
          332,
          225,
          230,
          73,
          541
        ],
        [
          120,
          128,
          45,
          241,
          127,
          298,
          155,
          36,
          327
        ],
        [
          168,
          351,
          63,
          380,
          211,
          285,
          516,
          95,
          519
        ],
        [
          123,
          197,
          40,
          186,
          108,
          106,
          202,
          102,
          405
        ],
        [
          30,
          49,
          10,
          87,
          41,
          14,
          6,
          9,
          379
        ]
      ]
    }
  },
  "test_metrics": {
    "classification": {
      "labels": [
        0,
        1,
        2,
        3,
        4,
        5,
        6,
        7,
        8
      ],
      "accuracy": 0.18680555555555556,
      "balanced_accuracy": 0.22609543622597184,
      "precision_macro": 0.19127565172536998,
      "precision_micro": 0.18680555555555556,
      "precision_weighted": 0.21735542692012874,
      "recall_macro": 0.22609543622597184,
      "recall_micro": 0.18680555555555556,
      "recall_weighted": 0.18680555555555556,
      "f1_macro": 0.17285478127504803,
      "f1_micro": 0.18680555555555556,
      "f1_weighted": 0.17836947840761555,
      "confusion_matrix": [
        [
          62,
          30,
          10,
          35,
          13,
          16,
          10,
          8,
          84
        ],
        [
          25,
          138,
          12,
          47,
          19,
          20,
          38,
          14,
          83
        ],
        [
          49,
          103,
          27,
          129,
          47,
          58,
          89,
          19,
          126
        ],
        [
          45,
          102,
          27,
          215,
          62,
          77,
          81,
          22,
          170
        ],
        [
          92,
          108,
          33,
          168,
          126,
          102,
          110,
          27,
          236
        ],
        [
          47,
          74,
          22,
          123,
          64,
          105,
          74,
          22,
          107
        ],
        [
          76,
          157,
          22,
          152,
          105,
          106,
          230,
          44,
          240
        ],
        [
          52,
          78,
          20,
          87,
          45,
          58,
          95,
          36,
          175
        ],
        [
          14,
          18,
          3,
          26,
          15,
          7,
          7,
          3,
          137
        ]
      ]
    }
  },
  "run_timestamp": "20251208_102838_420665",
  "params_hash": "9164246841b9aa9ec1596095de5eefc7617b889e642f3b769f5ee1798871c415"
}