{
  "best_epoch": 0,
  "best_val_loss": null,
  "total_seconds": 3.7951863869966473,
  "epochs": [],
  "train_metrics": {
    "classification": {
      "labels": [
        0,
        1,
        2,
        3,
        4
      ],
      "accuracy": 0.3270759886572655,
      "balanced_accuracy": 0.31249952486125177,
      "precision_macro": 0.2954383590721059,
      "precision_micro": 0.3270759886572655,
      "precision_weighted": 0.3315633507473598,
      "recall_macro": 0.31249952486125177,
      "recall_micro": 0.3270759886572655,
      "recall_weighted": 0.3270759886572655,
      "f1_macro": 0.2890361724901497,
      "f1_micro": 0.3270759886572655,
      "f1_weighted": 0.32049191098898594,
      "confusion_matrix": [
        [
          8428,
          2517,
          900,
          3156,
          2859
        ],
        [
          7660,
          8781,
          3944,
          15052,
          7876
        ],
        [
          6118,
          3218,
          4150,
          9823,
          3968
        ],
        [
          10124,
          8252,
          6922,
          34457,
          12990
        ],
        [
          8907,
          4727,
          3324,
          18148,
          12467
        ]
      ]
    }
  },
  "test_metrics": {
    "classification": {
      "labels": [
        0,
        1,
        2,
        3,
        4
      ],
      "accuracy": 0.3256773068669528,
      "balanced_accuracy": 0.31036267987029414,
      "precision_macro": 0.2942790855589628,
      "precision_micro": 0.3256773068669528,
      "precision_weighted": 0.32933693489448546,
      "recall_macro": 0.31036267987029414,
      "recall_micro": 0.3256773068669528,
      "recall_weighted": 0.3256773068669528,
      "f1_macro": 0.28741177887042857,
      "f1_micro": 0.3256773068669528,
      "f1_weighted": 0.31833660200153135,
      "confusion_matrix": [
        [
          3609,
          1109,
          380,
          1474,
          1198
        ],
        [
          3382,
          3695,
          1670,
          6569,
          3349
        ],
        [
          2575,
          1443,
          1761,
          4119,
          1736
        ],
        [
          4168,
          3453,
          2831,
          14724,
          5531
        ],
        [
          4014,
          1988,
          1502,
          7842,
          5350
        ]
      ]
    }
  },
  "run_timestamp": "20251227_011958_874187",
  "params_hash": "c62da4c3b89205691e2ce3c9d24181338aa82aedc9140588f63de137129fda24"
}