{
  "best_epoch": 0,
  "best_val_loss": null,
  "total_seconds": 1.5636276630102657,
  "epochs": [],
  "train_metrics": {
    "classification": {
      "labels": [
        0,
        1,
        2,
        3,
        4
      ],
      "accuracy": 0.2843587139791539,
      "balanced_accuracy": 0.2658508477570966,
      "precision_macro": 0.25924902623280144,
      "precision_micro": 0.2843587139791539,
      "precision_weighted": 0.2842603949410098,
      "recall_macro": 0.2658508477570966,
      "recall_micro": 0.2843587139791539,
      "recall_weighted": 0.2843587139791539,
      "f1_macro": 0.25087919562867916,
      "f1_micro": 0.2843587139791539,
      "f1_weighted": 0.27232167399613666,
      "confusion_matrix": [
        [
          5007,
          2849,
          1935,
          2342,
          6113
        ],
        [
          6641,
          8896,
          4534,
          6368,
          14987
        ],
        [
          5292,
          5783,
          4711,
          5616,
          12199
        ],
        [
          8482,
          8449,
          5443,
          10849,
          23471
        ],
        [
          6808,
          7904,
          5625,
          8562,
          29902
        ]
      ]
    }
  },
  "test_metrics": {
    "classification": {
      "labels": [
        0,
        1,
        2,
        3,
        4
      ],
      "accuracy": 0.28336239270386265,
      "balanced_accuracy": 0.2651804890495634,
      "precision_macro": 0.2577161068306575,
      "precision_micro": 0.28336239270386265,
      "precision_weighted": 0.28175912627294375,
      "recall_macro": 0.2651804890495634,
      "recall_micro": 0.28336239270386265,
      "recall_weighted": 0.28336239270386265,
      "f1_macro": 0.25020583316547185,
      "f1_micro": 0.28336239270386265,
      "f1_weighted": 0.27099004947488237,
      "confusion_matrix": [
        [
          2271,
          1295,
          840,
          964,
          2713
        ],
        [
          2812,
          3794,
          1932,
          2900,
          6318
        ],
        [
          2356,
          2439,
          1953,
          2324,
          5092
        ],
        [
          3714,
          3559,
          2305,
          4516,
          10063
        ],
        [
          2908,
          3395,
          2510,
          3680,
          12819
        ]
      ]
    }
  },
  "run_timestamp": "20251226_201541_645673",
  "params_hash": "7ced3e311e96e804efd94fe277e702638d81659734a95709429acbef4f7df05f"
}