{
  "best_epoch": 0,
  "best_val_loss": null,
  "total_seconds": 16.43542875701678,
  "epochs": [],
  "train_metrics": {
    "classification": {
      "labels": [
        0,
        1,
        2,
        3,
        4,
        5,
        6,
        7,
        8
      ],
      "accuracy": 0.19780330318822809,
      "balanced_accuracy": 0.22602817847356413,
      "precision_macro": 0.20023169791089349,
      "precision_micro": 0.19780330318822809,
      "precision_weighted": 0.22821894868876585,
      "recall_macro": 0.22602817847356413,
      "recall_micro": 0.19780330318822809,
      "recall_weighted": 0.19780330318822809,
      "f1_macro": 0.18953141465299625,
      "f1_micro": 0.19780330318822809,
      "f1_weighted": 0.19747060372464675,
      "confusion_matrix": [
        [
          3262,
          1255,
          495,
          827,
          712,
          689,
          562,
          585,
          2172
        ],
        [
          2021,
          3448,
          852,
          1363,
          960,
          1167,
          1464,
          886,
          2206
        ],
        [
          2947,
          2745,
          2162,
          3118,
          2759,
          2564,
          2483,
          1054,
          3462
        ],
        [
          3687,
          2501,
          1974,
          5146,
          3848,
          4156,
          2269,
          1644,
          3534
        ],
        [
          5167,
          2761,
          1719,
          3337,
          8271,
          3818,
          3441,
          2046,
          5575
        ],
        [
          3031,
          1943,
          1186,
          2912,
          2234,
          5263,
          1705,
          1044,
          3583
        ],
        [
          4811,
          4294,
          2266,
          3606,
          4962,
          4474,
          6996,
          2658,
          6392
        ],
        [
          3499,
          2340,
          961,
          2260,
          2871,
          1972,
          3183,
          2200,
          3653
        ],
        [
          886,
          851,
          160,
          526,
          736,
          701,
          453,
          495,
          4547
        ]
      ]
    }
  },
  "test_metrics": {
    "classification": {
      "labels": [
        0,
        1,
        2,
        3,
        4,
        5,
        6,
        7,
        8
      ],
      "accuracy": 0.1974360693848355,
      "balanced_accuracy": 0.22573038661265268,
      "precision_macro": 0.19985824207189182,
      "precision_micro": 0.1974360693848355,
      "precision_weighted": 0.22752964810698714,
      "recall_macro": 0.22573038661265268,
      "recall_micro": 0.1974360693848355,
      "recall_weighted": 0.1974360693848355,
      "f1_macro": 0.18911333321585444,
      "f1_micro": 0.1974360693848355,
      "f1_weighted": 0.1971486279631888,
      "confusion_matrix": [
        [
          1369,
          546,
          214,
          372,
          318,
          266,
          266,
          230,
          1005
        ],
        [
          896,
          1520,
          357,
          575,
          415,
          528,
          692,
          366,
          1021
        ],
        [
          1308,
          1153,
          909,
          1349,
          1204,
          1092,
          1065,
          494,
          1451
        ],
        [
          1563,
          1004,
          835,
          2164,
          1568,
          1772,
          950,
          658,
          1502
        ],
        [
          2202,
          1230,
          758,
          1458,
          3442,
          1612,
          1416,
          882,
          2358
        ],
        [
          1318,
          872,
          565,
          1282,
          968,
          2221,
          768,
          406,
          1552
        ],
        [
          1956,
          1817,
          993,
          1573,
          2131,
          1811,
          3129,
          1087,
          2828
        ],
        [
          1448,
          1007,
          435,
          984,
          1303,
          898,
          1357,
          947,
          1535
        ],
        [
          363,
          341,
          62,
          208,
          304,
          290,
          181,
          213,
          1964
        ]
      ]
    }
  },
  "run_timestamp": "20251226_202103_756751",
  "params_hash": "eb6e057151c0c2c31cddd3391c5af0030af1ba7131e84f17095f32235b3d0344"
}