{
  "best_epoch": 0,
  "best_val_loss": null,
  "total_seconds": 2.5349518270231783,
  "epochs": [],
  "train_metrics": {
    "classification": {
      "labels": [
        0,
        1,
        2,
        3,
        4
      ],
      "accuracy": 0.26279761904761906,
      "balanced_accuracy": 0.3472143409121432,
      "precision_macro": 0.4180934026824142,
      "precision_micro": 0.26279761904761906,
      "precision_weighted": 0.4872528080280503,
      "recall_macro": 0.3472143409121432,
      "recall_micro": 0.26279761904761906,
      "recall_weighted": 0.26279761904761906,
      "f1_macro": 0.26581102747426805,
      "f1_micro": 0.26279761904761906,
      "f1_weighted": 0.2713879576236305,
      "confusion_matrix": [
        [
          1071,
          23,
          22,
          14,
          30
        ],
        [
          1683,
          483,
          137,
          114,
          383
        ],
        [
          1086,
          90,
          319,
          81,
          183
        ],
        [
          2516,
          267,
          230,
          728,
          897
        ],
        [
          1822,
          81,
          88,
          161,
          931
        ]
      ]
    }
  },
  "test_metrics": {
    "classification": {
      "labels": [
        0,
        1,
        2,
        3,
        4
      ],
      "accuracy": 0.2029513888888889,
      "balanced_accuracy": 0.2834626230935047,
      "precision_macro": 0.30351443134486616,
      "precision_micro": 0.2029513888888889,
      "precision_weighted": 0.3577316398848781,
      "recall_macro": 0.2834626230935047,
      "recall_micro": 0.2029513888888889,
      "recall_weighted": 0.2029513888888889,
      "f1_macro": 0.1971860519972084,
      "f1_micro": 0.2029513888888889,
      "f1_weighted": 0.19973986253212278,
      "confusion_matrix": [
        [
          414,
          23,
          10,
          9,
          34
        ],
        [
          713,
          141,
          92,
          106,
          138
        ],
        [
          457,
          48,
          90,
          51,
          100
        ],
        [
          1104,
          122,
          132,
          247,
          417
        ],
        [
          864,
          44,
          40,
          87,
          277
        ]
      ]
    }
  },
  "run_timestamp": "20251222_181150_666777",
  "params_hash": "0b9b632c1b4b1c0b93005d978abcfdee7dd45027ed0abb82e95197fb188955da"
}