{
  "best_epoch": 0,
  "best_val_loss": null,
  "total_seconds": 31.98720466697705,
  "epochs": [],
  "train_metrics": {
    "classification": {
      "labels": [
        0,
        1,
        2,
        3,
        4
      ],
      "accuracy": 0.38035522685469036,
      "balanced_accuracy": 0.3892271404496962,
      "precision_macro": 0.3607314773312881,
      "precision_micro": 0.38035522685469036,
      "precision_weighted": 0.3984783347848235,
      "recall_macro": 0.3892271404496962,
      "recall_micro": 0.38035522685469036,
      "recall_weighted": 0.38035522685469036,
      "f1_macro": 0.3607663734829841,
      "f1_micro": 0.38035522685469036,
      "f1_weighted": 0.38209104574011865,
      "confusion_matrix": [
        [
          10371,
          2211,
          763,
          1565,
          2950
        ],
        [
          6984,
          13238,
          4579,
          11154,
          7358
        ],
        [
          4358,
          4283,
          7033,
          7714,
          3889
        ],
        [
          8907,
          10164,
          8872,
          30666,
          14136
        ],
        [
          10084,
          5154,
          3153,
          11084,
          18098
        ]
      ]
    }
  },
  "test_metrics": {
    "classification": {
      "labels": [
        0,
        1,
        2,
        3,
        4
      ],
      "accuracy": 0.37656473533619456,
      "balanced_accuracy": 0.38263476592884116,
      "precision_macro": 0.3574864476056151,
      "precision_micro": 0.37656473533619456,
      "precision_weighted": 0.3935058173982632,
      "recall_macro": 0.38263476592884116,
      "recall_micro": 0.37656473533619456,
      "recall_weighted": 0.37656473533619456,
      "f1_macro": 0.3575010833314295,
      "f1_micro": 0.37656473533619456,
      "f1_weighted": 0.37853883743608147,
      "confusion_matrix": [
        [
          4282,
          1083,
          328,
          723,
          1354
        ],
        [
          2952,
          5791,
          1950,
          4791,
          3181
        ],
        [
          1751,
          1784,
          3021,
          3377,
          1701
        ],
        [
          3727,
          4244,
          3795,
          12894,
          6047
        ],
        [
          4364,
          2377,
          1374,
          4877,
          7704
        ]
      ]
    }
  },
  "run_timestamp": "20251226_201216_496155",
  "params_hash": "4b2a472f1c2143346cfd3d88b30f576bb890c966a90702727c890a26ab67f1d4"
}