{
  "best_epoch": 0,
  "best_val_loss": null,
  "total_seconds": 7.332222894998267,
  "epochs": [],
  "train_metrics": {
    "classification": {
      "labels": [
        0,
        1,
        2,
        3,
        4
      ],
      "accuracy": 0.3289824110974862,
      "balanced_accuracy": 0.3190711244317783,
      "precision_macro": 0.30570485963120714,
      "precision_micro": 0.3289824110974862,
      "precision_weighted": 0.3429453218884148,
      "recall_macro": 0.3190711244317783,
      "recall_micro": 0.3289824110974862,
      "recall_weighted": 0.3289824110974862,
      "f1_macro": 0.29926321880170664,
      "f1_micro": 0.3289824110974862,
      "f1_weighted": 0.3282385417617247,
      "confusion_matrix": [
        [
          7753,
          2569,
          1208,
          3160,
          3170
        ],
        [
          7650,
          8988,
          4858,
          14545,
          7272
        ],
        [
          4689,
          3219,
          6330,
          9281,
          3758
        ],
        [
          10840,
          8179,
          8996,
          32591,
          12139
        ],
        [
          10339,
          4351,
          4142,
          15722,
          13019
        ]
      ]
    }
  },
  "test_metrics": {
    "classification": {
      "labels": [
        0,
        1,
        2,
        3,
        4
      ],
      "accuracy": 0.32320726037195996,
      "balanced_accuracy": 0.3133606795397957,
      "precision_macro": 0.30098488576567944,
      "precision_micro": 0.32320726037195996,
      "precision_weighted": 0.3365672503025539,
      "recall_macro": 0.3133606795397957,
      "recall_micro": 0.32320726037195996,
      "recall_weighted": 0.32320726037195996,
      "f1_macro": 0.29466404933929213,
      "f1_micro": 0.32320726037195996,
      "f1_weighted": 0.3223246576177556,
      "confusion_matrix": [
        [
          3280,
          1159,
          510,
          1417,
          1404
        ],
        [
          3333,
          3904,
          2076,
          6346,
          3006
        ],
        [
          1974,
          1395,
          2641,
          3985,
          1639
        ],
        [
          4465,
          3498,
          3903,
          13588,
          5253
        ],
        [
          4566,
          1949,
          1820,
          6856,
          5505
        ]
      ]
    }
  },
  "run_timestamp": "20251226_200817_834076",
  "params_hash": "3ebf6a6a16b147b640b87e9e6dc6497df371886789a708523db014a38648071e"
}