{
  "best_epoch": 0,
  "best_val_loss": null,
  "total_seconds": 19.63979193600244,
  "epochs": [],
  "train_metrics": {
    "classification": {
      "labels": [
        0,
        1,
        2,
        3,
        4,
        5,
        6,
        7,
        8
      ],
      "accuracy": 0.21041059932556713,
      "balanced_accuracy": 0.24864424647092503,
      "precision_macro": 0.20754095227411457,
      "precision_micro": 0.21041059932556713,
      "precision_weighted": 0.24684725624744874,
      "recall_macro": 0.24864424647092503,
      "recall_micro": 0.21041059932556713,
      "recall_weighted": 0.21041059932556713,
      "f1_macro": 0.19080039269571944,
      "f1_micro": 0.21041059932556713,
      "f1_weighted": 0.20592853903983366,
      "confusion_matrix": [
        [
          6055,
          472,
          589,
          554,
          539,
          640,
          315,
          639,
          1408
        ],
        [
          2920,
          1057,
          1109,
          1058,
          512,
          1731,
          853,
          1226,
          2226
        ],
        [
          4232,
          1260,
          2642,
          3651,
          1884,
          4789,
          1939,
          2095,
          3048
        ],
        [
          3194,
          809,
          2058,
          6874,
          2063,
          5122,
          1721,
          1240,
          3012
        ],
        [
          6128,
          1283,
          1530,
          4344,
          4783,
          4441,
          2265,
          2097,
          5166
        ],
        [
          4715,
          1304,
          1915,
          6334,
          3015,
          12400,
          3157,
          2903,
          5607
        ],
        [
          6556,
          1753,
          1521,
          4660,
          2980,
          6188,
          4625,
          3339,
          7074
        ],
        [
          3128,
          773,
          647,
          1228,
          701,
          2222,
          930,
          2186,
          3128
        ],
        [
          1205,
          160,
          145,
          278,
          248,
          310,
          247,
          308,
          3305
        ]
      ]
    }
  },
  "test_metrics": {
    "classification": {
      "labels": [
        0,
        1,
        2,
        3,
        4,
        5,
        6,
        7,
        8
      ],
      "accuracy": 0.2072715486409156,
      "balanced_accuracy": 0.24505234298480952,
      "precision_macro": 0.20603871671341378,
      "precision_micro": 0.2072715486409156,
      "precision_weighted": 0.2446031987451525,
      "recall_macro": 0.24505234298480952,
      "recall_micro": 0.2072715486409156,
      "recall_weighted": 0.2072715486409156,
      "f1_macro": 0.18862591580413,
      "f1_micro": 0.2072715486409156,
      "f1_weighted": 0.2032262601593432,
      "confusion_matrix": [
        [
          2529,
          211,
          251,
          221,
          264,
          338,
          135,
          288,
          629
        ],
        [
          1268,
          477,
          499,
          464,
          222,
          733,
          363,
          522,
          934
        ],
        [
          1772,
          565,
          1094,
          1569,
          843,
          2159,
          824,
          895,
          1320
        ],
        [
          1426,
          356,
          894,
          2864,
          812,
          2230,
          799,
          537,
          1269
        ],
        [
          2550,
          504,
          571,
          1833,
          2104,
          1934,
          946,
          936,
          2253
        ],
        [
          2007,
          598,
          761,
          2762,
          1227,
          5132,
          1317,
          1158,
          2404
        ],
        [
          2853,
          764,
          682,
          2040,
          1324,
          2603,
          2029,
          1369,
          3094
        ],
        [
          1318,
          344,
          297,
          540,
          308,
          970,
          392,
          903,
          1421
        ],
        [
          505,
          78,
          73,
          111,
          113,
          132,
          99,
          124,
          1413
        ]
      ]
    }
  },
  "run_timestamp": "20251226_200632_979817",
  "params_hash": "af928839d9f6a91aa1fa9f29554e6692118327b409077fd58a0219f7feee88eb"
}