{
  "best_epoch": 0,
  "best_val_loss": null,
  "total_seconds": 50.15159643899824,
  "epochs": [],
  "train_metrics": {
    "classification": {
      "labels": [
        0,
        1,
        2,
        3,
        4,
        5,
        6,
        7,
        8
      ],
      "accuracy": 0.23859978540772533,
      "balanced_accuracy": 0.2850241131258673,
      "precision_macro": 0.24420760561827543,
      "precision_micro": 0.23859978540772533,
      "precision_weighted": 0.271876279641713,
      "recall_macro": 0.2850241131258673,
      "recall_micro": 0.23859978540772533,
      "recall_weighted": 0.23859978540772533,
      "f1_macro": 0.2353100908357512,
      "f1_micro": 0.23859978540772533,
      "f1_weighted": 0.23527802065024211,
      "confusion_matrix": [
        [
          3602,
          1802,
          407,
          812,
          465,
          505,
          355,
          609,
          2002
        ],
        [
          1444,
          6175,
          981,
          897,
          595,
          806,
          1243,
          773,
          1453
        ],
        [
          2642,
          3925,
          3145,
          2856,
          2050,
          2447,
          2232,
          1334,
          2663
        ],
        [
          2826,
          3301,
          2053,
          5675,
          3395,
          4023,
          1998,
          2167,
          3321
        ],
        [
          4413,
          3549,
          2086,
          3563,
          7486,
          3492,
          3259,
          2994,
          5293
        ],
        [
          2538,
          2629,
          1397,
          2221,
          1809,
          5692,
          1914,
          1667,
          3034
        ],
        [
          4047,
          5711,
          2132,
          3034,
          3911,
          4279,
          7923,
          3795,
          5627
        ],
        [
          2709,
          2609,
          1061,
          1845,
          2220,
          1595,
          2892,
          4277,
          3731
        ],
        [
          585,
          572,
          219,
          279,
          486,
          272,
          378,
          727,
          5837
        ]
      ]
    }
  },
  "test_metrics": {
    "classification": {
      "labels": [
        0,
        1,
        2,
        3,
        4,
        5,
        6,
        7,
        8
      ],
      "accuracy": 0.23623032904148783,
      "balanced_accuracy": 0.28078685686947796,
      "precision_macro": 0.24189394073915998,
      "precision_micro": 0.23623032904148783,
      "precision_weighted": 0.2700545383787429,
      "recall_macro": 0.28078685686947796,
      "recall_micro": 0.23623032904148783,
      "recall_weighted": 0.23623032904148783,
      "f1_macro": 0.2322600914500219,
      "f1_micro": 0.23623032904148783,
      "f1_weighted": 0.23337677789671757,
      "confusion_matrix": [
        [
          1513,
          761,
          173,
          354,
          210,
          228,
          131,
          298,
          918
        ],
        [
          619,
          2656,
          424,
          406,
          258,
          410,
          600,
          337,
          660
        ],
        [
          1096,
          1736,
          1257,
          1291,
          899,
          1091,
          927,
          573,
          1155
        ],
        [
          1301,
          1361,
          830,
          2320,
          1388,
          1767,
          796,
          864,
          1389
        ],
        [
          2003,
          1518,
          861,
          1529,
          3079,
          1436,
          1360,
          1279,
          2293
        ],
        [
          1079,
          1184,
          619,
          1006,
          764,
          2483,
          802,
          729,
          1286
        ],
        [
          1700,
          2447,
          865,
          1289,
          1704,
          1736,
          3540,
          1594,
          2450
        ],
        [
          1102,
          1117,
          490,
          774,
          954,
          721,
          1247,
          1851,
          1658
        ],
        [
          258,
          244,
          76,
          134,
          186,
          112,
          185,
          294,
          2437
        ]
      ]
    }
  },
  "run_timestamp": "20251207_215734_342076",
  "params_hash": "eb90d7b006af5e8534901800961a3fa148bd9e49eec97727269c71b42aa45b05"
}