{
  "best_epoch": 0,
  "best_val_loss": null,
  "total_seconds": 0.013635369992698543,
  "epochs": [],
  "train_metrics": {
    "classification": {
      "labels": [
        0,
        1,
        2,
        3,
        4
      ],
      "accuracy": 0.2708333333333333,
      "balanced_accuracy": 0.2355365268316388,
      "precision_macro": 0.20241073606276982,
      "precision_micro": 0.2708333333333333,
      "precision_weighted": 0.23212758532091543,
      "recall_macro": 0.2355365268316388,
      "recall_micro": 0.2708333333333333,
      "recall_weighted": 0.2708333333333333,
      "f1_macro": 0.19107909012470653,
      "f1_micro": 0.2708333333333333,
      "f1_weighted": 0.22267566159545465,
      "confusion_matrix": [
        [
          337,
          76,
          0,
          188,
          604
        ],
        [
          493,
          142,
          0,
          611,
          1413
        ],
        [
          313,
          72,
          0,
          570,
          1183
        ],
        [
          660,
          151,
          0,
          984,
          1859
        ],
        [
          574,
          82,
          1,
          950,
          2177
        ]
      ]
    }
  },
  "test_metrics": {
    "classification": {
      "labels": [
        0,
        1,
        2,
        3,
        4
      ],
      "accuracy": 0.27239583333333334,
      "balanced_accuracy": 0.23852380887454872,
      "precision_macro": 0.20242433211540764,
      "precision_micro": 0.27239583333333334,
      "precision_weighted": 0.233485001100669,
      "recall_macro": 0.23852380887454872,
      "recall_micro": 0.27239583333333334,
      "recall_weighted": 0.27239583333333334,
      "f1_macro": 0.19183926413444427,
      "f1_micro": 0.27239583333333334,
      "f1_weighted": 0.22413454243061334,
      "confusion_matrix": [
        [
          141,
          34,
          0,
          82,
          233
        ],
        [
          228,
          63,
          0,
          258,
          602
        ],
        [
          154,
          36,
          0,
          258,
          489
        ],
        [
          292,
          53,
          0,
          418,
          788
        ],
        [
          249,
          45,
          0,
          390,
          947
        ]
      ]
    }
  },
  "run_timestamp": "20251208_141443_222669",
  "params_hash": "3c069d956ab6fb81bc404b498cf7cbe813955122f66912ff09c9873fe2280235"
}