{
  "best_epoch": 0,
  "best_val_loss": null,
  "total_seconds": 2.042033022007672,
  "epochs": [],
  "train_metrics": {
    "classification": {
      "labels": [
        0,
        1,
        2,
        3,
        4,
        5,
        6,
        7,
        8
      ],
      "accuracy": 0.17268930104230534,
      "balanced_accuracy": 0.17906892378300776,
      "precision_macro": 0.16728809356415186,
      "precision_micro": 0.17268930104230534,
      "precision_weighted": 0.19225117420762253,
      "recall_macro": 0.17906892378300776,
      "recall_micro": 0.17268930104230534,
      "recall_weighted": 0.17268930104230534,
      "f1_macro": 0.1570258620306202,
      "f1_micro": 0.17268930104230534,
      "f1_weighted": 0.1699676479140781,
      "confusion_matrix": [
        [
          2274,
          1787,
          415,
          1469,
          732,
          744,
          1094,
          417,
          1627
        ],
        [
          1522,
          3412,
          771,
          1262,
          844,
          936,
          3142,
          542,
          1936
        ],
        [
          2431,
          2892,
          1726,
          3478,
          1640,
          2689,
          4804,
          911,
          2723
        ],
        [
          3637,
          2974,
          1748,
          5084,
          1956,
          3624,
          4599,
          1867,
          3270
        ],
        [
          4946,
          4174,
          1886,
          4597,
          3002,
          3435,
          5722,
          2301,
          6072
        ],
        [
          2411,
          2969,
          1254,
          3057,
          1344,
          3688,
          4284,
          1136,
          2758
        ],
        [
          3423,
          4423,
          1619,
          4393,
          2414,
          3161,
          12193,
          2787,
          6046
        ],
        [
          2680,
          1837,
          922,
          2433,
          1378,
          1529,
          5495,
          2166,
          4499
        ],
        [
          827,
          1120,
          354,
          1130,
          776,
          778,
          1150,
          713,
          2507
        ]
      ]
    }
  },
  "test_metrics": {
    "classification": {
      "labels": [
        0,
        1,
        2,
        3,
        4,
        5,
        6,
        7,
        8
      ],
      "accuracy": 0.17191970672389129,
      "balanced_accuracy": 0.17963140438338804,
      "precision_macro": 0.16630076429327081,
      "precision_micro": 0.17191970672389129,
      "precision_weighted": 0.18950414289900322,
      "recall_macro": 0.17963140438338804,
      "recall_micro": 0.17191970672389129,
      "recall_weighted": 0.17191970672389129,
      "f1_macro": 0.15678380336541223,
      "f1_micro": 0.17191970672389129,
      "f1_weighted": 0.1685037612734538,
      "confusion_matrix": [
        [
          1026,
          752,
          161,
          687,
          320,
          338,
          434,
          178,
          690
        ],
        [
          694,
          1529,
          323,
          499,
          423,
          429,
          1421,
          248,
          804
        ],
        [
          1051,
          1235,
          764,
          1524,
          732,
          1163,
          1979,
          434,
          1143
        ],
        [
          1562,
          1259,
          732,
          2063,
          863,
          1596,
          1876,
          737,
          1328
        ],
        [
          2144,
          1805,
          798,
          1963,
          1218,
          1485,
          2426,
          969,
          2550
        ],
        [
          1064,
          1295,
          546,
          1386,
          561,
          1592,
          1866,
          501,
          1141
        ],
        [
          1469,
          1948,
          670,
          1922,
          1061,
          1350,
          5208,
          1105,
          2592
        ],
        [
          1124,
          784,
          389,
          1030,
          671,
          712,
          2372,
          908,
          1924
        ],
        [
          351,
          460,
          146,
          506,
          307,
          319,
          484,
          279,
          1074
        ]
      ]
    }
  },
  "run_timestamp": "20251226_201511_535022",
  "params_hash": "a47a3b9f36dbf4a00f8a809c8ea92923f5ac04012c8204e78725f1fefe503322"
}