{
  "best_epoch": 0,
  "best_val_loss": null,
  "total_seconds": 0.009253030992113054,
  "epochs": [],
  "train_metrics": {
    "classification": {
      "labels": [
        0,
        1,
        2,
        3,
        4
      ],
      "accuracy": 0.24992559523809524,
      "balanced_accuracy": 0.22018252893958704,
      "precision_macro": 0.22231343234991158,
      "precision_micro": 0.24992559523809524,
      "precision_weighted": 0.2445352921949192,
      "recall_macro": 0.22018252893958704,
      "recall_micro": 0.24992559523809524,
      "recall_weighted": 0.24992559523809524,
      "f1_macro": 0.2069214494912226,
      "f1_micro": 0.24992559523809524,
      "f1_weighted": 0.23552491073991053,
      "confusion_matrix": [
        [
          208,
          239,
          18,
          297,
          443
        ],
        [
          360,
          662,
          65,
          682,
          890
        ],
        [
          235,
          386,
          57,
          569,
          891
        ],
        [
          508,
          722,
          70,
          1060,
          1294
        ],
        [
          434,
          823,
          91,
          1064,
          1372
        ]
      ]
    }
  },
  "test_metrics": {
    "classification": {
      "labels": [
        0,
        1,
        2,
        3,
        4
      ],
      "accuracy": 0.2560763888888889,
      "balanced_accuracy": 0.22484465324775815,
      "precision_macro": 0.22204092990159677,
      "precision_micro": 0.2560763888888889,
      "precision_weighted": 0.24837330444292152,
      "recall_macro": 0.22484465324775815,
      "recall_micro": 0.2560763888888889,
      "recall_weighted": 0.2560763888888889,
      "f1_macro": 0.2104524356782425,
      "f1_micro": 0.2560763888888889,
      "f1_weighted": 0.24169548357732135,
      "confusion_matrix": [
        [
          80,
          91,
          3,
          135,
          181
        ],
        [
          161,
          317,
          33,
          259,
          381
        ],
        [
          129,
          180,
          22,
          258,
          348
        ],
        [
          209,
          317,
          36,
          462,
          527
        ],
        [
          196,
          328,
          38,
          475,
          594
        ]
      ]
    }
  },
  "run_timestamp": "20251208_141523_115467",
  "params_hash": "9a1099c49939ead0187f976c16a1d2ebfb104041921c11271e96c269cc154889"
}