{
  "best_epoch": 0,
  "best_val_loss": null,
  "total_seconds": 0.05956888299260754,
  "epochs": [],
  "train_metrics": {
    "classification": {
      "labels": [
        0,
        1,
        2,
        3,
        4,
        5,
        6,
        7,
        8
      ],
      "accuracy": 0.15267857142857144,
      "balanced_accuracy": 0.17157122174286268,
      "precision_macro": 0.1507239148193419,
      "precision_micro": 0.15267857142857144,
      "precision_weighted": 0.169799056528813,
      "recall_macro": 0.17157122174286268,
      "recall_micro": 0.15267857142857144,
      "recall_weighted": 0.15267857142857144,
      "f1_macro": 0.14048221385248053,
      "f1_micro": 0.15267857142857144,
      "f1_weighted": 0.14657476889382703,
      "confusion_matrix": [
        [
          182,
          113,
          44,
          41,
          77,
          60,
          82,
          23,
          85
        ],
        [
          94,
          202,
          77,
          95,
          66,
          58,
          173,
          30,
          144
        ],
        [
          210,
          160,
          156,
          129,
          99,
          169,
          281,
          69,
          225
        ],
        [
          230,
          185,
          157,
          180,
          107,
          261,
          320,
          81,
          303
        ],
        [
          300,
          243,
          184,
          133,
          171,
          191,
          432,
          77,
          582
        ],
        [
          134,
          213,
          131,
          141,
          68,
          192,
          313,
          53,
          232
        ],
        [
          207,
          259,
          168,
          200,
          168,
          229,
          685,
          74,
          598
        ],
        [
          154,
          122,
          108,
          110,
          83,
          114,
          284,
          59,
          435
        ],
        [
          74,
          23,
          31,
          37,
          55,
          62,
          95,
          23,
          225
        ]
      ]
    }
  },
  "test_metrics": {
    "classification": {
      "labels": [
        0,
        1,
        2,
        3,
        4,
        5,
        6,
        7,
        8
      ],
      "accuracy": 0.14461805555555557,
      "balanced_accuracy": 0.16669128732007144,
      "precision_macro": 0.14488369373898802,
      "precision_micro": 0.14461805555555557,
      "precision_weighted": 0.16624837064161418,
      "recall_macro": 0.16669128732007144,
      "recall_micro": 0.14461805555555557,
      "recall_weighted": 0.14461805555555557,
      "f1_macro": 0.13349596155708832,
      "f1_micro": 0.14461805555555557,
      "f1_weighted": 0.14037301024782442,
      "confusion_matrix": [
        [
          50,
          46,
          26,
          16,
          27,
          25,
          30,
          11,
          37
        ],
        [
          33,
          106,
          29,
          37,
          29,
          33,
          61,
          8,
          60
        ],
        [
          85,
          70,
          63,
          67,
          38,
          82,
          109,
          24,
          109
        ],
        [
          96,
          81,
          91,
          58,
          43,
          108,
          142,
          53,
          129
        ],
        [
          135,
          109,
          73,
          64,
          79,
          109,
          167,
          31,
          235
        ],
        [
          62,
          102,
          35,
          64,
          34,
          90,
          131,
          27,
          93
        ],
        [
          77,
          116,
          72,
          77,
          77,
          121,
          272,
          32,
          288
        ],
        [
          67,
          53,
          43,
          48,
          32,
          42,
          158,
          30,
          173
        ],
        [
          24,
          8,
          19,
          14,
          23,
          17,
          31,
          9,
          85
        ]
      ]
    }
  },
  "run_timestamp": "20251208_105007_984433",
  "params_hash": "46003e5dffeaae46b316a42fa45c7eb2684f3befb87fcfd84ccd68bcde7083bb"
}