{
  "best_epoch": 0,
  "best_val_loss": null,
  "total_seconds": 0.006407756998669356,
  "epochs": [],
  "train_metrics": {
    "classification": {
      "labels": [
        0,
        1,
        2
      ],
      "accuracy": 0.40595238095238095,
      "balanced_accuracy": 0.38746051105412554,
      "precision_macro": 0.3851800929247378,
      "precision_micro": 0.40595238095238095,
      "precision_weighted": 0.40739922353596536,
      "recall_macro": 0.38746051105412554,
      "recall_micro": 0.40595238095238095,
      "recall_weighted": 0.40595238095238095,
      "f1_macro": 0.38583026431647055,
      "f1_micro": 0.40595238095238095,
      "f1_weighted": 0.40613182654829044,
      "confusion_matrix": [
        [
          735,
          762,
          892
        ],
        [
          960,
          2188,
          2404
        ],
        [
          840,
          2126,
          2533
        ]
      ]
    }
  },
  "test_metrics": {
    "classification": {
      "labels": [
        0,
        1,
        2
      ],
      "accuracy": 0.39774305555555556,
      "balanced_accuracy": 0.38261648525337133,
      "precision_macro": 0.37780459346825745,
      "precision_micro": 0.39774305555555556,
      "precision_weighted": 0.40149546373297684,
      "recall_macro": 0.38261648525337133,
      "recall_micro": 0.39774305555555556,
      "recall_weighted": 0.39774305555555556,
      "f1_macro": 0.37937554344832747,
      "f1_micro": 0.39774305555555556,
      "f1_weighted": 0.3988993438039489,
      "confusion_matrix": [
        [
          319,
          329,
          353
        ],
        [
          417,
          929,
          1052
        ],
        [
          408,
          910,
          1043
        ]
      ]
    }
  },
  "run_timestamp": "20251208_141536_310733",
  "params_hash": "9125be21efe76ca73da11aab88f3ee777892d3ccfb9ae076685c29f76bf9a841"
}