{
  "best_epoch": 0,
  "best_val_loss": null,
  "total_seconds": 0.016999507002765313,
  "epochs": [],
  "train_metrics": {
    "classification": {
      "labels": [
        0,
        1,
        2,
        3,
        4
      ],
      "accuracy": 0.2699404761904762,
      "balanced_accuracy": 0.24250355333976445,
      "precision_macro": 0.2373945035078279,
      "precision_micro": 0.2699404761904762,
      "precision_weighted": 0.2602659123471052,
      "recall_macro": 0.24250355333976445,
      "recall_micro": 0.2699404761904762,
      "recall_weighted": 0.2699404761904762,
      "f1_macro": 0.22908528059499225,
      "f1_micro": 0.2699404761904762,
      "f1_weighted": 0.25516142284152327,
      "confusion_matrix": [
        [
          287,
          168,
          50,
          212,
          488
        ],
        [
          328,
          511,
          157,
          616,
          1047
        ],
        [
          238,
          359,
          122,
          509,
          910
        ],
        [
          502,
          549,
          194,
          1006,
          1403
        ],
        [
          492,
          520,
          196,
          874,
          1702
        ]
      ]
    }
  },
  "test_metrics": {
    "classification": {
      "labels": [
        0,
        1,
        2,
        3,
        4
      ],
      "accuracy": 0.2621527777777778,
      "balanced_accuracy": 0.23799419254909732,
      "precision_macro": 0.23229419785092817,
      "precision_micro": 0.2621527777777778,
      "precision_weighted": 0.2547525799697601,
      "recall_macro": 0.23799419254909732,
      "recall_micro": 0.2621527777777778,
      "recall_weighted": 0.2621527777777778,
      "f1_macro": 0.2228707955480928,
      "f1_micro": 0.2621527777777778,
      "f1_weighted": 0.24746341823640428,
      "confusion_matrix": [
        [
          121,
          62,
          28,
          86,
          193
        ],
        [
          148,
          206,
          73,
          252,
          472
        ],
        [
          115,
          156,
          58,
          215,
          393
        ],
        [
          212,
          239,
          92,
          392,
          616
        ],
        [
          231,
          237,
          68,
          362,
          733
        ]
      ]
    }
  },
  "run_timestamp": "20251208_141452_826179",
  "params_hash": "999134f3057bee45ab71b0e3c063a5a8ac9a2ef8bea547295e8e73bcb3a83923"
}