{
  "best_epoch": 0,
  "best_val_loss": null,
  "total_seconds": 5.165446391998557,
  "epochs": [],
  "train_metrics": {
    "classification": {
      "labels": [
        0,
        1,
        2,
        3,
        4
      ],
      "accuracy": 0.3235553341508277,
      "balanced_accuracy": 0.31416691145829423,
      "precision_macro": 0.298527214011572,
      "precision_micro": 0.3235553341508277,
      "precision_weighted": 0.33592697125543136,
      "recall_macro": 0.31416691145829423,
      "recall_micro": 0.3235553341508277,
      "recall_weighted": 0.3235553341508277,
      "f1_macro": 0.2891646868906935,
      "f1_micro": 0.3235553341508277,
      "f1_weighted": 0.3199959448726452,
      "confusion_matrix": [
        [
          8593,
          3001,
          814,
          3207,
          2245
        ],
        [
          8372,
          9622,
          3648,
          15138,
          6533
        ],
        [
          5249,
          3626,
          4755,
          9950,
          3697
        ],
        [
          12411,
          8648,
          7473,
          33520,
          10693
        ],
        [
          11466,
          5616,
          3320,
          16113,
          11058
        ]
      ]
    }
  },
  "test_metrics": {
    "classification": {
      "labels": [
        0,
        1,
        2,
        3,
        4
      ],
      "accuracy": 0.3190942417739628,
      "balanced_accuracy": 0.30952169411384933,
      "precision_macro": 0.29526109030168957,
      "precision_micro": 0.3190942417739628,
      "precision_weighted": 0.3313809403825398,
      "recall_macro": 0.30952169411384933,
      "recall_micro": 0.3190942417739628,
      "recall_weighted": 0.3190942417739628,
      "f1_macro": 0.2855408800479783,
      "f1_micro": 0.3190942417739628,
      "f1_weighted": 0.315295868850112,
      "confusion_matrix": [
        [
          3647,
          1347,
          357,
          1505,
          914
        ],
        [
          3619,
          4133,
          1514,
          6625,
          2774
        ],
        [
          2252,
          1580,
          1981,
          4240,
          1581
        ],
        [
          5216,
          3649,
          3293,
          14050,
          4499
        ],
        [
          5068,
          2434,
          1438,
          7017,
          4739
        ]
      ]
    }
  },
  "run_timestamp": "20251226_200521_667856",
  "params_hash": "2ef0fe287a7b67586b39394f698b1aa696feb1a008e86c82c062098194f0c663"
}