{
  "best_epoch": 0,
  "best_val_loss": null,
  "total_seconds": 0.08762389300682116,
  "epochs": [],
  "train_metrics": {
    "classification": {
      "labels": [
        0,
        1,
        2,
        3,
        4,
        5,
        6,
        7,
        8
      ],
      "accuracy": 0.17038690476190477,
      "balanced_accuracy": 0.16309296796837708,
      "precision_macro": 0.15835888583636226,
      "precision_micro": 0.17038690476190477,
      "precision_weighted": 0.18492322763242436,
      "recall_macro": 0.16309296796837708,
      "recall_micro": 0.17038690476190477,
      "recall_weighted": 0.17038690476190477,
      "f1_macro": 0.14930932471884512,
      "f1_micro": 0.17038690476190477,
      "f1_weighted": 0.17057218831568904,
      "confusion_matrix": [
        [
          160,
          11,
          66,
          72,
          132,
          87,
          86,
          24,
          69
        ],
        [
          129,
          49,
          119,
          100,
          133,
          101,
          150,
          31,
          127
        ],
        [
          188,
          58,
          166,
          181,
          244,
          177,
          211,
          57,
          216
        ],
        [
          310,
          46,
          206,
          221,
          289,
          200,
          224,
          106,
          222
        ],
        [
          324,
          93,
          173,
          187,
          636,
          231,
          297,
          99,
          273
        ],
        [
          201,
          50,
          120,
          160,
          213,
          268,
          194,
          76,
          195
        ],
        [
          374,
          81,
          170,
          254,
          428,
          235,
          553,
          137,
          356
        ],
        [
          206,
          50,
          92,
          117,
          272,
          138,
          311,
          100,
          183
        ],
        [
          73,
          8,
          64,
          44,
          122,
          81,
          69,
          27,
          137
        ]
      ]
    }
  },
  "test_metrics": {
    "classification": {
      "labels": [
        0,
        1,
        2,
        3,
        4,
        5,
        6,
        7,
        8
      ],
      "accuracy": 0.15625,
      "balanced_accuracy": 0.15459025265449564,
      "precision_macro": 0.14470928743569805,
      "precision_micro": 0.15625,
      "precision_weighted": 0.1723984590633828,
      "recall_macro": 0.15459025265449564,
      "recall_micro": 0.15625,
      "recall_weighted": 0.15625,
      "f1_macro": 0.13556520185697518,
      "f1_micro": 0.15625,
      "f1_weighted": 0.15637296583532795,
      "confusion_matrix": [
        [
          68,
          7,
          28,
          20,
          48,
          27,
          32,
          15,
          23
        ],
        [
          71,
          18,
          40,
          44,
          52,
          46,
          74,
          9,
          42
        ],
        [
          81,
          21,
          55,
          101,
          98,
          76,
          102,
          26,
          87
        ],
        [
          125,
          26,
          85,
          86,
          118,
          110,
          108,
          32,
          111
        ],
        [
          162,
          35,
          60,
          93,
          244,
          103,
          144,
          39,
          122
        ],
        [
          78,
          21,
          57,
          94,
          88,
          107,
          71,
          29,
          93
        ],
        [
          149,
          32,
          73,
          110,
          226,
          111,
          234,
          59,
          138
        ],
        [
          105,
          22,
          36,
          58,
          92,
          65,
          115,
          36,
          117
        ],
        [
          27,
          6,
          26,
          21,
          43,
          34,
          18,
          3,
          52
        ]
      ]
    }
  },
  "run_timestamp": "20251208_104918_206690",
  "params_hash": "addd1ac2d91923de21e9dd10e38c1ab4db5d7f384064bdaf6b3a5ff9690d2861"
}