{
  "best_epoch": 0,
  "best_val_loss": null,
  "total_seconds": 4.136293546005618,
  "epochs": [],
  "train_metrics": {
    "classification": {
      "labels": [
        0,
        1,
        2,
        3,
        4
      ],
      "accuracy": 0.32569646689147763,
      "balanced_accuracy": 0.3125480496593002,
      "precision_macro": 0.296785049188799,
      "precision_micro": 0.32569646689147763,
      "precision_weighted": 0.3359322787064802,
      "recall_macro": 0.3125480496593002,
      "recall_micro": 0.32569646689147763,
      "recall_weighted": 0.32569646689147763,
      "f1_macro": 0.2869310576439121,
      "f1_micro": 0.32569646689147763,
      "f1_weighted": 0.3210764319172542,
      "confusion_matrix": [
        [
          8624,
          2129,
          1067,
          3265,
          2775
        ],
        [
          8658,
          9324,
          3195,
          14677,
          7459
        ],
        [
          6356,
          3806,
          3571,
          10148,
          3396
        ],
        [
          12220,
          8497,
          5877,
          33443,
          12708
        ],
        [
          10184,
          5745,
          2689,
          15922,
          13033
        ]
      ]
    }
  },
  "test_metrics": {
    "classification": {
      "labels": [
        0,
        1,
        2,
        3,
        4
      ],
      "accuracy": 0.3223243025751073,
      "balanced_accuracy": 0.3087332360420162,
      "precision_macro": 0.29463600934406486,
      "precision_micro": 0.3223243025751073,
      "precision_weighted": 0.33228943269304234,
      "recall_macro": 0.3087332360420162,
      "recall_micro": 0.3223243025751073,
      "recall_weighted": 0.3223243025751073,
      "f1_macro": 0.28417689283405617,
      "f1_micro": 0.3223243025751073,
      "f1_weighted": 0.3174015701826852,
      "confusion_matrix": [
        [
          3668,
          967,
          414,
          1505,
          1216
        ],
        [
          3794,
          4003,
          1372,
          6436,
          3060
        ],
        [
          2728,
          1681,
          1507,
          4258,
          1460
        ],
        [
          5123,
          3683,
          2445,
          14118,
          5338
        ],
        [
          4528,
          2479,
          1164,
          6982,
          5543
        ]
      ]
    }
  },
  "run_timestamp": "20251226_201855_270768",
  "params_hash": "76356dee2aac15df7c0d0decf4c0349d4ae0eb0335ad2d3e2501302d60ed93b9"
}