{
  "best_epoch": 0,
  "best_val_loss": null,
  "total_seconds": 4.07337409601314,
  "epochs": [],
  "train_metrics": {
    "classification": {
      "labels": [
        0,
        1,
        2,
        3,
        4
      ],
      "accuracy": 0.3265778280196199,
      "balanced_accuracy": 0.3070266030413333,
      "precision_macro": 0.2914593081364199,
      "precision_micro": 0.3265778280196199,
      "precision_weighted": 0.32942685234516095,
      "recall_macro": 0.3070266030413333,
      "recall_micro": 0.3265778280196199,
      "recall_weighted": 0.3265778280196199,
      "f1_macro": 0.2801261601076541,
      "f1_micro": 0.3265778280196199,
      "f1_weighted": 0.31593506962180207,
      "confusion_matrix": [
        [
          8529,
          2516,
          1015,
          3494,
          2306
        ],
        [
          8063,
          9872,
          2824,
          16167,
          6387
        ],
        [
          6099,
          3719,
          3210,
          11155,
          3094
        ],
        [
          11443,
          9045,
          5316,
          36693,
          10248
        ],
        [
          10534,
          5309,
          3114,
          18741,
          9875
        ]
      ]
    }
  },
  "test_metrics": {
    "classification": {
      "labels": [
        0,
        1,
        2,
        3,
        4
      ],
      "accuracy": 0.32375491773962806,
      "balanced_accuracy": 0.3043830830590798,
      "precision_macro": 0.28886132857833513,
      "precision_micro": 0.32375491773962806,
      "precision_weighted": 0.3255083725377167,
      "recall_macro": 0.3043830830590798,
      "recall_micro": 0.32375491773962806,
      "recall_weighted": 0.32375491773962806,
      "f1_macro": 0.2777805392942438,
      "f1_micro": 0.32375491773962806,
      "f1_weighted": 0.31239853584094174,
      "confusion_matrix": [
        [
          3665,
          1102,
          413,
          1571,
          1019
        ],
        [
          3465,
          4207,
          1198,
          6972,
          2823
        ],
        [
          2568,
          1667,
          1337,
          4731,
          1331
        ],
        [
          4707,
          3805,
          2219,
          15538,
          4438
        ],
        [
          4724,
          2244,
          1392,
          8116,
          4220
        ]
      ]
    }
  },
  "run_timestamp": "20251226_202033_357629",
  "params_hash": "070a52aee8953625522c5b6e6b2eb589b30cfbf4bb75084e53f388df38fcc5f7"
}