{
  "best_epoch": 0,
  "best_val_loss": null,
  "total_seconds": 26.599896973988507,
  "epochs": [],
  "train_metrics": {
    "classification": {
      "labels": [
        0,
        1,
        2,
        3,
        4
      ],
      "accuracy": 0.34599172286940527,
      "balanced_accuracy": 0.34525083034261783,
      "precision_macro": 0.3322050340016596,
      "precision_micro": 0.34599172286940527,
      "precision_weighted": 0.3611175343207969,
      "recall_macro": 0.34525083034261783,
      "recall_micro": 0.34599172286940527,
      "recall_weighted": 0.34599172286940527,
      "f1_macro": 0.33063381899442384,
      "f1_micro": 0.34599172286940527,
      "f1_weighted": 0.3488224641813763,
      "confusion_matrix": [
        [
          7344,
          3240,
          1624,
          2111,
          3927
        ],
        [
          6612,
          13844,
          5666,
          6998,
          8306
        ],
        [
          5277,
          5551,
          8661,
          6507,
          7605
        ],
        [
          8343,
          9294,
          7601,
          17438,
          14018
        ],
        [
          8887,
          7751,
          6736,
          10482,
          24945
        ]
      ]
    }
  },
  "test_metrics": {
    "classification": {
      "labels": [
        0,
        1,
        2,
        3,
        4
      ],
      "accuracy": 0.34529238197424894,
      "balanced_accuracy": 0.34286763108125506,
      "precision_macro": 0.33128195438898117,
      "precision_micro": 0.34529238197424894,
      "precision_weighted": 0.3602368530845456,
      "recall_macro": 0.34286763108125506,
      "recall_micro": 0.34529238197424894,
      "recall_weighted": 0.34529238197424894,
      "f1_macro": 0.32945542819617624,
      "f1_micro": 0.34529238197424894,
      "f1_weighted": 0.34817753479026003,
      "confusion_matrix": [
        [
          3190,
          1416,
          759,
          920,
          1798
        ],
        [
          2866,
          5850,
          2425,
          3022,
          3593
        ],
        [
          2307,
          2348,
          3627,
          2655,
          3227
        ],
        [
          3636,
          3987,
          3191,
          7439,
          5904
        ],
        [
          3824,
          3283,
          2866,
          4551,
          10788
        ]
      ]
    }
  },
  "run_timestamp": "20251226_202347_788823",
  "params_hash": "8b48001286d5b22e6063e819443122cd05ab05bac63ab08753239cc2a7508042"
}