{
  "best_epoch": 0,
  "best_val_loss": null,
  "total_seconds": 1.0867729170131497,
  "epochs": [],
  "train_metrics": {
    "classification": {
      "labels": [
        0,
        1,
        2
      ],
      "accuracy": 0.4296204399141631,
      "balanced_accuracy": 0.4007176032280504,
      "precision_macro": 0.40009184570932277,
      "precision_micro": 0.4296204399141631,
      "precision_weighted": 0.43052034691267294,
      "recall_macro": 0.4007176032280504,
      "recall_micro": 0.4296204399141631,
      "recall_weighted": 0.4296204399141631,
      "f1_macro": 0.4003869045925099,
      "f1_micro": 0.4296204399141631,
      "f1_weighted": 0.4300591130862987,
      "confusion_matrix": [
        [
          10235,
          12311,
          14231
        ],
        [
          13851,
          40654,
          32054
        ],
        [
          13651,
          32979,
          38802
        ]
      ]
    }
  },
  "test_metrics": {
    "classification": {
      "labels": [
        0,
        1,
        2
      ],
      "accuracy": 0.4284133583690987,
      "balanced_accuracy": 0.3991629348206405,
      "precision_macro": 0.39868755539727546,
      "precision_micro": 0.4284133583690987,
      "precision_weighted": 0.42904710337205115,
      "recall_macro": 0.3991629348206405,
      "recall_micro": 0.4284133583690987,
      "recall_weighted": 0.4284133583690987,
      "f1_macro": 0.39891083841971425,
      "f1_micro": 0.4284133583690987,
      "f1_weighted": 0.42871844710167434,
      "confusion_matrix": [
        [
          4354,
          5443,
          6084
        ],
        [
          5905,
          17432,
          13594
        ],
        [
          5933,
          14182,
          16545
        ]
      ]
    }
  },
  "run_timestamp": "20251226_200039_806335",
  "params_hash": "fa32857271bca62c15900d93d00c5c762a738472ff7ef3ef4a5ac73ea9d2f7b9"
}