{
  "best_epoch": 0,
  "best_val_loss": null,
  "total_seconds": 3.2923089639807586,
  "epochs": [],
  "train_metrics": {
    "classification": {
      "labels": [
        0,
        1,
        2,
        3,
        4
      ],
      "accuracy": 0.32564377682403434,
      "balanced_accuracy": 0.3163913449600036,
      "precision_macro": 0.2912203214459782,
      "precision_micro": 0.32564377682403434,
      "precision_weighted": 0.33197529402408693,
      "recall_macro": 0.3163913449600036,
      "recall_micro": 0.32564377682403434,
      "recall_weighted": 0.32564377682403434,
      "f1_macro": 0.2821662752378531,
      "f1_micro": 0.32564377682403434,
      "f1_weighted": 0.31691809298344664,
      "confusion_matrix": [
        [
          9755,
          1578,
          965,
          3017,
          2545
        ],
        [
          8079,
          8609,
          3140,
          15485,
          8000
        ],
        [
          6881,
          3468,
          2954,
          10208,
          3766
        ],
        [
          12610,
          9119,
          5375,
          34677,
          10964
        ],
        [
          11733,
          5552,
          3074,
          15225,
          11989
        ]
      ]
    }
  },
  "test_metrics": {
    "classification": {
      "labels": [
        0,
        1,
        2,
        3,
        4
      ],
      "accuracy": 0.3219331187410587,
      "balanced_accuracy": 0.31204677619743093,
      "precision_macro": 0.2884861977230093,
      "precision_micro": 0.3219331187410587,
      "precision_weighted": 0.3271578712512391,
      "recall_macro": 0.31204677619743093,
      "recall_micro": 0.3219331187410587,
      "recall_weighted": 0.3219331187410587,
      "f1_macro": 0.27937859419385686,
      "f1_micro": 0.3219331187410587,
      "f1_weighted": 0.31268482015058974,
      "confusion_matrix": [
        [
          4130,
          733,
          390,
          1345,
          1172
        ],
        [
          3452,
          3584,
          1403,
          6799,
          3427
        ],
        [
          2902,
          1391,
          1277,
          4420,
          1644
        ],
        [
          5202,
          3906,
          2188,
          14627,
          4784
        ],
        [
          5158,
          2361,
          1378,
          6613,
          5186
        ]
      ]
    }
  },
  "run_timestamp": "20251227_011912_763351",
  "params_hash": "4d98e0b5ad22865d88b55285d3b230c022c1f686a5865a94f1575a9b38e48404"
}