{
  "best_epoch": 0,
  "best_val_loss": null,
  "total_seconds": 1.0459216040035244,
  "epochs": [],
  "train_metrics": {
    "classification": {
      "labels": [
        0,
        1,
        2,
        3,
        4
      ],
      "accuracy": 0.3098798666462293,
      "balanced_accuracy": 0.2829538102952104,
      "precision_macro": 0.27114388133084916,
      "precision_micro": 0.3098798666462293,
      "precision_weighted": 0.30772530981618046,
      "recall_macro": 0.2829538102952104,
      "recall_micro": 0.3098798666462293,
      "recall_weighted": 0.3098798666462293,
      "f1_macro": 0.25521908003472393,
      "f1_micro": 0.3098798666462293,
      "f1_weighted": 0.2933627925922053,
      "confusion_matrix": [
        [
          7746,
          2701,
          577,
          4986,
          1850
        ],
        [
          8025,
          9207,
          2148,
          18126,
          5807
        ],
        [
          5975,
          4357,
          2471,
          11748,
          2726
        ],
        [
          13224,
          9304,
          4537,
          37624,
          8056
        ],
        [
          10021,
          7161,
          2384,
          20362,
          7645
        ]
      ]
    }
  },
  "test_metrics": {
    "classification": {
      "labels": [
        0,
        1,
        2,
        3,
        4
      ],
      "accuracy": 0.30417337267525035,
      "balanced_accuracy": 0.27891795800051555,
      "precision_macro": 0.26682885456431793,
      "precision_micro": 0.30417337267525035,
      "precision_weighted": 0.30167146189801536,
      "recall_macro": 0.27891795800051555,
      "recall_micro": 0.30417337267525035,
      "recall_weighted": 0.30417337267525035,
      "f1_macro": 0.25152246552425916,
      "f1_micro": 0.30417337267525035,
      "f1_weighted": 0.2875664260702327,
      "confusion_matrix": [
        [
          3323,
          1163,
          256,
          2204,
          824
        ],
        [
          3430,
          3954,
          873,
          7933,
          2475
        ],
        [
          2553,
          1889,
          1010,
          4947,
          1235
        ],
        [
          5620,
          4011,
          1905,
          15636,
          3535
        ],
        [
          4384,
          3104,
          1084,
          8832,
          3292
        ]
      ]
    }
  },
  "run_timestamp": "20251226_201519_339226",
  "params_hash": "5c661faae261e6f9a269fb65fad2d7def3b6c80fa0b96fdea078b8c94dfc6cbf"
}