{
  "best_epoch": 0,
  "best_val_loss": null,
  "total_seconds": 0.020123174996115267,
  "epochs": [],
  "train_metrics": {
    "classification": {
      "labels": [
        0,
        1,
        2,
        3,
        4,
        5,
        6,
        7,
        8
      ],
      "accuracy": 0.14285714285714285,
      "balanced_accuracy": 0.16889119187456364,
      "precision_macro": 0.13625244547980278,
      "precision_micro": 0.14285714285714285,
      "precision_weighted": 0.16204097137521684,
      "recall_macro": 0.16889119187456364,
      "recall_micro": 0.14285714285714285,
      "recall_weighted": 0.14285714285714285,
      "f1_macro": 0.10470280614849813,
      "f1_micro": 0.14285714285714285,
      "f1_weighted": 0.11356216734223422,
      "confusion_matrix": [
        [
          79,
          154,
          4,
          7,
          18,
          43,
          137,
          0,
          265
        ],
        [
          78,
          270,
          12,
          20,
          29,
          22,
          181,
          0,
          327
        ],
        [
          89,
          271,
          17,
          29,
          57,
          93,
          404,
          0,
          538
        ],
        [
          121,
          333,
          13,
          60,
          70,
          115,
          457,
          0,
          655
        ],
        [
          177,
          386,
          23,
          45,
          107,
          140,
          556,
          0,
          879
        ],
        [
          97,
          232,
          21,
          35,
          46,
          114,
          388,
          0,
          544
        ],
        [
          188,
          454,
          26,
          61,
          74,
          175,
          893,
          0,
          717
        ],
        [
          98,
          216,
          13,
          30,
          41,
          98,
          398,
          0,
          575
        ],
        [
          48,
          64,
          12,
          6,
          11,
          41,
          63,
          0,
          380
        ]
      ]
    }
  },
  "test_metrics": {
    "classification": {
      "labels": [
        0,
        1,
        2,
        3,
        4,
        5,
        6,
        7,
        8
      ],
      "accuracy": 0.13246527777777778,
      "balanced_accuracy": 0.16900409733957192,
      "precision_macro": 0.11906003749810415,
      "precision_micro": 0.13246527777777778,
      "precision_weighted": 0.1409173264444899,
      "recall_macro": 0.16900409733957192,
      "recall_micro": 0.13246527777777778,
      "recall_weighted": 0.13246527777777778,
      "f1_macro": 0.09853791782488702,
      "f1_micro": 0.13246527777777778,
      "f1_weighted": 0.10302187204455744,
      "confusion_matrix": [
        [
          44,
          43,
          1,
          4,
          6,
          20,
          48,
          0,
          102
        ],
        [
          44,
          114,
          4,
          7,
          10,
          7,
          86,
          0,
          124
        ],
        [
          43,
          112,
          3,
          16,
          25,
          37,
          188,
          0,
          223
        ],
        [
          65,
          153,
          1,
          21,
          29,
          44,
          223,
          0,
          265
        ],
        [
          73,
          189,
          13,
          18,
          37,
          65,
          230,
          0,
          377
        ],
        [
          34,
          101,
          8,
          18,
          24,
          47,
          193,
          0,
          213
        ],
        [
          84,
          213,
          12,
          28,
          23,
          73,
          356,
          0,
          343
        ],
        [
          35,
          90,
          4,
          27,
          13,
          48,
          172,
          0,
          257
        ],
        [
          16,
          21,
          5,
          2,
          2,
          16,
          27,
          0,
          141
        ]
      ]
    }
  },
  "run_timestamp": "20251208_102106_007911",
  "params_hash": "06a4b61cc566aad9034b87b44ec3003dd8dbe5927e578189bdb74593a4c09e79"
}