{
  "best_epoch": 0,
  "best_val_loss": null,
  "total_seconds": 0.01944108599855099,
  "epochs": [],
  "train_metrics": {
    "classification": {
      "labels": [
        0,
        1,
        2,
        3,
        4
      ],
      "accuracy": 0.313764880952381,
      "balanced_accuracy": 0.2887771598646005,
      "precision_macro": 0.27971050699896843,
      "precision_micro": 0.313764880952381,
      "precision_weighted": 0.3126951673558254,
      "recall_macro": 0.2887771598646005,
      "recall_micro": 0.313764880952381,
      "recall_weighted": 0.313764880952381,
      "f1_macro": 0.2602967770149577,
      "f1_micro": 0.313764880952381,
      "f1_weighted": 0.29678786370374444,
      "confusion_matrix": [
        [
          527,
          150,
          22,
          306,
          155
        ],
        [
          617,
          484,
          154,
          1156,
          389
        ],
        [
          438,
          215,
          146,
          740,
          220
        ],
        [
          800,
          564,
          228,
          2380,
          666
        ],
        [
          521,
          371,
          94,
          1417,
          680
        ]
      ]
    }
  },
  "test_metrics": {
    "classification": {
      "labels": [
        0,
        1,
        2,
        3,
        4
      ],
      "accuracy": 0.30972222222222223,
      "balanced_accuracy": 0.28593853449561857,
      "precision_macro": 0.2723534632248358,
      "precision_micro": 0.30972222222222223,
      "precision_weighted": 0.30822276958637396,
      "recall_macro": 0.28593853449561857,
      "recall_micro": 0.30972222222222223,
      "recall_weighted": 0.30972222222222223,
      "f1_macro": 0.2560272357044813,
      "f1_micro": 0.30972222222222223,
      "f1_weighted": 0.2941472149640752,
      "confusion_matrix": [
        [
          227,
          66,
          8,
          120,
          69
        ],
        [
          270,
          209,
          65,
          485,
          161
        ],
        [
          198,
          101,
          61,
          288,
          98
        ],
        [
          337,
          267,
          113,
          1016,
          289
        ],
        [
          242,
          168,
          37,
          594,
          271
        ]
      ]
    }
  },
  "run_timestamp": "20251208_141646_945194",
  "params_hash": "7b56c3e5e12ef70e26c864559d3fec515605bf771f3180c173d81e90b130b1fa"
}