{
  "best_epoch": 0,
  "best_val_loss": null,
  "total_seconds": 2.7410743859945796,
  "epochs": [],
  "train_metrics": {
    "classification": {
      "labels": [
        0,
        1,
        2,
        3,
        4
      ],
      "accuracy": 0.3242163549969344,
      "balanced_accuracy": 0.30179792133184674,
      "precision_macro": 0.28815258162825874,
      "precision_micro": 0.3242163549969344,
      "precision_weighted": 0.3277696013159836,
      "recall_macro": 0.30179792133184674,
      "recall_micro": 0.3242163549969344,
      "recall_weighted": 0.3242163549969344,
      "f1_macro": 0.27266519752686547,
      "f1_micro": 0.3242163549969344,
      "f1_weighted": 0.3115405124387809,
      "confusion_matrix": [
        [
          8273,
          1647,
          720,
          3776,
          3444
        ],
        [
          8415,
          5788,
          2552,
          17490,
          9068
        ],
        [
          5532,
          2726,
          3051,
          10944,
          5024
        ],
        [
          12873,
          5969,
          5181,
          36129,
          12593
        ],
        [
          11274,
          3906,
          2469,
          15479,
          14445
        ]
      ]
    }
  },
  "test_metrics": {
    "classification": {
      "labels": [
        0,
        1,
        2,
        3,
        4
      ],
      "accuracy": 0.3215978183118741,
      "balanced_accuracy": 0.2992178645419603,
      "precision_macro": 0.2869541747249281,
      "precision_micro": 0.3215978183118741,
      "precision_weighted": 0.3245753623280447,
      "recall_macro": 0.2992178645419603,
      "recall_micro": 0.3215978183118741,
      "recall_weighted": 0.3215978183118741,
      "f1_macro": 0.2714709077093219,
      "f1_micro": 0.3215978183118741,
      "f1_weighted": 0.308841421519626,
      "confusion_matrix": [
        [
          3513,
          779,
          288,
          1725,
          1465
        ],
        [
          3614,
          2467,
          1067,
          7700,
          3817
        ],
        [
          2333,
          1156,
          1329,
          4644,
          2172
        ],
        [
          5505,
          2600,
          2186,
          15210,
          5206
        ],
        [
          4870,
          1775,
          1081,
          6715,
          6255
        ]
      ]
    }
  },
  "run_timestamp": "20251226_200201_097647",
  "params_hash": "fe74c902d90d3cc5ff65b1831395193414faea7f1bb8c9721c1711cac1d203da"
}