{
  "best_epoch": 0,
  "best_val_loss": null,
  "total_seconds": 0.01525860199762974,
  "epochs": [],
  "train_metrics": {
    "classification": {
      "labels": [
        0,
        1,
        2,
        3,
        4,
        5,
        6,
        7,
        8
      ],
      "accuracy": 0.11220238095238096,
      "balanced_accuracy": 0.15228610304171952,
      "precision_macro": 0.12175776404511951,
      "precision_micro": 0.11220238095238096,
      "precision_weighted": 0.1511082795804124,
      "recall_macro": 0.15228610304171952,
      "recall_micro": 0.11220238095238096,
      "recall_weighted": 0.11220238095238096,
      "f1_macro": 0.09672665477032256,
      "f1_micro": 0.11220238095238096,
      "f1_weighted": 0.09815611959972949,
      "confusion_matrix": [
        [
          100,
          56,
          67,
          135,
          28,
          54,
          24,
          0,
          271
        ],
        [
          96,
          118,
          138,
          177,
          6,
          30,
          14,
          0,
          250
        ],
        [
          188,
          202,
          269,
          373,
          72,
          77,
          54,
          0,
          418
        ],
        [
          174,
          157,
          250,
          496,
          31,
          93,
          74,
          0,
          402
        ],
        [
          212,
          162,
          249,
          439,
          74,
          130,
          62,
          0,
          704
        ],
        [
          169,
          255,
          376,
          616,
          57,
          178,
          106,
          0,
          886
        ],
        [
          243,
          211,
          313,
          560,
          65,
          164,
          68,
          0,
          852
        ],
        [
          130,
          95,
          121,
          218,
          28,
          46,
          36,
          0,
          313
        ],
        [
          24,
          34,
          27,
          64,
          7,
          20,
          27,
          0,
          205
        ]
      ]
    }
  },
  "test_metrics": {
    "classification": {
      "labels": [
        0,
        1,
        2,
        3,
        4,
        5,
        6,
        7,
        8
      ],
      "accuracy": 0.115625,
      "balanced_accuracy": 0.15461157397134043,
      "precision_macro": 0.13807353763930066,
      "precision_micro": 0.115625,
      "precision_weighted": 0.17777936086157956,
      "recall_macro": 0.15461157397134043,
      "recall_micro": 0.115625,
      "recall_weighted": 0.115625,
      "f1_macro": 0.10241952569181818,
      "f1_micro": 0.115625,
      "f1_weighted": 0.10606158894797658,
      "confusion_matrix": [
        [
          53,
          17,
          33,
          48,
          10,
          16,
          9,
          0,
          114
        ],
        [
          39,
          57,
          51,
          72,
          4,
          27,
          6,
          0,
          85
        ],
        [
          92,
          93,
          106,
          162,
          22,
          38,
          26,
          0,
          163
        ],
        [
          66,
          76,
          119,
          206,
          17,
          36,
          31,
          0,
          172
        ],
        [
          84,
          82,
          124,
          188,
          43,
          43,
          30,
          0,
          314
        ],
        [
          74,
          127,
          160,
          252,
          11,
          93,
          40,
          0,
          380
        ],
        [
          113,
          88,
          146,
          252,
          25,
          79,
          35,
          0,
          356
        ],
        [
          55,
          42,
          56,
          82,
          10,
          19,
          11,
          0,
          118
        ],
        [
          14,
          13,
          23,
          13,
          6,
          9,
          11,
          0,
          73
        ]
      ]
    }
  },
  "run_timestamp": "20251208_101959_347790",
  "params_hash": "5681b55a1c456bc6e665114cf1e3348e4bd690378ec096587e2c5c4d3b27b646"
}