{
  "best_epoch": 0,
  "best_val_loss": null,
  "total_seconds": 0.009033194000949152,
  "epochs": [],
  "train_metrics": {
    "classification": {
      "labels": [
        0,
        1,
        2,
        3,
        4
      ],
      "accuracy": 0.25163690476190476,
      "balanced_accuracy": 0.25371858243773626,
      "precision_macro": 0.23512299980959028,
      "precision_micro": 0.25163690476190476,
      "precision_weighted": 0.2567876277888493,
      "recall_macro": 0.25371858243773626,
      "recall_micro": 0.25163690476190476,
      "recall_weighted": 0.25163690476190476,
      "f1_macro": 0.22677924336610705,
      "f1_micro": 0.25163690476190476,
      "f1_weighted": 0.2440062124751004,
      "confusion_matrix": [
        [
          496,
          149,
          56,
          218,
          286
        ],
        [
          641,
          533,
          128,
          579,
          778
        ],
        [
          503,
          426,
          119,
          463,
          627
        ],
        [
          799,
          557,
          182,
          1115,
          1001
        ],
        [
          678,
          685,
          190,
          1112,
          1119
        ]
      ]
    }
  },
  "test_metrics": {
    "classification": {
      "labels": [
        0,
        1,
        2,
        3,
        4
      ],
      "accuracy": 0.24305555555555555,
      "balanced_accuracy": 0.24949753393028887,
      "precision_macro": 0.2304222166986333,
      "precision_micro": 0.24305555555555555,
      "precision_weighted": 0.24933845460463652,
      "recall_macro": 0.24949753393028887,
      "recall_micro": 0.24305555555555555,
      "recall_weighted": 0.24305555555555555,
      "f1_macro": 0.22060939868208185,
      "f1_micro": 0.24305555555555555,
      "f1_weighted": 0.23500417379917546,
      "confusion_matrix": [
        [
          204,
          54,
          25,
          110,
          97
        ],
        [
          266,
          235,
          56,
          220,
          374
        ],
        [
          208,
          201,
          52,
          212,
          264
        ],
        [
          323,
          276,
          70,
          448,
          434
        ],
        [
          302,
          280,
          69,
          519,
          461
        ]
      ]
    }
  },
  "run_timestamp": "20251208_141529_612966",
  "params_hash": "3428326e83e3988e7d6e107bd83fca8d6c09624831d9d368cb5137091b2ce3fc"
}