{
  "best_epoch": 0,
  "best_val_loss": null,
  "total_seconds": 0.028114437009207904,
  "epochs": [],
  "train_metrics": {
    "classification": {
      "labels": [
        0,
        1,
        2,
        3,
        4,
        5,
        6,
        7,
        8
      ],
      "accuracy": 0.1584077380952381,
      "balanced_accuracy": 0.13773120642422612,
      "precision_macro": 0.13072764418653138,
      "precision_micro": 0.1584077380952381,
      "precision_weighted": 0.15134247975077658,
      "recall_macro": 0.13773120642422612,
      "recall_micro": 0.1584077380952381,
      "recall_weighted": 0.1584077380952381,
      "f1_macro": 0.11785286186772465,
      "f1_micro": 0.1584077380952381,
      "f1_weighted": 0.1380985388553267,
      "confusion_matrix": [
        [
          8,
          123,
          61,
          71,
          271,
          82,
          61,
          4,
          26
        ],
        [
          10,
          235,
          126,
          126,
          264,
          90,
          72,
          4,
          12
        ],
        [
          8,
          256,
          200,
          164,
          415,
          256,
          125,
          22,
          52
        ],
        [
          13,
          262,
          217,
          230,
          526,
          320,
          138,
          40,
          78
        ],
        [
          17,
          313,
          165,
          242,
          864,
          367,
          207,
          57,
          81
        ],
        [
          5,
          224,
          159,
          147,
          383,
          342,
          109,
          27,
          81
        ],
        [
          20,
          432,
          274,
          349,
          715,
          445,
          212,
          49,
          92
        ],
        [
          11,
          156,
          141,
          199,
          484,
          247,
          151,
          32,
          48
        ],
        [
          2,
          41,
          75,
          96,
          241,
          112,
          47,
          5,
          6
        ]
      ]
    }
  },
  "test_metrics": {
    "classification": {
      "labels": [
        0,
        1,
        2,
        3,
        4,
        5,
        6,
        7,
        8
      ],
      "accuracy": 0.15885416666666666,
      "balanced_accuracy": 0.13813426254736302,
      "precision_macro": 0.1312305334339549,
      "precision_micro": 0.15885416666666666,
      "precision_weighted": 0.15679664934818888,
      "recall_macro": 0.13813426254736302,
      "recall_micro": 0.15885416666666666,
      "recall_weighted": 0.15885416666666666,
      "f1_macro": 0.11881158052833461,
      "f1_micro": 0.15885416666666666,
      "f1_weighted": 0.14062673413487875,
      "confusion_matrix": [
        [
          2,
          42,
          28,
          19,
          111,
          34,
          23,
          4,
          5
        ],
        [
          5,
          106,
          43,
          44,
          108,
          43,
          43,
          1,
          3
        ],
        [
          7,
          118,
          83,
          89,
          160,
          105,
          49,
          14,
          22
        ],
        [
          4,
          115,
          96,
          116,
          205,
          143,
          74,
          20,
          28
        ],
        [
          7,
          134,
          81,
          129,
          358,
          162,
          74,
          19,
          38
        ],
        [
          2,
          94,
          76,
          79,
          161,
          135,
          42,
          7,
          42
        ],
        [
          9,
          203,
          113,
          124,
          348,
          187,
          95,
          22,
          31
        ],
        [
          6,
          83,
          73,
          78,
          229,
          92,
          47,
          16,
          22
        ],
        [
          0,
          17,
          31,
          32,
          86,
          38,
          18,
          4,
          4
        ]
      ]
    }
  },
  "run_timestamp": "20251208_104113_545176",
  "params_hash": "5e5a00d67f92c5b282a1b1b4ca49ef3a957e68a1daa343b51e40c161a9df406d"
}