{
  "best_epoch": 0,
  "best_val_loss": null,
  "total_seconds": 0.021001581000746228,
  "epochs": [],
  "train_metrics": {
    "classification": {
      "labels": [
        0,
        1,
        2,
        3,
        4,
        5,
        6,
        7,
        8
      ],
      "accuracy": 0.12946428571428573,
      "balanced_accuracy": 0.1689350311198244,
      "precision_macro": 0.14419474649031633,
      "precision_micro": 0.12946428571428573,
      "precision_weighted": 0.1755733321066295,
      "recall_macro": 0.1689350311198244,
      "recall_micro": 0.12946428571428573,
      "recall_weighted": 0.12946428571428573,
      "f1_macro": 0.11734273011288396,
      "f1_micro": 0.12946428571428573,
      "f1_weighted": 0.11819641250615187,
      "confusion_matrix": [
        [
          240,
          34,
          89,
          121,
          20,
          4,
          68,
          0,
          159
        ],
        [
          132,
          104,
          132,
          147,
          26,
          4,
          89,
          1,
          194
        ],
        [
          198,
          129,
          284,
          369,
          55,
          49,
          184,
          1,
          384
        ],
        [
          136,
          84,
          292,
          403,
          39,
          24,
          200,
          0,
          499
        ],
        [
          307,
          109,
          276,
          374,
          129,
          36,
          193,
          0,
          608
        ],
        [
          241,
          194,
          412,
          494,
          109,
          67,
          327,
          2,
          797
        ],
        [
          304,
          144,
          267,
          547,
          87,
          77,
          337,
          1,
          712
        ],
        [
          142,
          51,
          118,
          195,
          27,
          24,
          129,
          0,
          301
        ],
        [
          65,
          5,
          10,
          63,
          4,
          15,
          70,
          0,
          176
        ]
      ]
    }
  },
  "test_metrics": {
    "classification": {
      "labels": [
        0,
        1,
        2,
        3,
        4,
        5,
        6,
        7,
        8
      ],
      "accuracy": 0.12413194444444445,
      "balanced_accuracy": 0.15966325380728563,
      "precision_macro": 0.1355173038248777,
      "precision_micro": 0.12413194444444445,
      "precision_weighted": 0.1685604486613168,
      "recall_macro": 0.15966325380728563,
      "recall_micro": 0.12413194444444445,
      "recall_weighted": 0.12413194444444445,
      "f1_macro": 0.11100717167346244,
      "f1_micro": 0.12413194444444445,
      "f1_weighted": 0.11333090690532895,
      "confusion_matrix": [
        [
          100,
          22,
          34,
          39,
          11,
          1,
          28,
          0,
          65
        ],
        [
          43,
          36,
          59,
          63,
          8,
          4,
          48,
          0,
          80
        ],
        [
          79,
          60,
          122,
          159,
          25,
          22,
          79,
          0,
          156
        ],
        [
          52,
          36,
          128,
          176,
          19,
          10,
          97,
          0,
          205
        ],
        [
          139,
          42,
          139,
          172,
          50,
          11,
          90,
          0,
          265
        ],
        [
          102,
          77,
          182,
          213,
          40,
          26,
          154,
          0,
          343
        ],
        [
          125,
          61,
          111,
          246,
          53,
          33,
          145,
          2,
          318
        ],
        [
          61,
          28,
          48,
          72,
          15,
          8,
          48,
          0,
          113
        ],
        [
          29,
          6,
          8,
          25,
          0,
          2,
          32,
          0,
          60
        ]
      ]
    }
  },
  "run_timestamp": "20251208_102033_051967",
  "params_hash": "e6f7442a2b490b0068f0924b271356be3c42a29ad9cf50c192513182a91f3ef3"
}