{
  "best_epoch": 0,
  "best_val_loss": null,
  "total_seconds": 0.012426147004589438,
  "epochs": [],
  "train_metrics": {
    "classification": {
      "labels": [
        0,
        1,
        2,
        3,
        4
      ],
      "accuracy": 0.27053571428571427,
      "balanced_accuracy": 0.262513485781273,
      "precision_macro": 0.2505510891474273,
      "precision_micro": 0.27053571428571427,
      "precision_weighted": 0.273072343954138,
      "recall_macro": 0.262513485781273,
      "recall_micro": 0.27053571428571427,
      "recall_weighted": 0.27053571428571427,
      "f1_macro": 0.23946317158818048,
      "f1_micro": 0.27053571428571427,
      "f1_weighted": 0.2608660835701357,
      "confusion_matrix": [
        [
          446,
          162,
          31,
          249,
          317
        ],
        [
          565,
          591,
          107,
          601,
          795
        ],
        [
          444,
          372,
          111,
          497,
          714
        ],
        [
          713,
          514,
          152,
          1144,
          1131
        ],
        [
          618,
          585,
          176,
          1061,
          1344
        ]
      ]
    }
  },
  "test_metrics": {
    "classification": {
      "labels": [
        0,
        1,
        2,
        3,
        4
      ],
      "accuracy": 0.259375,
      "balanced_accuracy": 0.25658734546205053,
      "precision_macro": 0.23457128182047357,
      "precision_micro": 0.259375,
      "precision_weighted": 0.257127766921208,
      "recall_macro": 0.25658734546205053,
      "recall_micro": 0.259375,
      "recall_weighted": 0.259375,
      "f1_macro": 0.2299365590497673,
      "f1_micro": 0.259375,
      "f1_weighted": 0.24905005181745948,
      "confusion_matrix": [
        [
          189,
          59,
          22,
          101,
          119
        ],
        [
          234,
          251,
          52,
          275,
          339
        ],
        [
          214,
          148,
          39,
          224,
          312
        ],
        [
          290,
          247,
          67,
          481,
          466
        ],
        [
          261,
          257,
          89,
          490,
          534
        ]
      ]
    }
  },
  "run_timestamp": "20251208_141549_350093",
  "params_hash": "c82f018cca124a07b998744358af82a4e16dfd5dde372d449964938dd8efe011"
}