{
  "best_epoch": 0,
  "best_val_loss": null,
  "total_seconds": 2.5099533699976746,
  "epochs": [],
  "train_metrics": {
    "classification": {
      "labels": [
        0,
        1,
        2,
        3,
        4
      ],
      "accuracy": 0.31792228694052727,
      "balanced_accuracy": 0.29079152879703407,
      "precision_macro": 0.28260638558609863,
      "precision_micro": 0.31792228694052727,
      "precision_weighted": 0.32117018674715186,
      "recall_macro": 0.29079152879703407,
      "recall_micro": 0.31792228694052727,
      "recall_weighted": 0.31792228694052727,
      "f1_macro": 0.2710345507028114,
      "f1_micro": 0.31792228694052727,
      "f1_weighted": 0.30987497793223745,
      "confusion_matrix": [
        [
          7164,
          2229,
          940,
          4336,
          3191
        ],
        [
          7527,
          8768,
          2622,
          16258,
          8138
        ],
        [
          5582,
          3528,
          2807,
          11283,
          4077
        ],
        [
          12040,
          9243,
          4551,
          34888,
          12023
        ],
        [
          9518,
          5053,
          2655,
          17602,
          12745
        ]
      ]
    }
  },
  "test_metrics": {
    "classification": {
      "labels": [
        0,
        1,
        2,
        3,
        4
      ],
      "accuracy": 0.3142659155937053,
      "balanced_accuracy": 0.28746660050200606,
      "precision_macro": 0.2800631791034778,
      "precision_micro": 0.3142659155937053,
      "precision_weighted": 0.31757999419291716,
      "recall_macro": 0.28746660050200606,
      "recall_micro": 0.3142659155937053,
      "recall_weighted": 0.3142659155937053,
      "f1_macro": 0.2684193501513977,
      "f1_micro": 0.3142659155937053,
      "f1_weighted": 0.30623835331597227,
      "confusion_matrix": [
        [
          3052,
          1014,
          402,
          1898,
          1404
        ],
        [
          3232,
          3830,
          1075,
          7098,
          3430
        ],
        [
          2429,
          1553,
          1174,
          4714,
          1764
        ],
        [
          5080,
          3950,
          1897,
          14660,
          5120
        ],
        [
          4242,
          2186,
          1246,
          7620,
          5402
        ]
      ]
    }
  },
  "run_timestamp": "20251226_201804_028920",
  "params_hash": "010000376ed6ae536d214c92d022c4ba8c301c36e48cb3344d540ded2c8e84dc"
}