{
  "best_epoch": 0,
  "best_val_loss": null,
  "total_seconds": 0.028547152993269265,
  "epochs": [],
  "train_metrics": {
    "classification": {
      "labels": [
        0,
        1,
        2,
        3,
        4,
        5,
        6,
        7,
        8
      ],
      "accuracy": 0.14970238095238095,
      "balanced_accuracy": 0.1479763989320101,
      "precision_macro": 0.13861840194066968,
      "precision_micro": 0.14970238095238095,
      "precision_weighted": 0.1585001200113651,
      "recall_macro": 0.1479763989320101,
      "recall_micro": 0.14970238095238095,
      "recall_weighted": 0.14970238095238095,
      "f1_macro": 0.1249462348481021,
      "f1_micro": 0.14970238095238095,
      "f1_weighted": 0.1378375750733314,
      "confusion_matrix": [
        [
          13,
          175,
          48,
          29,
          233,
          66,
          36,
          38,
          69
        ],
        [
          16,
          336,
          74,
          64,
          198,
          58,
          91,
          34,
          68
        ],
        [
          18,
          392,
          137,
          101,
          338,
          139,
          105,
          93,
          175
        ],
        [
          25,
          382,
          152,
          132,
          427,
          157,
          138,
          149,
          262
        ],
        [
          43,
          445,
          98,
          132,
          759,
          212,
          183,
          171,
          270
        ],
        [
          13,
          284,
          107,
          84,
          332,
          208,
          97,
          133,
          219
        ],
        [
          24,
          616,
          199,
          181,
          603,
          250,
          197,
          185,
          333
        ],
        [
          14,
          320,
          92,
          110,
          357,
          137,
          108,
          132,
          199
        ],
        [
          4,
          53,
          50,
          76,
          174,
          100,
          48,
          22,
          98
        ]
      ]
    }
  },
  "test_metrics": {
    "classification": {
      "labels": [
        0,
        1,
        2,
        3,
        4,
        5,
        6,
        7,
        8
      ],
      "accuracy": 0.1467013888888889,
      "balanced_accuracy": 0.14331010230779068,
      "precision_macro": 0.13660231604325018,
      "precision_micro": 0.1467013888888889,
      "precision_weighted": 0.15942385382987181,
      "recall_macro": 0.14331010230779068,
      "recall_micro": 0.1467013888888889,
      "recall_weighted": 0.1467013888888889,
      "f1_macro": 0.12200075530615906,
      "f1_micro": 0.1467013888888889,
      "f1_weighted": 0.13710285728308294,
      "confusion_matrix": [
        [
          6,
          58,
          20,
          6,
          90,
          24,
          17,
          24,
          23
        ],
        [
          15,
          132,
          36,
          26,
          88,
          18,
          43,
          16,
          22
        ],
        [
          7,
          182,
          45,
          54,
          136,
          63,
          44,
          33,
          83
        ],
        [
          8,
          174,
          74,
          66,
          177,
          69,
          58,
          66,
          109
        ],
        [
          24,
          180,
          57,
          64,
          324,
          100,
          94,
          61,
          98
        ],
        [
          4,
          109,
          53,
          38,
          158,
          86,
          51,
          51,
          88
        ],
        [
          9,
          292,
          75,
          73,
          282,
          94,
          89,
          83,
          135
        ],
        [
          8,
          132,
          40,
          41,
          159,
          56,
          49,
          63,
          98
        ],
        [
          1,
          31,
          15,
          22,
          75,
          35,
          9,
          8,
          34
        ]
      ]
    }
  },
  "run_timestamp": "20251208_104524_417420",
  "params_hash": "167903b733c43523bce9b78aed76a6e0183172585c0c26b2f7d703a4cf2d6126"
}