{
  "best_epoch": 0,
  "best_val_loss": null,
  "total_seconds": 0.008560118003515527,
  "epochs": [],
  "train_metrics": {
    "classification": {
      "labels": [
        0,
        1,
        2,
        3,
        4
      ],
      "accuracy": 0.31026785714285715,
      "balanced_accuracy": 0.25577084983565335,
      "precision_macro": 0.26255648383831015,
      "precision_micro": 0.31026785714285715,
      "precision_weighted": 0.29793221325775865,
      "recall_macro": 0.25577084983565335,
      "recall_micro": 0.31026785714285715,
      "recall_weighted": 0.31026785714285715,
      "f1_macro": 0.20901435027839632,
      "f1_micro": 0.31026785714285715,
      "f1_weighted": 0.25588127060035637,
      "confusion_matrix": [
        [
          442,
          54,
          13,
          531,
          120
        ],
        [
          681,
          135,
          77,
          1656,
          251
        ],
        [
          344,
          89,
          69,
          1122,
          135
        ],
        [
          921,
          124,
          113,
          3059,
          421
        ],
        [
          568,
          116,
          79,
          1855,
          465
        ]
      ]
    }
  },
  "test_metrics": {
    "classification": {
      "labels": [
        0,
        1,
        2,
        3,
        4
      ],
      "accuracy": 0.30972222222222223,
      "balanced_accuracy": 0.25315922527228774,
      "precision_macro": 0.25890326342450026,
      "precision_micro": 0.30972222222222223,
      "precision_weighted": 0.29430212316326826,
      "recall_macro": 0.25315922527228774,
      "recall_micro": 0.30972222222222223,
      "recall_weighted": 0.30972222222222223,
      "f1_macro": 0.2054625117009589,
      "f1_micro": 0.30972222222222223,
      "f1_weighted": 0.25458934763898344,
      "confusion_matrix": [
        [
          187,
          21,
          5,
          229,
          48
        ],
        [
          261,
          43,
          36,
          756,
          94
        ],
        [
          180,
          27,
          31,
          454,
          54
        ],
        [
          415,
          54,
          42,
          1324,
          187
        ],
        [
          252,
          54,
          28,
          779,
          199
        ]
      ]
    }
  },
  "run_timestamp": "20251208_141529_721878",
  "params_hash": "4fd6535138bd8517528053ee1da28eb1287bbdb38fbe5ee8a73ae5e05376e90d"
}