{
  "best_epoch": 0,
  "best_val_loss": null,
  "total_seconds": 0.6331918649957515,
  "epochs": [],
  "train_metrics": {
    "classification": {
      "labels": [
        0,
        1,
        2,
        3,
        4
      ],
      "accuracy": 0.2894361204782342,
      "balanced_accuracy": 0.2572082374742763,
      "precision_macro": 0.25716816016833277,
      "precision_micro": 0.2894361204782342,
      "precision_weighted": 0.2912914456577348,
      "recall_macro": 0.2572082374742763,
      "recall_micro": 0.2894361204782342,
      "recall_weighted": 0.2894361204782342,
      "f1_macro": 0.21378618348400563,
      "f1_micro": 0.2894361204782342,
      "f1_weighted": 0.25822200206850476,
      "confusion_matrix": [
        [
          7926,
          1254,
          350,
          5972,
          2358
        ],
        [
          10617,
          3492,
          836,
          21145,
          7223
        ],
        [
          6815,
          1623,
          930,
          13486,
          4423
        ],
        [
          17394,
          3627,
          1307,
          38915,
          11502
        ],
        [
          12542,
          2911,
          705,
          22253,
          9162
        ]
      ]
    }
  },
  "test_metrics": {
    "classification": {
      "labels": [
        0,
        1,
        2,
        3,
        4
      ],
      "accuracy": 0.28719599427753933,
      "balanced_accuracy": 0.253822809810092,
      "precision_macro": 0.25743608625486736,
      "precision_micro": 0.28719599427753933,
      "precision_weighted": 0.2903952435397447,
      "recall_macro": 0.253822809810092,
      "recall_micro": 0.28719599427753933,
      "recall_weighted": 0.28719599427753933,
      "f1_macro": 0.21288492948809906,
      "f1_micro": 0.28719599427753933,
      "f1_weighted": 0.25654866637298634,
      "confusion_matrix": [
        [
          3281,
          648,
          142,
          2692,
          1007
        ],
        [
          4537,
          1571,
          369,
          9196,
          2992
        ],
        [
          2856,
          735,
          382,
          5765,
          1896
        ],
        [
          7322,
          1520,
          498,
          16432,
          4935
        ],
        [
          5472,
          1281,
          290,
          9623,
          4030
        ]
      ]
    }
  },
  "run_timestamp": "20251226_195838_785775",
  "params_hash": "d325be190fc61eb31a6d90f52089ad30b2324de01f0e0ea0540d660abd502c87"
}