{
  "best_epoch": 0,
  "best_val_loss": null,
  "total_seconds": 0.01816336599586066,
  "epochs": [],
  "train_metrics": {
    "classification": {
      "labels": [
        0,
        1,
        2,
        3,
        4,
        5,
        6,
        7,
        8
      ],
      "accuracy": 0.14665178571428572,
      "balanced_accuracy": 0.15446216905722088,
      "precision_macro": 0.1320846853007053,
      "precision_micro": 0.14665178571428572,
      "precision_weighted": 0.1555154748335634,
      "recall_macro": 0.15446216905722088,
      "recall_micro": 0.14665178571428572,
      "recall_weighted": 0.14665178571428572,
      "f1_macro": 0.09993441297964849,
      "f1_micro": 0.14665178571428572,
      "f1_weighted": 0.111729870500193,
      "confusion_matrix": [
        [
          324,
          15,
          29,
          11,
          41,
          191,
          21,
          6,
          97
        ],
        [
          238,
          57,
          49,
          12,
          48,
          287,
          18,
          8,
          112
        ],
        [
          391,
          89,
          86,
          32,
          61,
          641,
          52,
          40,
          261
        ],
        [
          420,
          80,
          112,
          24,
          62,
          607,
          53,
          40,
          279
        ],
        [
          501,
          95,
          87,
          26,
          117,
          720,
          41,
          39,
          406
        ],
        [
          519,
          66,
          124,
          28,
          139,
          1157,
          116,
          54,
          440
        ],
        [
          521,
          94,
          117,
          24,
          124,
          1046,
          74,
          38,
          438
        ],
        [
          121,
          26,
          59,
          17,
          42,
          502,
          24,
          24,
          172
        ],
        [
          61,
          18,
          8,
          1,
          19,
          165,
          26,
          2,
          108
        ]
      ]
    }
  },
  "test_metrics": {
    "classification": {
      "labels": [
        0,
        1,
        2,
        3,
        4,
        5,
        6,
        7,
        8
      ],
      "accuracy": 0.1517361111111111,
      "balanced_accuracy": 0.15827389997566374,
      "precision_macro": 0.14073862222534456,
      "precision_micro": 0.1517361111111111,
      "precision_weighted": 0.17379805228983158,
      "recall_macro": 0.15827389997566374,
      "recall_micro": 0.1517361111111111,
      "recall_weighted": 0.1517361111111111,
      "f1_macro": 0.10520984095825195,
      "f1_micro": 0.1517361111111111,
      "f1_weighted": 0.12113263092488948,
      "confusion_matrix": [
        [
          136,
          8,
          10,
          7,
          10,
          65,
          11,
          7,
          46
        ],
        [
          108,
          25,
          18,
          4,
          16,
          116,
          7,
          7,
          40
        ],
        [
          162,
          33,
          47,
          18,
          21,
          285,
          17,
          19,
          100
        ],
        [
          171,
          33,
          45,
          12,
          38,
          265,
          18,
          13,
          128
        ],
        [
          224,
          48,
          24,
          12,
          64,
          312,
          14,
          18,
          192
        ],
        [
          200,
          32,
          64,
          19,
          76,
          500,
          57,
          18,
          171
        ],
        [
          247,
          31,
          60,
          21,
          49,
          429,
          43,
          15,
          199
        ],
        [
          56,
          5,
          26,
          9,
          13,
          187,
          14,
          7,
          76
        ],
        [
          26,
          7,
          6,
          2,
          9,
          66,
          4,
          2,
          40
        ]
      ]
    }
  },
  "run_timestamp": "20251208_104113_615034",
  "params_hash": "ce9adade62915492e8665caebc62ff2f3398dd21d06a22f83bd76774d5450038"
}