{
  "best_epoch": 0,
  "best_val_loss": null,
  "total_seconds": 0.013413528999080881,
  "epochs": [],
  "train_metrics": {
    "classification": {
      "labels": [
        0,
        1,
        2,
        3,
        4
      ],
      "accuracy": 0.2748511904761905,
      "balanced_accuracy": 0.24617695325850555,
      "precision_macro": 0.2488501140161341,
      "precision_micro": 0.2748511904761905,
      "precision_weighted": 0.2687376186315609,
      "recall_macro": 0.24617695325850555,
      "recall_micro": 0.2748511904761905,
      "recall_weighted": 0.2748511904761905,
      "f1_macro": 0.20280654576956664,
      "f1_micro": 0.2748511904761905,
      "f1_weighted": 0.22958644339844397,
      "confusion_matrix": [
        [
          369,
          127,
          3,
          193,
          513
        ],
        [
          565,
          329,
          18,
          372,
          1375
        ],
        [
          401,
          312,
          17,
          310,
          1098
        ],
        [
          636,
          416,
          18,
          608,
          1976
        ],
        [
          462,
          384,
          9,
          558,
          2371
        ]
      ]
    }
  },
  "test_metrics": {
    "classification": {
      "labels": [
        0,
        1,
        2,
        3,
        4
      ],
      "accuracy": 0.26788194444444446,
      "balanced_accuracy": 0.24484727117108465,
      "precision_macro": 0.2236259429541602,
      "precision_micro": 0.26788194444444446,
      "precision_weighted": 0.24499848696294377,
      "recall_macro": 0.24484727117108465,
      "recall_micro": 0.26788194444444446,
      "recall_weighted": 0.26788194444444446,
      "f1_macro": 0.20169035759694495,
      "f1_micro": 0.26788194444444446,
      "f1_weighted": 0.22523106532537115,
      "confusion_matrix": [
        [
          158,
          65,
          1,
          80,
          186
        ],
        [
          215,
          168,
          9,
          172,
          587
        ],
        [
          183,
          137,
          4,
          122,
          491
        ],
        [
          263,
          190,
          8,
          248,
          842
        ],
        [
          193,
          174,
          5,
          294,
          965
        ]
      ]
    }
  },
  "run_timestamp": "20251208_141630_133785",
  "params_hash": "71d61911b18d33f76a70fe03955000df6becfd6481f310f736634a0e97d1e641"
}