{
  "best_epoch": 0,
  "best_val_loss": null,
  "total_seconds": 6.624755011987872,
  "epochs": [],
  "train_metrics": {
    "classification": {
      "labels": [
        0,
        1,
        2,
        3,
        4,
        5,
        6,
        7,
        8
      ],
      "accuracy": 0.18484633660331085,
      "balanced_accuracy": 0.21278382594607928,
      "precision_macro": 0.1788549842098459,
      "precision_micro": 0.18484633660331085,
      "precision_weighted": 0.21668667415545623,
      "recall_macro": 0.21278382594607928,
      "recall_micro": 0.18484633660331085,
      "recall_weighted": 0.18484633660331085,
      "f1_macro": 0.1613736284101608,
      "f1_micro": 0.18484633660331085,
      "f1_weighted": 0.18220362337329504,
      "confusion_matrix": [
        [
          5756,
          398,
          381,
          599,
          951,
          1040,
          500,
          201,
          1385
        ],
        [
          3464,
          981,
          686,
          1110,
          1214,
          1583,
          1173,
          454,
          2027
        ],
        [
          5283,
          1222,
          1901,
          2378,
          3468,
          4124,
          2732,
          1012,
          3420
        ],
        [
          3944,
          1199,
          1636,
          4427,
          3370,
          4895,
          2396,
          655,
          3571
        ],
        [
          6992,
          1350,
          1461,
          3009,
          6782,
          4239,
          2318,
          629,
          5257
        ],
        [
          6852,
          1874,
          1637,
          4772,
          4809,
          9998,
          3797,
          1167,
          6444
        ],
        [
          8540,
          1713,
          1580,
          3523,
          3834,
          5588,
          5390,
          1002,
          7526
        ],
        [
          2842,
          877,
          595,
          1123,
          1069,
          2817,
          2147,
          564,
          2909
        ],
        [
          1339,
          335,
          172,
          407,
          278,
          425,
          359,
          100,
          2791
        ]
      ]
    }
  },
  "test_metrics": {
    "classification": {
      "labels": [
        0,
        1,
        2,
        3,
        4,
        5,
        6,
        7,
        8
      ],
      "accuracy": 0.18086105150214593,
      "balanced_accuracy": 0.20776422563094177,
      "precision_macro": 0.17621982979491901,
      "precision_micro": 0.18086105150214593,
      "precision_weighted": 0.2128058724765736,
      "recall_macro": 0.20776422563094177,
      "recall_micro": 0.18086105150214593,
      "recall_weighted": 0.18086105150214593,
      "f1_macro": 0.15863947947018625,
      "f1_micro": 0.18086105150214593,
      "f1_weighted": 0.1784421533535111,
      "confusion_matrix": [
        [
          2399,
          176,
          180,
          274,
          451,
          487,
          213,
          91,
          595
        ],
        [
          1437,
          426,
          304,
          450,
          583,
          745,
          485,
          173,
          879
        ],
        [
          2257,
          570,
          863,
          1015,
          1445,
          1852,
          1149,
          412,
          1478
        ],
        [
          1719,
          539,
          690,
          1895,
          1447,
          2057,
          1054,
          305,
          1481
        ],
        [
          2882,
          595,
          608,
          1292,
          2918,
          1754,
          1012,
          281,
          2289
        ],
        [
          2950,
          825,
          704,
          1986,
          2095,
          4069,
          1527,
          500,
          2710
        ],
        [
          3759,
          775,
          672,
          1545,
          1692,
          2427,
          2231,
          473,
          3184
        ],
        [
          1226,
          349,
          239,
          480,
          438,
          1286,
          944,
          230,
          1301
        ],
        [
          596,
          171,
          69,
          152,
          136,
          196,
          134,
          43,
          1151
        ]
      ]
    }
  },
  "run_timestamp": "20251226_200112_449724",
  "params_hash": "20eaf965952cbdea9281be1ca5447940329fdac8690cc21a413e43e0121f29e0"
}