{
  "best_epoch": 0,
  "best_val_loss": null,
  "total_seconds": 8.198454611003399,
  "epochs": [],
  "train_metrics": {
    "classification": {
      "labels": [
        0,
        1,
        2,
        3,
        4,
        5,
        6,
        7,
        8
      ],
      "accuracy": 0.17823612814224402,
      "balanced_accuracy": 0.20386833003761404,
      "precision_macro": 0.18176575670377026,
      "precision_micro": 0.17823612814224402,
      "precision_weighted": 0.20794293978238323,
      "recall_macro": 0.20386833003761404,
      "recall_micro": 0.17823612814224402,
      "recall_weighted": 0.17823612814224402,
      "f1_macro": 0.16734699859633131,
      "f1_micro": 0.17823612814224402,
      "f1_weighted": 0.17466949557385059,
      "confusion_matrix": [
        [
          2509,
          1501,
          230,
          1073,
          682,
          960,
          1105,
          430,
          2069
        ],
        [
          1769,
          3755,
          595,
          1164,
          521,
          1048,
          2879,
          918,
          1718
        ],
        [
          2844,
          2592,
          1209,
          2457,
          1133,
          3009,
          4455,
          1507,
          4088
        ],
        [
          3133,
          2931,
          1440,
          4043,
          1927,
          4156,
          3518,
          2124,
          5487
        ],
        [
          4902,
          3493,
          1094,
          3176,
          3528,
          4002,
          4337,
          2947,
          8656
        ],
        [
          2509,
          2707,
          1005,
          2538,
          1234,
          4850,
          2797,
          1429,
          3832
        ],
        [
          3699,
          4490,
          1333,
          3530,
          2186,
          4694,
          10177,
          3597,
          6753
        ],
        [
          2204,
          2211,
          599,
          2094,
          1498,
          2241,
          3964,
          2855,
          5273
        ],
        [
          566,
          658,
          160,
          665,
          699,
          797,
          923,
          603,
          4284
        ]
      ]
    }
  },
  "test_metrics": {
    "classification": {
      "labels": [
        0,
        1,
        2,
        3,
        4,
        5,
        6,
        7,
        8
      ],
      "accuracy": 0.1772398068669528,
      "balanced_accuracy": 0.20313110102750348,
      "precision_macro": 0.18027830242682769,
      "precision_micro": 0.1772398068669528,
      "precision_weighted": 0.20541618668286027,
      "recall_macro": 0.20313110102750348,
      "recall_micro": 0.1772398068669528,
      "recall_weighted": 0.1772398068669528,
      "f1_macro": 0.16641092937275678,
      "f1_micro": 0.1772398068669528,
      "f1_weighted": 0.17344361207155895,
      "confusion_matrix": [
        [
          1075,
          700,
          115,
          432,
          285,
          413,
          426,
          186,
          954
        ],
        [
          751,
          1660,
          253,
          538,
          232,
          483,
          1305,
          389,
          759
        ],
        [
          1236,
          1077,
          499,
          1063,
          491,
          1322,
          1889,
          657,
          1791
        ],
        [
          1424,
          1177,
          620,
          1630,
          840,
          1768,
          1463,
          860,
          2234
        ],
        [
          2204,
          1416,
          464,
          1333,
          1472,
          1771,
          1813,
          1201,
          3684
        ],
        [
          1118,
          1178,
          450,
          1111,
          546,
          2053,
          1217,
          642,
          1637
        ],
        [
          1610,
          1917,
          545,
          1514,
          990,
          1953,
          4366,
          1555,
          2875
        ],
        [
          946,
          923,
          258,
          901,
          638,
          955,
          1788,
          1279,
          2226
        ],
        [
          242,
          247,
          77,
          297,
          263,
          343,
          388,
          245,
          1824
        ]
      ]
    }
  },
  "run_timestamp": "20251226_202008_424840",
  "params_hash": "2ce6ff0e29e12141df2aa9c17f7635497c118bc803172855a279fb0c2bdddd62"
}