{
  "best_epoch": 0,
  "best_val_loss": null,
  "total_seconds": 0.022182214001077227,
  "epochs": [],
  "train_metrics": {
    "classification": {
      "labels": [
        0,
        1,
        2,
        3,
        4,
        5,
        6,
        7,
        8
      ],
      "accuracy": 0.1527529761904762,
      "balanced_accuracy": 0.16794087994341753,
      "precision_macro": 0.15268832638753382,
      "precision_micro": 0.1527529761904762,
      "precision_weighted": 0.17609247856274807,
      "recall_macro": 0.16794087994341753,
      "recall_micro": 0.1527529761904762,
      "recall_weighted": 0.1527529761904762,
      "f1_macro": 0.13252149792702866,
      "f1_micro": 0.1527529761904762,
      "f1_weighted": 0.14255177030072616,
      "confusion_matrix": [
        [
          233,
          65,
          19,
          7,
          93,
          65,
          93,
          8,
          124
        ],
        [
          211,
          102,
          54,
          21,
          98,
          123,
          194,
          10,
          126
        ],
        [
          304,
          125,
          78,
          20,
          104,
          291,
          262,
          63,
          251
        ],
        [
          308,
          181,
          89,
          32,
          157,
          349,
          317,
          93,
          298
        ],
        [
          452,
          134,
          121,
          26,
          366,
          414,
          316,
          85,
          399
        ],
        [
          197,
          116,
          76,
          19,
          132,
          352,
          260,
          86,
          239
        ],
        [
          351,
          140,
          111,
          28,
          269,
          426,
          611,
          129,
          523
        ],
        [
          190,
          44,
          56,
          20,
          188,
          261,
          321,
          82,
          307
        ],
        [
          74,
          27,
          35,
          5,
          88,
          64,
          115,
          20,
          197
        ]
      ]
    }
  },
  "test_metrics": {
    "classification": {
      "labels": [
        0,
        1,
        2,
        3,
        4,
        5,
        6,
        7,
        8
      ],
      "accuracy": 0.13072916666666667,
      "balanced_accuracy": 0.15062538905963252,
      "precision_macro": 0.1312888161228748,
      "precision_micro": 0.13072916666666667,
      "precision_weighted": 0.1521043073399045,
      "recall_macro": 0.15062538905963252,
      "recall_micro": 0.13072916666666667,
      "recall_weighted": 0.13072916666666667,
      "f1_macro": 0.114671977738313,
      "f1_micro": 0.13072916666666667,
      "f1_weighted": 0.12243405234363934,
      "confusion_matrix": [
        [
          75,
          27,
          7,
          7,
          39,
          24,
          32,
          3,
          54
        ],
        [
          91,
          51,
          12,
          4,
          33,
          55,
          85,
          7,
          58
        ],
        [
          130,
          54,
          29,
          15,
          32,
          129,
          119,
          25,
          114
        ],
        [
          143,
          74,
          36,
          12,
          82,
          144,
          161,
          38,
          111
        ],
        [
          172,
          66,
          65,
          6,
          139,
          183,
          145,
          43,
          183
        ],
        [
          73,
          57,
          22,
          10,
          56,
          127,
          138,
          33,
          122
        ],
        [
          145,
          69,
          52,
          19,
          148,
          174,
          222,
          61,
          242
        ],
        [
          73,
          28,
          15,
          7,
          86,
          123,
          134,
          26,
          154
        ],
        [
          34,
          6,
          20,
          1,
          30,
          23,
          34,
          10,
          72
        ]
      ]
    }
  },
  "run_timestamp": "20251208_104602_644530",
  "params_hash": "d6b12d2500a8dc1f7c3ed2a0e87e0e797d6c65d8090d6a9f31952db51baa4a39"
}