{
  "best_epoch": 0,
  "best_val_loss": null,
  "total_seconds": 0.038220121001359075,
  "epochs": [],
  "train_metrics": {
    "classification": {
      "labels": [
        0,
        1,
        2,
        3,
        4,
        5,
        6,
        7,
        8
      ],
      "accuracy": 0.15751488095238095,
      "balanced_accuracy": 0.16755588159000512,
      "precision_macro": 0.15153041300656817,
      "precision_micro": 0.15751488095238095,
      "precision_weighted": 0.1733901476576907,
      "recall_macro": 0.16755588159000512,
      "recall_micro": 0.15751488095238095,
      "recall_weighted": 0.15751488095238095,
      "f1_macro": 0.14083856038590079,
      "f1_micro": 0.15751488095238095,
      "f1_weighted": 0.15048103058168977,
      "confusion_matrix": [
        [
          123,
          163,
          22,
          27,
          116,
          89,
          61,
          31,
          75
        ],
        [
          104,
          277,
          42,
          63,
          96,
          103,
          119,
          53,
          82
        ],
        [
          129,
          256,
          79,
          70,
          157,
          300,
          218,
          75,
          214
        ],
        [
          154,
          345,
          84,
          63,
          170,
          349,
          235,
          115,
          309
        ],
        [
          245,
          362,
          59,
          86,
          387,
          373,
          323,
          77,
          401
        ],
        [
          145,
          220,
          56,
          56,
          134,
          415,
          216,
          67,
          168
        ],
        [
          199,
          382,
          99,
          110,
          331,
          483,
          527,
          130,
          327
        ],
        [
          119,
          201,
          48,
          62,
          188,
          249,
          256,
          102,
          244
        ],
        [
          60,
          36,
          30,
          47,
          111,
          109,
          76,
          12,
          144
        ]
      ]
    }
  },
  "test_metrics": {
    "classification": {
      "labels": [
        0,
        1,
        2,
        3,
        4,
        5,
        6,
        7,
        8
      ],
      "accuracy": 0.14704861111111112,
      "balanced_accuracy": 0.1600718429864097,
      "precision_macro": 0.14765775728278724,
      "precision_micro": 0.14704861111111112,
      "precision_weighted": 0.16925900991779239,
      "recall_macro": 0.1600718429864097,
      "recall_micro": 0.14704861111111112,
      "recall_weighted": 0.14704861111111112,
      "f1_macro": 0.13412151968787556,
      "f1_micro": 0.14704861111111112,
      "f1_weighted": 0.1426733545852862,
      "confusion_matrix": [
        [
          52,
          45,
          15,
          10,
          49,
          35,
          15,
          14,
          33
        ],
        [
          42,
          121,
          17,
          28,
          53,
          43,
          47,
          16,
          29
        ],
        [
          50,
          122,
          31,
          33,
          69,
          123,
          92,
          28,
          99
        ],
        [
          64,
          145,
          21,
          41,
          78,
          167,
          103,
          45,
          137
        ],
        [
          104,
          162,
          28,
          36,
          155,
          186,
          155,
          36,
          140
        ],
        [
          54,
          91,
          30,
          37,
          77,
          150,
          75,
          31,
          93
        ],
        [
          92,
          185,
          39,
          58,
          179,
          186,
          201,
          53,
          139
        ],
        [
          51,
          81,
          16,
          37,
          88,
          106,
          118,
          51,
          98
        ],
        [
          23,
          26,
          11,
          12,
          43,
          31,
          30,
          9,
          45
        ]
      ]
    }
  },
  "run_timestamp": "20251208_103508_346252",
  "params_hash": "9aea92eb2e5a441eaa8a63af3a6d23f606a6298e7ff7ffff438ae29e71045537"
}