{
  "best_epoch": 0,
  "best_val_loss": null,
  "total_seconds": 8.642516652995255,
  "epochs": [],
  "train_metrics": {
    "classification": {
      "labels": [
        0,
        1,
        2,
        3,
        4,
        5,
        6,
        7,
        8
      ],
      "accuracy": 0.1958489806866953,
      "balanced_accuracy": 0.22880982788901402,
      "precision_macro": 0.1934546571612969,
      "precision_micro": 0.1958489806866953,
      "precision_weighted": 0.2322745995366238,
      "recall_macro": 0.22880982788901402,
      "recall_micro": 0.1958489806866953,
      "recall_weighted": 0.1958489806866953,
      "f1_macro": 0.1776448108142742,
      "f1_micro": 0.1958489806866953,
      "f1_weighted": 0.19494697309504683,
      "confusion_matrix": [
        [
          5820,
          564,
          493,
          539,
          817,
          830,
          353,
          360,
          1435
        ],
        [
          2924,
          2012,
          868,
          885,
          933,
          1469,
          1023,
          591,
          1987
        ],
        [
          4482,
          2410,
          2231,
          2305,
          2991,
          3731,
          2490,
          1163,
          3737
        ],
        [
          3586,
          1713,
          1522,
          5504,
          2812,
          4654,
          2189,
          837,
          3276
        ],
        [
          6220,
          2287,
          1653,
          3518,
          6230,
          4390,
          1947,
          912,
          4880
        ],
        [
          5953,
          2780,
          1621,
          6007,
          4189,
          10155,
          3378,
          1508,
          5759
        ],
        [
          7644,
          2491,
          1690,
          4234,
          3487,
          5171,
          5343,
          1391,
          7245
        ],
        [
          2456,
          1261,
          698,
          942,
          1005,
          2669,
          2090,
          781,
          3041
        ],
        [
          1279,
          496,
          136,
          412,
          227,
          288,
          433,
          124,
          2811
        ]
      ]
    }
  },
  "test_metrics": {
    "classification": {
      "labels": [
        0,
        1,
        2,
        3,
        4,
        5,
        6,
        7,
        8
      ],
      "accuracy": 0.1912106580829757,
      "balanced_accuracy": 0.22396439989147934,
      "precision_macro": 0.1908140325377017,
      "precision_micro": 0.1912106580829757,
      "precision_weighted": 0.22737405038305417,
      "recall_macro": 0.22396439989147934,
      "recall_micro": 0.1912106580829757,
      "recall_weighted": 0.1912106580829757,
      "f1_macro": 0.17456577549716387,
      "f1_micro": 0.1912106580829757,
      "f1_weighted": 0.19028689678716879,
      "confusion_matrix": [
        [
          2417,
          250,
          238,
          274,
          383,
          391,
          158,
          158,
          597
        ],
        [
          1231,
          858,
          366,
          347,
          460,
          667,
          424,
          228,
          901
        ],
        [
          1911,
          1085,
          980,
          981,
          1253,
          1656,
          1077,
          508,
          1590
        ],
        [
          1585,
          739,
          638,
          2298,
          1231,
          2048,
          943,
          348,
          1357
        ],
        [
          2538,
          979,
          685,
          1557,
          2713,
          1795,
          886,
          360,
          2118
        ],
        [
          2513,
          1188,
          691,
          2591,
          1824,
          4091,
          1403,
          622,
          2443
        ],
        [
          3334,
          1109,
          678,
          1862,
          1558,
          2259,
          2211,
          644,
          3103
        ],
        [
          1102,
          515,
          283,
          423,
          425,
          1188,
          856,
          357,
          1344
        ],
        [
          576,
          215,
          66,
          157,
          99,
          136,
          169,
          47,
          1183
        ]
      ]
    }
  },
  "run_timestamp": "20251226_200323_610673",
  "params_hash": "4a5742fef067b569a650c881494384ef64c256f62d3c03d9e8cd2f9ce1e02c8b"
}