{
  "best_epoch": 0,
  "best_val_loss": null,
  "total_seconds": 4.064119722985197,
  "epochs": [],
  "train_metrics": {
    "classification": {
      "labels": [
        0,
        1,
        2,
        3,
        4,
        5,
        6,
        7,
        8
      ],
      "accuracy": 0.18149812231759657,
      "balanced_accuracy": 0.21055744577924576,
      "precision_macro": 0.18042697866128632,
      "precision_micro": 0.18149812231759657,
      "precision_weighted": 0.21872067220515187,
      "recall_macro": 0.21055744577924576,
      "recall_micro": 0.18149812231759657,
      "recall_weighted": 0.18149812231759657,
      "f1_macro": 0.16016118011365452,
      "f1_micro": 0.18149812231759657,
      "f1_weighted": 0.17540254464827917,
      "confusion_matrix": [
        [
          6028,
          515,
          660,
          556,
          241,
          1151,
          444,
          389,
          1227
        ],
        [
          3602,
          1698,
          1334,
          909,
          155,
          1632,
          1016,
          780,
          1566
        ],
        [
          4819,
          2317,
          3074,
          2729,
          843,
          3697,
          2067,
          2277,
          3717
        ],
        [
          3999,
          1843,
          2220,
          4815,
          945,
          5643,
          2259,
          1166,
          3203
        ],
        [
          8286,
          1883,
          2718,
          3864,
          1601,
          6124,
          2115,
          1434,
          4012
        ],
        [
          6372,
          2191,
          2631,
          4696,
          1519,
          12091,
          3742,
          2422,
          5686
        ],
        [
          7894,
          3057,
          2233,
          3608,
          920,
          6797,
          5210,
          2090,
          6887
        ],
        [
          2494,
          1458,
          949,
          872,
          297,
          3211,
          1829,
          1083,
          2750
        ],
        [
          1356,
          487,
          181,
          316,
          84,
          740,
          554,
          197,
          2291
        ]
      ]
    }
  },
  "test_metrics": {
    "classification": {
      "labels": [
        0,
        1,
        2,
        3,
        4,
        5,
        6,
        7,
        8
      ],
      "accuracy": 0.1796875,
      "balanced_accuracy": 0.20880629706832513,
      "precision_macro": 0.18010359107039547,
      "precision_micro": 0.1796875,
      "precision_weighted": 0.21637872423160048,
      "recall_macro": 0.20880629706832513,
      "recall_micro": 0.1796875,
      "recall_weighted": 0.1796875,
      "f1_macro": 0.15967052317596775,
      "f1_micro": 0.1796875,
      "f1_weighted": 0.17336510208577777,
      "confusion_matrix": [
        [
          2543,
          232,
          293,
          238,
          100,
          527,
          203,
          172,
          558
        ],
        [
          1513,
          766,
          610,
          425,
          61,
          702,
          381,
          340,
          684
        ],
        [
          2117,
          1012,
          1313,
          1187,
          312,
          1646,
          903,
          980,
          1571
        ],
        [
          1759,
          830,
          963,
          2082,
          407,
          2422,
          947,
          486,
          1291
        ],
        [
          3384,
          833,
          1087,
          1662,
          685,
          2638,
          959,
          615,
          1768
        ],
        [
          2701,
          937,
          1128,
          1968,
          697,
          5103,
          1547,
          927,
          2358
        ],
        [
          3460,
          1430,
          911,
          1608,
          410,
          2897,
          2105,
          909,
          3028
        ],
        [
          1079,
          546,
          432,
          356,
          117,
          1425,
          785,
          522,
          1231
        ],
        [
          619,
          199,
          67,
          136,
          45,
          333,
          207,
          84,
          958
        ]
      ]
    }
  },
  "run_timestamp": "20251226_201725_009238",
  "params_hash": "fbbe82e4ef45cc6e93c671e2d99d4492031cbfef341e79f07c368f998fcadf2c"
}