{
  "best_epoch": 0,
  "best_val_loss": null,
  "total_seconds": 162.17684666400237,
  "epochs": [],
  "train_metrics": {
    "classification": {
      "labels": [
        0,
        1,
        2,
        3,
        4,
        5,
        6,
        7,
        8
      ],
      "accuracy": 0.20287698412698413,
      "balanced_accuracy": 0.11572709726425152,
      "precision_macro": 0.6049921657786332,
      "precision_micro": 0.20287698412698413,
      "precision_weighted": 0.611577335003336,
      "recall_macro": 0.11572709726425152,
      "recall_micro": 0.20287698412698413,
      "recall_weighted": 0.20287698412698413,
      "f1_macro": 0.0462200991931712,
      "f1_micro": 0.20287698412698413,
      "f1_weighted": 0.07734236276167006,
      "confusion_matrix": [
        [
          1,
          0,
          0,
          0,
          5,
          0,
          420,
          0,
          0
        ],
        [
          0,
          0,
          0,
          0,
          1,
          0,
          558,
          0,
          0
        ],
        [
          0,
          0,
          2,
          0,
          6,
          0,
          866,
          0,
          0
        ],
        [
          0,
          0,
          0,
          5,
          10,
          0,
          1099,
          0,
          0
        ],
        [
          0,
          0,
          0,
          0,
          33,
          1,
          1331,
          0,
          0
        ],
        [
          0,
          0,
          0,
          0,
          5,
          5,
          858,
          0,
          0
        ],
        [
          0,
          0,
          0,
          0,
          3,
          0,
          1586,
          0,
          0
        ],
        [
          0,
          0,
          0,
          0,
          12,
          0,
          899,
          4,
          0
        ],
        [
          0,
          0,
          0,
          0,
          5,
          0,
          349,
          0,
          0
        ]
      ]
    }
  },
  "test_metrics": {
    "classification": {
      "labels": [
        0,
        1,
        2,
        3,
        4,
        5,
        6,
        7,
        8
      ],
      "accuracy": 0.18894675925925927,
      "balanced_accuracy": 0.1123586227912116,
      "precision_macro": 0.07208649524556854,
      "precision_micro": 0.18894675925925927,
      "precision_weighted": 0.10542473874683543,
      "recall_macro": 0.1123586227912116,
      "recall_micro": 0.18894675925925927,
      "recall_weighted": 0.18894675925925927,
      "f1_macro": 0.039135791545043694,
      "f1_micro": 0.18894675925925927,
      "f1_weighted": 0.06523072646811368,
      "confusion_matrix": [
        [
          0,
          0,
          0,
          0,
          2,
          0,
          162,
          0,
          0
        ],
        [
          0,
          0,
          0,
          0,
          1,
          0,
          242,
          0,
          0
        ],
        [
          0,
          0,
          0,
          0,
          1,
          0,
          399,
          0,
          0
        ],
        [
          0,
          0,
          0,
          0,
          7,
          1,
          456,
          0,
          0
        ],
        [
          0,
          0,
          0,
          0,
          10,
          3,
          602,
          0,
          0
        ],
        [
          0,
          0,
          1,
          0,
          6,
          1,
          363,
          0,
          0
        ],
        [
          0,
          0,
          0,
          0,
          4,
          1,
          642,
          0,
          0
        ],
        [
          0,
          0,
          0,
          0,
          2,
          0,
          386,
          0,
          0
        ],
        [
          0,
          0,
          0,
          0,
          1,
          0,
          163,
          0,
          0
        ]
      ]
    }
  },
  "run_timestamp": "20251223_183111_877194",
  "params_hash": "7279d78cb18456aec0b2a0f3a502498caddaba0a24f779173a44d81e33f1881a"
}