{
  "best_epoch": 0,
  "best_val_loss": null,
  "total_seconds": 0.009132473001955077,
  "epochs": [],
  "train_metrics": {
    "classification": {
      "labels": [
        0,
        1,
        2,
        3,
        4
      ],
      "accuracy": 0.2688988095238095,
      "balanced_accuracy": 0.23287801375193937,
      "precision_macro": 0.24969315573273465,
      "precision_micro": 0.2688988095238095,
      "precision_weighted": 0.26723763604088985,
      "recall_macro": 0.23287801375193937,
      "recall_micro": 0.2688988095238095,
      "recall_weighted": 0.2688988095238095,
      "f1_macro": 0.20973058743618567,
      "f1_micro": 0.2688988095238095,
      "f1_weighted": 0.24027853286837308,
      "confusion_matrix": [
        [
          227,
          250,
          0,
          194,
          534
        ],
        [
          300,
          638,
          6,
          595,
          1120
        ],
        [
          209,
          458,
          6,
          482,
          983
        ],
        [
          418,
          770,
          5,
          890,
          1571
        ],
        [
          356,
          664,
          5,
          906,
          1853
        ]
      ]
    }
  },
  "test_metrics": {
    "classification": {
      "labels": [
        0,
        1,
        2,
        3,
        4
      ],
      "accuracy": 0.2677083333333333,
      "balanced_accuracy": 0.23573970309164696,
      "precision_macro": 0.2613763753602461,
      "precision_micro": 0.2677083333333333,
      "precision_weighted": 0.27655590855311246,
      "recall_macro": 0.23573970309164696,
      "recall_micro": 0.2677083333333333,
      "recall_weighted": 0.2677083333333333,
      "f1_macro": 0.21154401469403156,
      "f1_micro": 0.2677083333333333,
      "f1_weighted": 0.2398699177681752,
      "confusion_matrix": [
        [
          105,
          92,
          1,
          76,
          216
        ],
        [
          143,
          271,
          2,
          263,
          472
        ],
        [
          122,
          199,
          5,
          208,
          403
        ],
        [
          174,
          320,
          6,
          373,
          678
        ],
        [
          137,
          317,
          1,
          388,
          788
        ]
      ]
    }
  },
  "run_timestamp": "20251208_141446_420542",
  "params_hash": "58e7927d0ffcd3e27dfbe8918545768df763da36dc60432a77953ccba7fbaa32"
}