{
  "best_epoch": 0,
  "best_val_loss": null,
  "total_seconds": 0.06979937299911398,
  "epochs": [],
  "train_metrics": {
    "classification": {
      "labels": [
        0,
        1,
        2,
        3,
        4,
        5,
        6,
        7,
        8
      ],
      "accuracy": 0.18325892857142856,
      "balanced_accuracy": 0.2055426379115074,
      "precision_macro": 0.16756363934200924,
      "precision_micro": 0.18325892857142856,
      "precision_weighted": 0.19676264441556301,
      "recall_macro": 0.2055426379115074,
      "recall_micro": 0.18325892857142856,
      "recall_weighted": 0.18325892857142856,
      "f1_macro": 0.15134868202815566,
      "f1_micro": 0.18325892857142856,
      "f1_weighted": 0.16727807025114644,
      "confusion_matrix": [
        [
          299,
          57,
          8,
          16,
          59,
          98,
          58,
          16,
          124
        ],
        [
          168,
          146,
          16,
          31,
          53,
          158,
          71,
          23,
          163
        ],
        [
          288,
          139,
          53,
          66,
          179,
          418,
          143,
          68,
          299
        ],
        [
          253,
          101,
          52,
          71,
          240,
          535,
          104,
          61,
          260
        ],
        [
          357,
          122,
          50,
          56,
          372,
          481,
          167,
          85,
          342
        ],
        [
          295,
          141,
          61,
          111,
          284,
          982,
          222,
          97,
          450
        ],
        [
          317,
          154,
          68,
          78,
          334,
          588,
          304,
          89,
          544
        ],
        [
          92,
          52,
          26,
          43,
          124,
          278,
          118,
          44,
          210
        ],
        [
          49,
          22,
          2,
          12,
          28,
          45,
          47,
          11,
          192
        ]
      ]
    }
  },
  "test_metrics": {
    "classification": {
      "labels": [
        0,
        1,
        2,
        3,
        4,
        5,
        6,
        7,
        8
      ],
      "accuracy": 0.1829861111111111,
      "balanced_accuracy": 0.19662709727459163,
      "precision_macro": 0.17764127786486875,
      "precision_micro": 0.1829861111111111,
      "precision_weighted": 0.21763808343200858,
      "recall_macro": 0.19662709727459163,
      "recall_micro": 0.1829861111111111,
      "recall_weighted": 0.1829861111111111,
      "f1_macro": 0.15026097601604202,
      "f1_micro": 0.1829861111111111,
      "f1_weighted": 0.17374274492819078,
      "confusion_matrix": [
        [
          116,
          25,
          3,
          4,
          24,
          48,
          16,
          7,
          57
        ],
        [
          68,
          62,
          14,
          15,
          22,
          65,
          27,
          14,
          54
        ],
        [
          113,
          54,
          34,
          23,
          74,
          217,
          50,
          29,
          108
        ],
        [
          124,
          42,
          24,
          34,
          95,
          225,
          49,
          25,
          105
        ],
        [
          167,
          51,
          15,
          22,
          164,
          232,
          66,
          28,
          163
        ],
        [
          124,
          64,
          26,
          36,
          111,
          418,
          94,
          51,
          213
        ],
        [
          158,
          63,
          27,
          37,
          129,
          217,
          151,
          33,
          279
        ],
        [
          34,
          26,
          9,
          17,
          57,
          104,
          42,
          12,
          92
        ],
        [
          25,
          11,
          1,
          4,
          15,
          28,
          13,
          2,
          63
        ]
      ]
    }
  },
  "run_timestamp": "20251208_105008_100445",
  "params_hash": "1daa8604a3030194f31abe9e4f228e1f4bc51453ca433c4ad2cabf2a3b3b4733"
}