{
  "best_epoch": 0,
  "best_val_loss": null,
  "total_seconds": 1.5994564790162258,
  "epochs": [],
  "train_metrics": {
    "classification": {
      "labels": [
        0,
        1,
        2,
        3,
        4
      ],
      "accuracy": 0.31951256897608826,
      "balanced_accuracy": 0.29323594276900067,
      "precision_macro": 0.2834560876363937,
      "precision_micro": 0.31951256897608826,
      "precision_weighted": 0.3191989788681942,
      "recall_macro": 0.29323594276900067,
      "recall_micro": 0.31951256897608826,
      "recall_weighted": 0.31951256897608826,
      "f1_macro": 0.25919079721225413,
      "f1_micro": 0.31951256897608826,
      "f1_weighted": 0.3000840817278882,
      "confusion_matrix": [
        [
          8587,
          2138,
          399,
          4147,
          2589
        ],
        [
          8711,
          8520,
          1322,
          17964,
          6796
        ],
        [
          6779,
          3615,
          1608,
          12089,
          3186
        ],
        [
          13406,
          8838,
          2538,
          38360,
          9603
        ],
        [
          10674,
          5285,
          1285,
          20700,
          9629
        ]
      ]
    }
  },
  "test_metrics": {
    "classification": {
      "labels": [
        0,
        1,
        2,
        3,
        4
      ],
      "accuracy": 0.31441121244635195,
      "balanced_accuracy": 0.2879734459344595,
      "precision_macro": 0.27854946945092396,
      "precision_micro": 0.31441121244635195,
      "precision_weighted": 0.313867437365078,
      "recall_macro": 0.2879734459344595,
      "recall_micro": 0.31441121244635195,
      "recall_weighted": 0.31441121244635195,
      "f1_macro": 0.2548235570908837,
      "f1_micro": 0.31441121244635195,
      "f1_weighted": 0.2949217360303977,
      "confusion_matrix": [
        [
          3616,
          941,
          174,
          1856,
          1183
        ],
        [
          3817,
          3719,
          538,
          7698,
          2893
        ],
        [
          2911,
          1608,
          645,
          5107,
          1363
        ],
        [
          5723,
          3808,
          1074,
          16116,
          3986
        ],
        [
          4740,
          2268,
          592,
          9061,
          4035
        ]
      ]
    }
  },
  "run_timestamp": "20251226_201358_269513",
  "params_hash": "2aaf756a636d36ebbe70472089f0566e429dc3df52c327d15cc79392d4ab6ab9"
}