{
  "best_epoch": 0,
  "best_val_loss": null,
  "total_seconds": 0.01261771000281442,
  "epochs": [],
  "train_metrics": {
    "classification": {
      "labels": [
        0,
        1,
        2,
        3,
        4
      ],
      "accuracy": 0.3325892857142857,
      "balanced_accuracy": 0.27155620983014483,
      "precision_macro": 0.28779395797494634,
      "precision_micro": 0.3325892857142857,
      "precision_weighted": 0.31809504590958154,
      "recall_macro": 0.27155620983014483,
      "recall_micro": 0.3325892857142857,
      "recall_weighted": 0.3325892857142857,
      "f1_macro": 0.24437482122205462,
      "f1_micro": 0.3325892857142857,
      "f1_weighted": 0.2970501353404858,
      "confusion_matrix": [
        [
          339,
          130,
          2,
          419,
          270
        ],
        [
          363,
          397,
          5,
          1441,
          594
        ],
        [
          295,
          188,
          13,
          912,
          351
        ],
        [
          529,
          479,
          19,
          2672,
          939
        ],
        [
          394,
          191,
          11,
          1438,
          1049
        ]
      ]
    }
  },
  "test_metrics": {
    "classification": {
      "labels": [
        0,
        1,
        2,
        3,
        4
      ],
      "accuracy": 0.33090277777777777,
      "balanced_accuracy": 0.2695244139828986,
      "precision_macro": 0.2877390779548764,
      "precision_micro": 0.33090277777777777,
      "precision_weighted": 0.31786007410961303,
      "recall_macro": 0.2695244139828986,
      "recall_micro": 0.33090277777777777,
      "recall_weighted": 0.33090277777777777,
      "f1_macro": 0.24255642500866922,
      "f1_micro": 0.33090277777777777,
      "f1_weighted": 0.29619407646367457,
      "confusion_matrix": [
        [
          144,
          54,
          0,
          178,
          114
        ],
        [
          120,
          162,
          3,
          671,
          234
        ],
        [
          139,
          88,
          6,
          356,
          157
        ],
        [
          231,
          208,
          10,
          1141,
          432
        ],
        [
          188,
          73,
          3,
          595,
          453
        ]
      ]
    }
  },
  "run_timestamp": "20251208_141643_594137",
  "params_hash": "7ff2c59c3b066f924bb77bfdaf7abd7462eece81f39436c301ad4eacccb61c00"
}