{
  "best_epoch": 0,
  "best_val_loss": null,
  "total_seconds": 0.03772419500455726,
  "epochs": [],
  "train_metrics": {
    "classification": {
      "labels": [
        0,
        1,
        2,
        3,
        4,
        5,
        6,
        7,
        8
      ],
      "accuracy": 0.1515625,
      "balanced_accuracy": 0.18133643303954688,
      "precision_macro": 0.17586780950299016,
      "precision_micro": 0.1515625,
      "precision_weighted": 0.20435720754330328,
      "recall_macro": 0.18133643303954688,
      "recall_micro": 0.1515625,
      "recall_weighted": 0.1515625,
      "f1_macro": 0.13041360685317208,
      "f1_micro": 0.1515625,
      "f1_weighted": 0.1364984610214135,
      "confusion_matrix": [
        [
          68,
          94,
          29,
          8,
          3,
          79,
          146,
          26,
          254
        ],
        [
          35,
          149,
          62,
          41,
          9,
          84,
          211,
          30,
          318
        ],
        [
          78,
          178,
          147,
          51,
          14,
          162,
          292,
          52,
          524
        ],
        [
          90,
          146,
          154,
          91,
          14,
          248,
          322,
          63,
          696
        ],
        [
          127,
          215,
          123,
          73,
          73,
          276,
          502,
          43,
          881
        ],
        [
          46,
          109,
          123,
          63,
          25,
          296,
          252,
          23,
          540
        ],
        [
          135,
          237,
          176,
          66,
          41,
          363,
          723,
          85,
          762
        ],
        [
          67,
          93,
          94,
          44,
          32,
          160,
          295,
          72,
          612
        ],
        [
          16,
          29,
          11,
          8,
          23,
          54,
          33,
          33,
          418
        ]
      ]
    }
  },
  "test_metrics": {
    "classification": {
      "labels": [
        0,
        1,
        2,
        3,
        4,
        5,
        6,
        7,
        8
      ],
      "accuracy": 0.14791666666666667,
      "balanced_accuracy": 0.18509132999734598,
      "precision_macro": 0.1686805474528306,
      "precision_micro": 0.14791666666666667,
      "precision_weighted": 0.19753711921983003,
      "recall_macro": 0.18509132999734598,
      "recall_micro": 0.14791666666666667,
      "recall_weighted": 0.14791666666666667,
      "f1_macro": 0.12857149578125454,
      "f1_micro": 0.14791666666666667,
      "f1_weighted": 0.13373779652784376,
      "confusion_matrix": [
        [
          35,
          33,
          6,
          3,
          6,
          25,
          57,
          9,
          94
        ],
        [
          24,
          50,
          20,
          17,
          1,
          38,
          104,
          17,
          125
        ],
        [
          30,
          78,
          58,
          28,
          8,
          80,
          122,
          26,
          217
        ],
        [
          33,
          56,
          66,
          37,
          5,
          117,
          170,
          31,
          286
        ],
        [
          65,
          100,
          51,
          23,
          35,
          137,
          200,
          29,
          362
        ],
        [
          13,
          38,
          44,
          26,
          10,
          155,
          121,
          22,
          209
        ],
        [
          60,
          105,
          81,
          41,
          23,
          157,
          295,
          40,
          330
        ],
        [
          31,
          46,
          46,
          19,
          15,
          78,
          116,
          28,
          267
        ],
        [
          4,
          7,
          11,
          4,
          9,
          18,
          12,
          6,
          159
        ]
      ]
    }
  },
  "run_timestamp": "20251208_102426_872832",
  "params_hash": "965f693ced19d2f10b18c155eb9a81c8c1693bc04848f24a6636eb5165ae228a"
}