{
  "best_epoch": 0,
  "best_val_loss": null,
  "total_seconds": 1.862391647999175,
  "epochs": [],
  "train_metrics": {
    "classification": {
      "labels": [
        0,
        1,
        2,
        3,
        4
      ],
      "accuracy": 0.27454399141630903,
      "balanced_accuracy": 0.2680235074021334,
      "precision_macro": 0.25566020401805867,
      "precision_micro": 0.27454399141630903,
      "precision_weighted": 0.28033891367082503,
      "recall_macro": 0.2680235074021334,
      "recall_micro": 0.27454399141630903,
      "recall_weighted": 0.27454399141630903,
      "f1_macro": 0.24549938954631706,
      "f1_micro": 0.27454399141630903,
      "f1_weighted": 0.26425263178591213,
      "confusion_matrix": [
        [
          6612,
          1863,
          2166,
          2439,
          5166
        ],
        [
          8969,
          5797,
          4861,
          7315,
          14484
        ],
        [
          7036,
          3834,
          5214,
          5701,
          11816
        ],
        [
          10810,
          6199,
          5776,
          12004,
          21905
        ],
        [
          8899,
          5868,
          6540,
          9805,
          27689
        ]
      ]
    }
  },
  "test_metrics": {
    "classification": {
      "labels": [
        0,
        1,
        2,
        3,
        4
      ],
      "accuracy": 0.27853406652360513,
      "balanced_accuracy": 0.2719517406770229,
      "precision_macro": 0.2596278511743124,
      "precision_micro": 0.27853406652360513,
      "precision_weighted": 0.2837715425796834,
      "recall_macro": 0.2719517406770229,
      "recall_micro": 0.27853406652360513,
      "recall_weighted": 0.27853406652360513,
      "f1_macro": 0.2495728086785866,
      "f1_micro": 0.27853406652360513,
      "f1_weighted": 0.2680123842729591,
      "confusion_matrix": [
        [
          3006,
          814,
          989,
          1046,
          2228
        ],
        [
          3804,
          2556,
          2141,
          3185,
          6070
        ],
        [
          3028,
          1593,
          2234,
          2442,
          4867
        ],
        [
          4752,
          2589,
          2382,
          5101,
          9333
        ],
        [
          3850,
          2474,
          2786,
          4178,
          12024
        ]
      ]
    }
  },
  "run_timestamp": "20251226_201443_702642",
  "params_hash": "56dcc9ddacf0dd6df977bab9623f8c14b66286d22d69e61da4550d571e95c44c"
}