{
  "best_epoch": 0,
  "best_val_loss": null,
  "total_seconds": 1.2531140580249485,
  "epochs": [],
  "train_metrics": {
    "classification": {
      "labels": [
        0,
        1,
        2,
        3,
        4,
        5,
        6,
        7,
        8
      ],
      "accuracy": 0.16511630134886573,
      "balanced_accuracy": 0.15710969770856587,
      "precision_macro": 0.1502227969039607,
      "precision_micro": 0.16511630134886573,
      "precision_weighted": 0.17550235112160048,
      "recall_macro": 0.15710969770856587,
      "recall_micro": 0.16511630134886573,
      "recall_weighted": 0.16511630134886573,
      "f1_macro": 0.13247866164437297,
      "f1_micro": 0.16511630134886573,
      "f1_weighted": 0.15545051449709124,
      "confusion_matrix": [
        [
          91,
          1179,
          144,
          1941,
          1511,
          808,
          1913,
          383,
          2589
        ],
        [
          122,
          2059,
          150,
          1985,
          1508,
          1311,
          3264,
          781,
          3187
        ],
        [
          180,
          1446,
          494,
          4769,
          2559,
          2752,
          5213,
          1038,
          4843
        ],
        [
          403,
          1607,
          561,
          7155,
          3086,
          3665,
          5343,
          1260,
          5679
        ],
        [
          371,
          2919,
          411,
          6899,
          4747,
          3704,
          6728,
          1447,
          8909
        ],
        [
          152,
          2090,
          450,
          4969,
          2075,
          3577,
          4634,
          807,
          4147
        ],
        [
          318,
          2953,
          578,
          7081,
          3656,
          4422,
          11499,
          2018,
          7934
        ],
        [
          199,
          1582,
          281,
          3978,
          2725,
          2090,
          5013,
          1549,
          5522
        ],
        [
          73,
          372,
          90,
          1652,
          1540,
          770,
          953,
          605,
          3300
        ]
      ]
    }
  },
  "test_metrics": {
    "classification": {
      "labels": [
        0,
        1,
        2,
        3,
        4,
        5,
        6,
        7,
        8
      ],
      "accuracy": 0.16396190987124465,
      "balanced_accuracy": 0.15934131956507602,
      "precision_macro": 0.14978818855129325,
      "precision_micro": 0.16396190987124465,
      "precision_weighted": 0.1741581052690563,
      "recall_macro": 0.15934131956507602,
      "recall_micro": 0.16396190987124465,
      "recall_weighted": 0.16396190987124465,
      "f1_macro": 0.1321672424022379,
      "f1_micro": 0.16396190987124465,
      "f1_weighted": 0.1533387565990223,
      "confusion_matrix": [
        [
          26,
          518,
          48,
          853,
          648,
          355,
          829,
          170,
          1139
        ],
        [
          46,
          944,
          79,
          909,
          704,
          566,
          1394,
          357,
          1371
        ],
        [
          81,
          605,
          226,
          2047,
          1093,
          1243,
          2208,
          490,
          2032
        ],
        [
          180,
          614,
          226,
          2960,
          1290,
          1572,
          2307,
          503,
          2364
        ],
        [
          191,
          1256,
          172,
          3018,
          1939,
          1496,
          2898,
          597,
          3791
        ],
        [
          54,
          918,
          168,
          2159,
          911,
          1589,
          2030,
          376,
          1747
        ],
        [
          147,
          1316,
          227,
          3089,
          1627,
          1845,
          4839,
          860,
          3375
        ],
        [
          69,
          702,
          121,
          1701,
          1160,
          875,
          2229,
          655,
          2402
        ],
        [
          35,
          144,
          41,
          674,
          605,
          324,
          406,
          205,
          1492
        ]
      ]
    }
  },
  "run_timestamp": "20251226_201325_098313",
  "params_hash": "f803b788ddcd9e46e5d6e0e955bdfbe0004b357194225236d5dc53679e1e537c"
}