{
  "best_epoch": 0,
  "best_val_loss": null,
  "total_seconds": 0.9963798370154109,
  "epochs": [],
  "train_metrics": {
    "classification": {
      "labels": [
        0,
        1,
        2,
        3,
        4
      ],
      "accuracy": 0.27879272685469036,
      "balanced_accuracy": 0.26199696018539126,
      "precision_macro": 0.2561646536443586,
      "precision_micro": 0.27879272685469036,
      "precision_weighted": 0.2789447693537638,
      "recall_macro": 0.26199696018539126,
      "recall_micro": 0.27879272685469036,
      "recall_weighted": 0.27879272685469036,
      "f1_macro": 0.25185358977452343,
      "f1_micro": 0.27879272685469036,
      "f1_weighted": 0.2710757058985256,
      "confusion_matrix": [
        [
          4452,
          3180,
          2374,
          3292,
          4948
        ],
        [
          6380,
          9796,
          5383,
          6384,
          13483
        ],
        [
          4860,
          6632,
          5896,
          4885,
          11328
        ],
        [
          7393,
          8929,
          6131,
          10750,
          23491
        ],
        [
          5403,
          9504,
          6632,
          9953,
          27309
        ]
      ]
    }
  },
  "test_metrics": {
    "classification": {
      "labels": [
        0,
        1,
        2,
        3,
        4
      ],
      "accuracy": 0.27950643776824036,
      "balanced_accuracy": 0.2628308469085642,
      "precision_macro": 0.2562723146521942,
      "precision_micro": 0.27950643776824036,
      "precision_weighted": 0.27858952389123454,
      "recall_macro": 0.2628308469085642,
      "recall_micro": 0.27950643776824036,
      "recall_weighted": 0.27950643776824036,
      "f1_macro": 0.2528480970955228,
      "f1_micro": 0.27950643776824036,
      "f1_weighted": 0.2718652013116873,
      "confusion_matrix": [
        [
          2046,
          1375,
          1083,
          1422,
          2157
        ],
        [
          2758,
          4133,
          2332,
          2861,
          5672
        ],
        [
          2046,
          2902,
          2431,
          2102,
          4683
        ],
        [
          3279,
          3750,
          2543,
          4657,
          9928
        ],
        [
          2295,
          3999,
          2961,
          4316,
          11741
        ]
      ]
    }
  },
  "run_timestamp": "20251227_011458_407456",
  "params_hash": "f8e81b6aae6e6fb74cf388647d0680b9800abccf36f058d66b0487f79d03e972"
}