{
  "best_epoch": 0,
  "best_val_loss": null,
  "total_seconds": 0.03428993000125047,
  "epochs": [],
  "train_metrics": {
    "classification": {
      "labels": [
        0,
        1,
        2,
        3,
        4,
        5,
        6,
        7,
        8
      ],
      "accuracy": 0.18214285714285713,
      "balanced_accuracy": 0.19403769603927323,
      "precision_macro": 0.16792042663438636,
      "precision_micro": 0.18214285714285713,
      "precision_weighted": 0.2033406765466151,
      "recall_macro": 0.19403769603927323,
      "recall_micro": 0.18214285714285713,
      "recall_weighted": 0.18214285714285713,
      "f1_macro": 0.15304343849452995,
      "f1_micro": 0.18214285714285713,
      "f1_weighted": 0.17342206858223844,
      "confusion_matrix": [
        [
          379,
          10,
          18,
          36,
          35,
          92,
          38,
          48,
          79
        ],
        [
          223,
          18,
          53,
          47,
          67,
          158,
          65,
          105,
          93
        ],
        [
          360,
          39,
          155,
          106,
          99,
          427,
          140,
          140,
          187
        ],
        [
          331,
          25,
          118,
          255,
          93,
          427,
          135,
          122,
          171
        ],
        [
          491,
          59,
          103,
          187,
          173,
          438,
          177,
          192,
          212
        ],
        [
          421,
          46,
          163,
          321,
          153,
          881,
          196,
          190,
          272
        ],
        [
          459,
          71,
          138,
          187,
          173,
          592,
          337,
          215,
          304
        ],
        [
          187,
          31,
          36,
          50,
          77,
          227,
          103,
          142,
          134
        ],
        [
          104,
          8,
          19,
          32,
          33,
          36,
          48,
          20,
          108
        ]
      ]
    }
  },
  "test_metrics": {
    "classification": {
      "labels": [
        0,
        1,
        2,
        3,
        4,
        5,
        6,
        7,
        8
      ],
      "accuracy": 0.17829861111111112,
      "balanced_accuracy": 0.19047648373442805,
      "precision_macro": 0.16572096368383993,
      "precision_micro": 0.17829861111111112,
      "precision_weighted": 0.20601510921705865,
      "recall_macro": 0.19047648373442805,
      "recall_micro": 0.17829861111111112,
      "recall_weighted": 0.17829861111111112,
      "f1_macro": 0.1478795011020898,
      "f1_micro": 0.17829861111111112,
      "f1_weighted": 0.1710281458703484,
      "confusion_matrix": [
        [
          162,
          5,
          8,
          13,
          16,
          23,
          15,
          29,
          29
        ],
        [
          97,
          9,
          18,
          25,
          25,
          57,
          29,
          34,
          47
        ],
        [
          147,
          13,
          62,
          44,
          38,
          199,
          47,
          66,
          86
        ],
        [
          157,
          6,
          43,
          98,
          34,
          196,
          68,
          56,
          65
        ],
        [
          230,
          25,
          40,
          82,
          85,
          212,
          73,
          83,
          78
        ],
        [
          164,
          22,
          90,
          135,
          58,
          378,
          98,
          88,
          104
        ],
        [
          228,
          33,
          63,
          82,
          71,
          231,
          145,
          85,
          156
        ],
        [
          80,
          16,
          19,
          16,
          27,
          81,
          39,
          49,
          66
        ],
        [
          35,
          6,
          8,
          7,
          12,
          19,
          24,
          12,
          39
        ]
      ]
    }
  },
  "run_timestamp": "20251208_104733_779799",
  "params_hash": "33908d1f1b0025f564eeab0efc59c4d215790343ca6d05284b511c22500dfc0f"
}