{
  "best_epoch": 0,
  "best_val_loss": null,
  "total_seconds": 0.009251795010641217,
  "epochs": [],
  "train_metrics": {
    "classification": {
      "labels": [
        0,
        1,
        2,
        3,
        4,
        5,
        6,
        7,
        8
      ],
      "accuracy": 0.17566964285714284,
      "balanced_accuracy": 0.1447141639394187,
      "precision_macro": 0.10246229071644009,
      "precision_micro": 0.17566964285714284,
      "precision_weighted": 0.13810075524601884,
      "recall_macro": 0.1447141639394187,
      "recall_micro": 0.17566964285714284,
      "recall_weighted": 0.17566964285714284,
      "f1_macro": 0.09503923844992042,
      "f1_micro": 0.17566964285714284,
      "f1_weighted": 0.13132598532267148,
      "confusion_matrix": [
        [
          359,
          0,
          0,
          30,
          40,
          220,
          86,
          0,
          0
        ],
        [
          327,
          0,
          0,
          39,
          73,
          302,
          87,
          1,
          0
        ],
        [
          522,
          0,
          0,
          87,
          130,
          703,
          206,
          5,
          0
        ],
        [
          448,
          0,
          0,
          118,
          98,
          816,
          192,
          5,
          0
        ],
        [
          620,
          0,
          0,
          104,
          167,
          860,
          267,
          14,
          0
        ],
        [
          659,
          0,
          0,
          144,
          208,
          1350,
          268,
          14,
          0
        ],
        [
          638,
          0,
          0,
          154,
          213,
          1096,
          363,
          12,
          0
        ],
        [
          225,
          0,
          0,
          35,
          110,
          473,
          140,
          4,
          0
        ],
        [
          133,
          0,
          0,
          15,
          53,
          135,
          72,
          0,
          0
        ]
      ]
    }
  },
  "test_metrics": {
    "classification": {
      "labels": [
        0,
        1,
        2,
        3,
        4,
        5,
        6,
        7,
        8
      ],
      "accuracy": 0.17899305555555556,
      "balanced_accuracy": 0.14684852885050634,
      "precision_macro": 0.11160197170021739,
      "precision_micro": 0.17899305555555556,
      "precision_weighted": 0.15155220418926754,
      "recall_macro": 0.14684852885050634,
      "recall_micro": 0.17899305555555556,
      "recall_weighted": 0.17899305555555556,
      "f1_macro": 0.09922492987330431,
      "f1_micro": 0.17899305555555556,
      "f1_weighted": 0.13903053263335222,
      "confusion_matrix": [
        [
          145,
          0,
          0,
          11,
          19,
          91,
          34,
          0,
          0
        ],
        [
          130,
          0,
          0,
          23,
          33,
          129,
          26,
          0,
          0
        ],
        [
          197,
          0,
          0,
          29,
          61,
          321,
          91,
          3,
          0
        ],
        [
          181,
          0,
          0,
          58,
          45,
          347,
          87,
          5,
          0
        ],
        [
          287,
          0,
          0,
          37,
          94,
          372,
          112,
          6,
          0
        ],
        [
          305,
          0,
          0,
          58,
          81,
          568,
          122,
          3,
          0
        ],
        [
          298,
          0,
          0,
          66,
          100,
          462,
          164,
          4,
          0
        ],
        [
          88,
          0,
          0,
          8,
          48,
          190,
          57,
          2,
          0
        ],
        [
          54,
          0,
          0,
          8,
          32,
          43,
          25,
          0,
          0
        ]
      ]
    }
  },
  "run_timestamp": "20251208_103013_287915",
  "params_hash": "70bafeea912af696ba8d32d2584eee165791fe2ce77c72d0d148798d19128362"
}