{
  "best_epoch": 0,
  "best_val_loss": null,
  "total_seconds": 0.03374371099926066,
  "epochs": [],
  "train_metrics": {
    "classification": {
      "labels": [
        0,
        1,
        2,
        3,
        4
      ],
      "accuracy": 0.28943452380952384,
      "balanced_accuracy": 0.2568945775733775,
      "precision_macro": 0.25715232896151624,
      "precision_micro": 0.28943452380952384,
      "precision_weighted": 0.27928338049021917,
      "recall_macro": 0.2568945775733775,
      "recall_micro": 0.28943452380952384,
      "recall_weighted": 0.28943452380952384,
      "f1_macro": 0.24223511529879205,
      "f1_micro": 0.28943452380952384,
      "f1_weighted": 0.267607164814091,
      "confusion_matrix": [
        [
          281,
          128,
          63,
          158,
          575
        ],
        [
          327,
          448,
          238,
          427,
          1219
        ],
        [
          222,
          282,
          194,
          435,
          1005
        ],
        [
          377,
          567,
          225,
          847,
          1638
        ],
        [
          378,
          403,
          233,
          650,
          2120
        ]
      ]
    }
  },
  "test_metrics": {
    "classification": {
      "labels": [
        0,
        1,
        2,
        3,
        4
      ],
      "accuracy": 0.2873263888888889,
      "balanced_accuracy": 0.2568913073966032,
      "precision_macro": 0.2560725505531755,
      "precision_micro": 0.2873263888888889,
      "precision_weighted": 0.27787707151174773,
      "recall_macro": 0.2568913073966032,
      "recall_micro": 0.2873263888888889,
      "recall_weighted": 0.2873263888888889,
      "f1_macro": 0.23987835062470567,
      "f1_micro": 0.2873263888888889,
      "f1_weighted": 0.26447724749318946,
      "confusion_matrix": [
        [
          121,
          49,
          16,
          73,
          231
        ],
        [
          142,
          189,
          93,
          170,
          557
        ],
        [
          107,
          122,
          83,
          207,
          418
        ],
        [
          178,
          212,
          100,
          347,
          714
        ],
        [
          168,
          159,
          105,
          284,
          915
        ]
      ]
    }
  },
  "run_timestamp": "20251208_141512_589327",
  "params_hash": "f8ddb1a635a9acd92016f9ae2b07cea14b7e06aca55cd9eecfb1b5e5b18d08a5"
}