{
  "best_epoch": 0,
  "best_val_loss": null,
  "total_seconds": 0.011163771996507421,
  "epochs": [],
  "train_metrics": {
    "classification": {
      "labels": [
        0,
        1,
        2,
        3,
        4,
        5,
        6,
        7,
        8
      ],
      "accuracy": 0.14427083333333332,
      "balanced_accuracy": 0.1431640922664636,
      "precision_macro": 0.10416330753385401,
      "precision_micro": 0.14427083333333332,
      "precision_weighted": 0.14051072877932133,
      "recall_macro": 0.1431640922664636,
      "recall_micro": 0.14427083333333332,
      "recall_weighted": 0.14427083333333332,
      "f1_macro": 0.09887559086617727,
      "f1_micro": 0.14427083333333332,
      "f1_weighted": 0.12206581802879823,
      "confusion_matrix": [
        [
          344,
          0,
          39,
          166,
          43,
          68,
          75,
          0,
          0
        ],
        [
          277,
          0,
          86,
          226,
          98,
          84,
          58,
          0,
          0
        ],
        [
          448,
          0,
          227,
          496,
          128,
          197,
          157,
          0,
          0
        ],
        [
          424,
          0,
          161,
          667,
          103,
          208,
          114,
          0,
          0
        ],
        [
          658,
          0,
          245,
          540,
          131,
          290,
          168,
          0,
          0
        ],
        [
          720,
          0,
          285,
          819,
          193,
          364,
          262,
          0,
          0
        ],
        [
          813,
          0,
          284,
          677,
          139,
          357,
          206,
          0,
          0
        ],
        [
          365,
          0,
          103,
          291,
          63,
          104,
          61,
          0,
          0
        ],
        [
          150,
          0,
          26,
          104,
          24,
          64,
          40,
          0,
          0
        ]
      ]
    }
  },
  "test_metrics": {
    "classification": {
      "labels": [
        0,
        1,
        2,
        3,
        4,
        5,
        6,
        7,
        8
      ],
      "accuracy": 0.15,
      "balanced_accuracy": 0.14959212877631897,
      "precision_macro": 0.10865479009998197,
      "precision_micro": 0.15,
      "precision_weighted": 0.14976528537733338,
      "recall_macro": 0.14959212877631897,
      "recall_micro": 0.15,
      "recall_weighted": 0.15,
      "f1_macro": 0.10253710194547495,
      "f1_micro": 0.15,
      "f1_weighted": 0.12827911425815303,
      "confusion_matrix": [
        [
          152,
          0,
          5,
          71,
          16,
          22,
          34,
          0,
          0
        ],
        [
          101,
          0,
          40,
          96,
          50,
          34,
          20,
          0,
          0
        ],
        [
          192,
          0,
          95,
          226,
          56,
          77,
          56,
          0,
          0
        ],
        [
          164,
          0,
          77,
          287,
          52,
          98,
          45,
          0,
          0
        ],
        [
          293,
          0,
          115,
          225,
          62,
          132,
          81,
          0,
          0
        ],
        [
          306,
          0,
          125,
          348,
          83,
          170,
          105,
          0,
          0
        ],
        [
          337,
          0,
          122,
          322,
          63,
          152,
          98,
          0,
          0
        ],
        [
          136,
          0,
          43,
          112,
          28,
          50,
          24,
          0,
          0
        ],
        [
          59,
          0,
          15,
          33,
          16,
          24,
          15,
          0,
          0
        ]
      ]
    }
  },
  "run_timestamp": "20251208_101924_727584",
  "params_hash": "c1bc542b4180637f749152aebadee89de5626a46e2528d6a207ae208374a01a7"
}