{
  "best_epoch": 0,
  "best_val_loss": null,
  "total_seconds": 0.04439305799314752,
  "epochs": [],
  "train_metrics": {
    "classification": {
      "labels": [
        0,
        1,
        2,
        3,
        4,
        5,
        6,
        7,
        8
      ],
      "accuracy": 0.15200892857142856,
      "balanced_accuracy": 0.1868311030098514,
      "precision_macro": 0.16086348697809064,
      "precision_micro": 0.15200892857142856,
      "precision_weighted": 0.19278650092239852,
      "recall_macro": 0.1868311030098514,
      "recall_micro": 0.15200892857142856,
      "recall_weighted": 0.15200892857142856,
      "f1_macro": 0.13459580763494106,
      "f1_micro": 0.15200892857142856,
      "f1_weighted": 0.14279066419849606,
      "confusion_matrix": [
        [
          278,
          92,
          22,
          83,
          33,
          84,
          14,
          3,
          126
        ],
        [
          167,
          168,
          36,
          128,
          31,
          104,
          17,
          15,
          163
        ],
        [
          185,
          245,
          78,
          323,
          78,
          290,
          75,
          22,
          357
        ],
        [
          137,
          206,
          59,
          439,
          71,
          316,
          55,
          24,
          370
        ],
        [
          325,
          219,
          77,
          343,
          204,
          236,
          54,
          43,
          531
        ],
        [
          351,
          290,
          126,
          438,
          156,
          586,
          89,
          55,
          552
        ],
        [
          343,
          322,
          116,
          348,
          166,
          428,
          101,
          49,
          603
        ],
        [
          183,
          102,
          46,
          124,
          53,
          166,
          40,
          24,
          249
        ],
        [
          80,
          23,
          17,
          42,
          26,
          34,
          16,
          5,
          165
        ]
      ]
    }
  },
  "test_metrics": {
    "classification": {
      "labels": [
        0,
        1,
        2,
        3,
        4,
        5,
        6,
        7,
        8
      ],
      "accuracy": 0.15052083333333333,
      "balanced_accuracy": 0.1912453606755156,
      "precision_macro": 0.158254739637551,
      "precision_micro": 0.15052083333333333,
      "precision_weighted": 0.1931378664863182,
      "recall_macro": 0.1912453606755156,
      "recall_micro": 0.15052083333333333,
      "recall_weighted": 0.15052083333333333,
      "f1_macro": 0.13402801982124643,
      "f1_micro": 0.15052083333333333,
      "f1_weighted": 0.14092921527250055,
      "confusion_matrix": [
        [
          130,
          28,
          10,
          31,
          15,
          28,
          5,
          1,
          52
        ],
        [
          53,
          66,
          25,
          57,
          11,
          40,
          13,
          3,
          73
        ],
        [
          79,
          104,
          37,
          139,
          29,
          128,
          26,
          15,
          145
        ],
        [
          51,
          88,
          27,
          186,
          34,
          151,
          24,
          17,
          145
        ],
        [
          162,
          86,
          33,
          135,
          86,
          125,
          27,
          20,
          234
        ],
        [
          153,
          120,
          61,
          203,
          61,
          239,
          45,
          32,
          223
        ],
        [
          163,
          171,
          58,
          139,
          71,
          180,
          47,
          25,
          240
        ],
        [
          56,
          47,
          18,
          42,
          34,
          73,
          4,
          9,
          110
        ],
        [
          25,
          10,
          6,
          20,
          17,
          13,
          1,
          3,
          67
        ]
      ]
    }
  },
  "run_timestamp": "20251208_102426_948160",
  "params_hash": "757ad144e1cd4299bbeb52aef246dccd4a08ed7e3354ff29e5dda8f28a639142"
}