{
  "best_epoch": 0,
  "best_val_loss": null,
  "total_seconds": 0.009838818004936911,
  "epochs": [],
  "train_metrics": {
    "classification": {
      "labels": [
        0,
        1,
        2,
        3,
        4,
        5,
        6,
        7,
        8
      ],
      "accuracy": 0.17604166666666668,
      "balanced_accuracy": 0.12388508803054583,
      "precision_macro": 0.09719219721367328,
      "precision_micro": 0.17604166666666668,
      "precision_weighted": 0.12512465252684965,
      "recall_macro": 0.12388508803054583,
      "recall_micro": 0.17604166666666668,
      "recall_weighted": 0.17604166666666668,
      "f1_macro": 0.10071104799759577,
      "f1_micro": 0.17604166666666668,
      "f1_weighted": 0.1382338947986638,
      "confusion_matrix": [
        [
          0,
          23,
          12,
          108,
          321,
          72,
          171,
          0,
          0
        ],
        [
          0,
          34,
          23,
          186,
          392,
          113,
          191,
          0,
          0
        ],
        [
          0,
          36,
          41,
          270,
          522,
          217,
          412,
          0,
          0
        ],
        [
          0,
          40,
          70,
          369,
          636,
          241,
          468,
          0,
          0
        ],
        [
          0,
          53,
          59,
          427,
          1007,
          186,
          581,
          0,
          0
        ],
        [
          0,
          28,
          62,
          295,
          455,
          207,
          430,
          0,
          0
        ],
        [
          0,
          49,
          89,
          513,
          943,
          286,
          708,
          0,
          0
        ],
        [
          0,
          43,
          56,
          308,
          493,
          168,
          401,
          0,
          0
        ],
        [
          0,
          24,
          20,
          141,
          229,
          89,
          122,
          0,
          0
        ]
      ]
    }
  },
  "test_metrics": {
    "classification": {
      "labels": [
        0,
        1,
        2,
        3,
        4,
        5,
        6,
        7,
        8
      ],
      "accuracy": 0.17569444444444443,
      "balanced_accuracy": 0.12215190010882283,
      "precision_macro": 0.09374181700808025,
      "precision_micro": 0.17569444444444443,
      "precision_weighted": 0.12452016462615373,
      "recall_macro": 0.12215190010882283,
      "recall_micro": 0.17569444444444443,
      "recall_weighted": 0.17569444444444443,
      "f1_macro": 0.09922667104483852,
      "f1_micro": 0.17569444444444443,
      "f1_weighted": 0.13879835488504255,
      "confusion_matrix": [
        [
          0,
          4,
          7,
          39,
          111,
          31,
          76,
          0,
          0
        ],
        [
          0,
          7,
          6,
          56,
          176,
          45,
          106,
          0,
          0
        ],
        [
          0,
          13,
          15,
          143,
          216,
          82,
          178,
          0,
          0
        ],
        [
          0,
          19,
          16,
          190,
          239,
          103,
          234,
          0,
          0
        ],
        [
          0,
          21,
          35,
          197,
          403,
          94,
          252,
          0,
          0
        ],
        [
          0,
          11,
          20,
          146,
          191,
          100,
          170,
          0,
          0
        ],
        [
          0,
          24,
          39,
          197,
          448,
          127,
          297,
          0,
          0
        ],
        [
          0,
          17,
          24,
          131,
          243,
          64,
          167,
          0,
          0
        ],
        [
          0,
          8,
          8,
          46,
          85,
          24,
          59,
          0,
          0
        ]
      ]
    }
  },
  "run_timestamp": "20251208_104038_522695",
  "params_hash": "1e292fc1f80b03a9cda9076feea4599ddbed48f1028d87dd07230034041fccb6"
}