{
  "best_epoch": 0,
  "best_val_loss": null,
  "total_seconds": 0.010182470010477118,
  "epochs": [],
  "train_metrics": {
    "classification": {
      "labels": [
        0,
        1,
        2,
        3,
        4,
        5,
        6,
        7,
        8
      ],
      "accuracy": 0.17425595238095237,
      "balanced_accuracy": 0.1449152858892637,
      "precision_macro": 0.1195309242254722,
      "precision_micro": 0.17425595238095237,
      "precision_weighted": 0.15206799000905347,
      "recall_macro": 0.1449152858892637,
      "recall_micro": 0.17425595238095237,
      "recall_weighted": 0.17425595238095237,
      "f1_macro": 0.08393871952989937,
      "f1_micro": 0.17425595238095237,
      "f1_weighted": 0.10756473980751784,
      "confusion_matrix": [
        [
          361,
          9,
          12,
          0,
          60,
          280,
          10,
          3,
          0
        ],
        [
          303,
          19,
          20,
          0,
          60,
          413,
          9,
          5,
          0
        ],
        [
          541,
          34,
          54,
          0,
          106,
          877,
          16,
          25,
          0
        ],
        [
          497,
          45,
          45,
          0,
          105,
          952,
          15,
          18,
          0
        ],
        [
          692,
          55,
          39,
          0,
          188,
          1014,
          20,
          24,
          0
        ],
        [
          581,
          57,
          66,
          0,
          212,
          1665,
          22,
          40,
          0
        ],
        [
          595,
          72,
          82,
          0,
          197,
          1468,
          34,
          28,
          0
        ],
        [
          216,
          19,
          25,
          0,
          48,
          647,
          11,
          21,
          0
        ],
        [
          107,
          13,
          12,
          0,
          36,
          234,
          6,
          0,
          0
        ]
      ]
    }
  },
  "test_metrics": {
    "classification": {
      "labels": [
        0,
        1,
        2,
        3,
        4,
        5,
        6,
        7,
        8
      ],
      "accuracy": 0.17586805555555557,
      "balanced_accuracy": 0.14601980905616507,
      "precision_macro": 0.10770550803740844,
      "precision_micro": 0.17586805555555557,
      "precision_weighted": 0.13978064549234256,
      "recall_macro": 0.14601980905616507,
      "recall_micro": 0.17586805555555557,
      "recall_weighted": 0.17586805555555557,
      "f1_macro": 0.08269030977272779,
      "f1_micro": 0.17586805555555557,
      "f1_weighted": 0.10838555194843269,
      "confusion_matrix": [
        [
          150,
          7,
          5,
          0,
          18,
          111,
          4,
          5,
          0
        ],
        [
          137,
          6,
          7,
          0,
          20,
          164,
          6,
          1,
          0
        ],
        [
          203,
          15,
          17,
          0,
          43,
          410,
          7,
          7,
          0
        ],
        [
          209,
          19,
          20,
          0,
          72,
          386,
          6,
          11,
          0
        ],
        [
          322,
          23,
          23,
          0,
          89,
          422,
          17,
          12,
          0
        ],
        [
          239,
          23,
          39,
          0,
          75,
          728,
          15,
          18,
          0
        ],
        [
          288,
          28,
          35,
          0,
          87,
          632,
          15,
          9,
          0
        ],
        [
          82,
          3,
          10,
          0,
          24,
          260,
          6,
          8,
          0
        ],
        [
          42,
          2,
          4,
          0,
          15,
          94,
          5,
          0,
          0
        ]
      ]
    }
  },
  "run_timestamp": "20251208_104038_573848",
  "params_hash": "bdb9cac754a0db0a4ff664edccfd539b17756dc4484b8e836ec50c7cfd6cb328"
}