{
  "best_epoch": 0,
  "best_val_loss": null,
  "total_seconds": 0.07384155700856354,
  "epochs": [],
  "train_metrics": {
    "classification": {
      "labels": [
        0,
        1,
        2,
        3,
        4,
        5,
        6,
        7,
        8
      ],
      "accuracy": 0.1761904761904762,
      "balanced_accuracy": 0.1995758070622704,
      "precision_macro": 0.1668868528794064,
      "precision_micro": 0.1761904761904762,
      "precision_weighted": 0.1978759966085353,
      "recall_macro": 0.1995758070622704,
      "recall_micro": 0.1761904761904762,
      "recall_weighted": 0.1761904761904762,
      "f1_macro": 0.14489193049542537,
      "f1_micro": 0.1761904761904762,
      "f1_weighted": 0.15770267032919616,
      "confusion_matrix": [
        [
          298,
          55,
          12,
          16,
          54,
          138,
          34,
          13,
          115
        ],
        [
          158,
          130,
          24,
          36,
          74,
          179,
          29,
          36,
          163
        ],
        [
          278,
          145,
          42,
          106,
          214,
          433,
          68,
          78,
          289
        ],
        [
          222,
          107,
          34,
          162,
          249,
          517,
          70,
          56,
          260
        ],
        [
          353,
          135,
          36,
          156,
          360,
          500,
          84,
          63,
          345
        ],
        [
          341,
          144,
          43,
          212,
          323,
          991,
          82,
          77,
          430
        ],
        [
          350,
          184,
          56,
          142,
          380,
          608,
          158,
          76,
          522
        ],
        [
          106,
          65,
          26,
          49,
          132,
          297,
          44,
          42,
          226
        ],
        [
          49,
          19,
          2,
          17,
          39,
          65,
          16,
          16,
          185
        ]
      ]
    }
  },
  "test_metrics": {
    "classification": {
      "labels": [
        0,
        1,
        2,
        3,
        4,
        5,
        6,
        7,
        8
      ],
      "accuracy": 0.17743055555555556,
      "balanced_accuracy": 0.19109800515040784,
      "precision_macro": 0.1726617438481738,
      "precision_micro": 0.17743055555555556,
      "precision_weighted": 0.20906203042750038,
      "recall_macro": 0.19109800515040784,
      "recall_micro": 0.17743055555555556,
      "recall_weighted": 0.17743055555555556,
      "f1_macro": 0.14582384962206094,
      "f1_micro": 0.17743055555555556,
      "f1_weighted": 0.1631121131404966,
      "confusion_matrix": [
        [
          112,
          27,
          2,
          7,
          30,
          54,
          17,
          3,
          48
        ],
        [
          67,
          61,
          13,
          18,
          32,
          71,
          11,
          17,
          51
        ],
        [
          108,
          59,
          22,
          36,
          90,
          217,
          31,
          23,
          116
        ],
        [
          104,
          53,
          10,
          73,
          120,
          199,
          31,
          29,
          104
        ],
        [
          165,
          62,
          20,
          60,
          176,
          215,
          29,
          32,
          149
        ],
        [
          125,
          63,
          20,
          102,
          140,
          439,
          29,
          40,
          179
        ],
        [
          170,
          88,
          21,
          64,
          134,
          249,
          60,
          37,
          271
        ],
        [
          42,
          20,
          6,
          20,
          52,
          124,
          18,
          24,
          87
        ],
        [
          22,
          10,
          4,
          10,
          15,
          23,
          2,
          21,
          55
        ]
      ]
    }
  },
  "run_timestamp": "20251208_103825_214421",
  "params_hash": "f668d988d1412b742a522d9b4d582a40d932854106610e1476d2a66a884172f7"
}