{
  "best_epoch": 0,
  "best_val_loss": null,
  "total_seconds": 4.911101127014263,
  "epochs": [],
  "train_metrics": {
    "classification": {
      "labels": [
        0,
        1,
        2,
        3,
        4,
        5,
        6,
        7,
        8
      ],
      "accuracy": 0.17667458614347026,
      "balanced_accuracy": 0.20246761421493087,
      "precision_macro": 0.17445547594737446,
      "precision_micro": 0.17667458614347026,
      "precision_weighted": 0.1958890435133,
      "recall_macro": 0.20246761421493087,
      "recall_micro": 0.17667458614347026,
      "recall_weighted": 0.17667458614347026,
      "f1_macro": 0.16437426307869452,
      "f1_micro": 0.17667458614347026,
      "f1_weighted": 0.16959763855583204,
      "confusion_matrix": [
        [
          2724,
          1873,
          412,
          813,
          711,
          437,
          1037,
          583,
          1969
        ],
        [
          1694,
          4363,
          857,
          1170,
          730,
          799,
          2490,
          690,
          1574
        ],
        [
          2773,
          3535,
          1775,
          2046,
          1128,
          1950,
          4795,
          1708,
          3584
        ],
        [
          2816,
          3999,
          2001,
          2999,
          2009,
          2884,
          5293,
          1932,
          4826
        ],
        [
          4747,
          3851,
          1722,
          2523,
          3667,
          2832,
          7052,
          2297,
          7444
        ],
        [
          1859,
          3282,
          1556,
          1889,
          1378,
          2848,
          4793,
          1715,
          3581
        ],
        [
          3420,
          5118,
          2183,
          3295,
          2729,
          3349,
          11590,
          2753,
          6022
        ],
        [
          2948,
          2136,
          946,
          1547,
          1695,
          1654,
          4725,
          2713,
          4575
        ],
        [
          874,
          720,
          365,
          557,
          876,
          377,
          764,
          617,
          4205
        ]
      ]
    }
  },
  "test_metrics": {
    "classification": {
      "labels": [
        0,
        1,
        2,
        3,
        4,
        5,
        6,
        7,
        8
      ],
      "accuracy": 0.1766921494992847,
      "balanced_accuracy": 0.20304569442631665,
      "precision_macro": 0.17493204752727104,
      "precision_micro": 0.1766921494992847,
      "precision_weighted": 0.1952756158084825,
      "recall_macro": 0.20304569442631665,
      "recall_micro": 0.1766921494992847,
      "recall_weighted": 0.1766921494992847,
      "f1_macro": 0.16496187106127314,
      "f1_micro": 0.1766921494992847,
      "f1_weighted": 0.1696020277557557,
      "confusion_matrix": [
        [
          1190,
          867,
          164,
          355,
          311,
          188,
          384,
          230,
          897
        ],
        [
          745,
          1908,
          397,
          531,
          343,
          353,
          1114,
          288,
          691
        ],
        [
          1194,
          1489,
          799,
          909,
          512,
          844,
          1904,
          756,
          1618
        ],
        [
          1260,
          1637,
          814,
          1239,
          787,
          1249,
          2242,
          826,
          1962
        ],
        [
          2042,
          1641,
          745,
          1129,
          1500,
          1197,
          3030,
          988,
          3086
        ],
        [
          820,
          1448,
          683,
          810,
          567,
          1287,
          2114,
          736,
          1487
        ],
        [
          1501,
          2220,
          898,
          1378,
          1236,
          1443,
          4908,
          1168,
          2573
        ],
        [
          1260,
          901,
          414,
          658,
          696,
          758,
          2076,
          1191,
          1960
        ],
        [
          373,
          272,
          152,
          230,
          362,
          141,
          334,
          275,
          1787
        ]
      ]
    }
  },
  "run_timestamp": "20251227_011619_641433",
  "params_hash": "8748434f3e63847bd35fbf714430c90d9f84f2e57c9434b1cd1e8d5fbfbb75ee"
}