{
  "best_epoch": 0,
  "best_val_loss": null,
  "total_seconds": 0.026409868005430326,
  "epochs": [],
  "train_metrics": {
    "classification": {
      "labels": [
        0,
        1,
        2,
        3,
        4,
        5,
        6,
        7,
        8
      ],
      "accuracy": 0.15245535714285716,
      "balanced_accuracy": 0.16330324942681035,
      "precision_macro": 0.13955237129726383,
      "precision_micro": 0.15245535714285716,
      "precision_weighted": 0.17505522061710138,
      "recall_macro": 0.16330324942681035,
      "recall_micro": 0.15245535714285716,
      "recall_weighted": 0.15245535714285716,
      "f1_macro": 0.12422875756446307,
      "f1_micro": 0.15245535714285716,
      "f1_weighted": 0.14143345512406005,
      "confusion_matrix": [
        [
          200,
          171,
          11,
          69,
          24,
          82,
          35,
          0,
          143
        ],
        [
          159,
          272,
          15,
          86,
          13,
          115,
          57,
          0,
          112
        ],
        [
          154,
          380,
          57,
          291,
          83,
          325,
          141,
          0,
          222
        ],
        [
          125,
          252,
          62,
          361,
          53,
          364,
          145,
          0,
          315
        ],
        [
          250,
          307,
          58,
          322,
          90,
          411,
          148,
          0,
          446
        ],
        [
          243,
          421,
          80,
          403,
          109,
          705,
          208,
          0,
          474
        ],
        [
          365,
          379,
          48,
          363,
          94,
          598,
          285,
          0,
          344
        ],
        [
          193,
          121,
          38,
          159,
          30,
          230,
          91,
          0,
          125
        ],
        [
          105,
          38,
          6,
          72,
          9,
          70,
          29,
          0,
          79
        ]
      ]
    }
  },
  "test_metrics": {
    "classification": {
      "labels": [
        0,
        1,
        2,
        3,
        4,
        5,
        6,
        7,
        8
      ],
      "accuracy": 0.14340277777777777,
      "balanced_accuracy": 0.1567592694932427,
      "precision_macro": 0.13292971369404666,
      "precision_micro": 0.14340277777777777,
      "precision_weighted": 0.16846136906003947,
      "recall_macro": 0.1567592694932427,
      "recall_micro": 0.14340277777777777,
      "recall_weighted": 0.14340277777777777,
      "f1_macro": 0.11711300547805255,
      "f1_micro": 0.14340277777777777,
      "f1_weighted": 0.13230264068434863,
      "confusion_matrix": [
        [
          89,
          59,
          3,
          24,
          12,
          41,
          21,
          0,
          51
        ],
        [
          54,
          119,
          0,
          39,
          6,
          55,
          25,
          0,
          43
        ],
        [
          65,
          169,
          20,
          122,
          34,
          159,
          48,
          0,
          85
        ],
        [
          49,
          125,
          24,
          154,
          36,
          181,
          41,
          0,
          113
        ],
        [
          116,
          146,
          17,
          146,
          32,
          194,
          52,
          0,
          205
        ],
        [
          105,
          172,
          36,
          207,
          53,
          263,
          96,
          0,
          205
        ],
        [
          153,
          174,
          17,
          164,
          41,
          257,
          126,
          0,
          162
        ],
        [
          69,
          61,
          12,
          57,
          16,
          92,
          35,
          0,
          51
        ],
        [
          48,
          25,
          4,
          30,
          6,
          24,
          2,
          0,
          23
        ]
      ]
    }
  },
  "run_timestamp": "20251208_102300_003946",
  "params_hash": "c76f4d88d076ebe546e72b0d2aa05e9ac91d736fe764091a858ea55dc8e2e3bd"
}