{
  "best_epoch": 0,
  "best_val_loss": null,
  "total_seconds": 0.005608832987491041,
  "epochs": [],
  "train_metrics": {
    "classification": {
      "labels": [
        0,
        1,
        2,
        3,
        4
      ],
      "accuracy": 0.3209077380952381,
      "balanced_accuracy": 0.23097537537195761,
      "precision_macro": 0.23073479074112208,
      "precision_micro": 0.3209077380952381,
      "precision_weighted": 0.26577212073250844,
      "recall_macro": 0.23097537537195761,
      "recall_micro": 0.3209077380952381,
      "recall_weighted": 0.3209077380952381,
      "f1_macro": 0.20943411987694865,
      "f1_micro": 0.3209077380952381,
      "f1_weighted": 0.27799454171241267,
      "confusion_matrix": [
        [
          40,
          183,
          0,
          504,
          433
        ],
        [
          36,
          646,
          0,
          1488,
          630
        ],
        [
          22,
          363,
          0,
          887,
          487
        ],
        [
          33,
          798,
          0,
          2637,
          1170
        ],
        [
          29,
          412,
          0,
          1652,
          990
        ]
      ]
    }
  },
  "test_metrics": {
    "classification": {
      "labels": [
        0,
        1,
        2,
        3,
        4
      ],
      "accuracy": 0.31145833333333334,
      "balanced_accuracy": 0.22140554535485757,
      "precision_macro": 0.21727842504246872,
      "precision_micro": 0.31145833333333334,
      "precision_weighted": 0.25572869461527536,
      "recall_macro": 0.22140554535485757,
      "recall_micro": 0.31145833333333334,
      "recall_weighted": 0.31145833333333334,
      "f1_macro": 0.20083811082963204,
      "f1_micro": 0.31145833333333334,
      "f1_weighted": 0.26962235137467344,
      "confusion_matrix": [
        [
          14,
          75,
          0,
          232,
          169
        ],
        [
          16,
          282,
          0,
          672,
          220
        ],
        [
          7,
          151,
          0,
          386,
          202
        ],
        [
          10,
          366,
          0,
          1122,
          524
        ],
        [
          20,
          171,
          0,
          745,
          376
        ]
      ]
    }
  },
  "run_timestamp": "20251208_141427_717911",
  "params_hash": "35faa23252182557c8ca7661644caf2b1100a64f3520167333a6e2ff86d0c885"
}