{
  "best_epoch": 0,
  "best_val_loss": null,
  "total_seconds": 2.455366434995085,
  "epochs": [],
  "train_metrics": {
    "classification": {
      "labels": [
        0,
        1,
        2,
        3,
        4,
        5,
        6,
        7,
        8
      ],
      "accuracy": 0.16636170294297978,
      "balanced_accuracy": 0.1967237144508072,
      "precision_macro": 0.1662514728814343,
      "precision_micro": 0.16636170294297978,
      "precision_weighted": 0.1969074507366444,
      "recall_macro": 0.1967237144508072,
      "recall_micro": 0.16636170294297978,
      "recall_weighted": 0.16636170294297978,
      "f1_macro": 0.14633044482591356,
      "f1_micro": 0.16636170294297978,
      "f1_weighted": 0.15668047546730454,
      "confusion_matrix": [
        [
          6290,
          926,
          224,
          219,
          370,
          1375,
          457,
          389,
          961
        ],
        [
          3651,
          2459,
          588,
          399,
          386,
          1841,
          892,
          1076,
          1400
        ],
        [
          5221,
          2814,
          2015,
          1329,
          1537,
          5058,
          2036,
          2468,
          3062
        ],
        [
          5109,
          2417,
          2145,
          1615,
          1689,
          5617,
          2355,
          1478,
          3668
        ],
        [
          8548,
          3198,
          1964,
          1318,
          2672,
          6351,
          2381,
          1343,
          4262
        ],
        [
          6818,
          3107,
          2510,
          1764,
          2475,
          12372,
          4053,
          2588,
          5663
        ],
        [
          8167,
          3688,
          2010,
          1439,
          1741,
          8130,
          3854,
          2931,
          6736
        ],
        [
          2516,
          1736,
          741,
          410,
          460,
          3549,
          1479,
          1739,
          2313
        ],
        [
          1250,
          540,
          225,
          157,
          127,
          1473,
          496,
          223,
          1715
        ]
      ]
    }
  },
  "test_metrics": {
    "classification": {
      "labels": [
        0,
        1,
        2,
        3,
        4,
        5,
        6,
        7,
        8
      ],
      "accuracy": 0.16410720672389129,
      "balanced_accuracy": 0.1942141897458649,
      "precision_macro": 0.16526971517330147,
      "precision_micro": 0.16410720672389129,
      "precision_weighted": 0.19498251722992815,
      "recall_macro": 0.1942141897458649,
      "recall_micro": 0.16410720672389129,
      "recall_weighted": 0.16410720672389129,
      "f1_macro": 0.144834802401897,
      "f1_micro": 0.16410720672389129,
      "f1_weighted": 0.15435183638547723,
      "confusion_matrix": [
        [
          2647,
          450,
          105,
          95,
          130,
          656,
          194,
          146,
          443
        ],
        [
          1589,
          1055,
          259,
          183,
          168,
          785,
          332,
          474,
          637
        ],
        [
          2287,
          1232,
          854,
          582,
          645,
          2229,
          847,
          1055,
          1310
        ],
        [
          2261,
          1081,
          975,
          708,
          744,
          2245,
          983,
          658,
          1532
        ],
        [
          3482,
          1399,
          829,
          556,
          1123,
          2762,
          1058,
          555,
          1867
        ],
        [
          2913,
          1306,
          1110,
          700,
          1051,
          5201,
          1660,
          1026,
          2399
        ],
        [
          3556,
          1669,
          826,
          633,
          752,
          3558,
          1607,
          1282,
          2875
        ],
        [
          1097,
          686,
          325,
          158,
          197,
          1587,
          652,
          755,
          1036
        ],
        [
          542,
          210,
          88,
          75,
          60,
          659,
          189,
          92,
          733
        ]
      ]
    }
  },
  "run_timestamp": "20251227_011344_042595",
  "params_hash": "95979740d2cbc222eb6fd33c7358333f620ddfae8b95f1c24ffe9e42e64b6edf"
}