{
  "best_epoch": 0,
  "best_val_loss": null,
  "total_seconds": 3.989067171991337,
  "epochs": [],
  "train_metrics": {
    "classification": {
      "labels": [
        0,
        1,
        2,
        3,
        4,
        5,
        6,
        7,
        8
      ],
      "accuracy": 0.1862162783568363,
      "balanced_accuracy": 0.2190479515975427,
      "precision_macro": 0.1863698804642766,
      "precision_micro": 0.1862162783568363,
      "precision_weighted": 0.2234201032971486,
      "recall_macro": 0.2190479515975427,
      "recall_micro": 0.1862162783568363,
      "recall_weighted": 0.1862162783568363,
      "f1_macro": 0.16753823068768572,
      "f1_micro": 0.1862162783568363,
      "f1_weighted": 0.18220723503899947,
      "confusion_matrix": [
        [
          6376,
          827,
          341,
          311,
          313,
          1036,
          441,
          385,
          1181
        ],
        [
          3551,
          2362,
          869,
          523,
          244,
          1454,
          1317,
          752,
          1620
        ],
        [
          4856,
          2501,
          2589,
          2347,
          1295,
          3157,
          2741,
          2045,
          4009
        ],
        [
          4514,
          1946,
          2106,
          3688,
          1294,
          5108,
          2682,
          1145,
          3610
        ],
        [
          7886,
          3079,
          2215,
          2762,
          2194,
          5832,
          2685,
          1222,
          4162
        ],
        [
          5634,
          2792,
          2712,
          3750,
          1771,
          11303,
          4766,
          2489,
          6133
        ],
        [
          7110,
          3172,
          2353,
          2583,
          1296,
          6554,
          6777,
          1976,
          6875
        ],
        [
          2532,
          1507,
          787,
          665,
          402,
          2865,
          2244,
          1285,
          2656
        ],
        [
          1234,
          481,
          282,
          225,
          113,
          731,
          695,
          143,
          2302
        ]
      ]
    }
  },
  "test_metrics": {
    "classification": {
      "labels": [
        0,
        1,
        2,
        3,
        4,
        5,
        6,
        7,
        8
      ],
      "accuracy": 0.18281697067238914,
      "balanced_accuracy": 0.21461332897740443,
      "precision_macro": 0.1838954781171357,
      "precision_micro": 0.18281697067238914,
      "precision_weighted": 0.21931289417419506,
      "recall_macro": 0.21461332897740443,
      "recall_micro": 0.18281697067238914,
      "recall_weighted": 0.18281697067238914,
      "f1_macro": 0.16489331813573502,
      "f1_micro": 0.18281697067238914,
      "f1_weighted": 0.17865282776306307,
      "confusion_matrix": [
        [
          2672,
          387,
          148,
          148,
          111,
          487,
          200,
          166,
          547
        ],
        [
          1566,
          1060,
          382,
          203,
          89,
          623,
          482,
          309,
          768
        ],
        [
          2069,
          1148,
          1083,
          1009,
          528,
          1403,
          1197,
          873,
          1731
        ],
        [
          2044,
          857,
          905,
          1575,
          560,
          2181,
          1122,
          476,
          1467
        ],
        [
          3278,
          1318,
          952,
          1127,
          894,
          2515,
          1210,
          516,
          1821
        ],
        [
          2319,
          1192,
          1182,
          1565,
          752,
          4737,
          2098,
          962,
          2559
        ],
        [
          3062,
          1460,
          945,
          1148,
          566,
          2824,
          2836,
          882,
          3035
        ],
        [
          1109,
          598,
          342,
          307,
          171,
          1300,
          955,
          554,
          1157
        ],
        [
          547,
          193,
          114,
          110,
          51,
          358,
          270,
          59,
          946
        ]
      ]
    }
  },
  "run_timestamp": "20251227_011706_484142",
  "params_hash": "bf33f4d2bb88307661d2675d414df13ac687cfe9628c342f918de9b03e472413"
}