{
  "best_epoch": 0,
  "best_val_loss": null,
  "total_seconds": 0.6392049480054993,
  "epochs": [],
  "train_metrics": {
    "classification": {
      "labels": [
        0,
        1,
        2,
        3,
        4
      ],
      "accuracy": 0.3094439760882894,
      "balanced_accuracy": 0.2681865268867213,
      "precision_macro": 0.25200835272411704,
      "precision_micro": 0.3094439760882894,
      "precision_weighted": 0.2924128253600433,
      "recall_macro": 0.2681865268867213,
      "recall_micro": 0.3094439760882894,
      "recall_weighted": 0.3094439760882894,
      "f1_macro": 0.21885580010192748,
      "f1_micro": 0.3094439760882894,
      "f1_weighted": 0.2693303586753737,
      "confusion_matrix": [
        [
          8069,
          1167,
          79,
          5871,
          2674
        ],
        [
          9521,
          4043,
          189,
          22132,
          7428
        ],
        [
          6719,
          2171,
          160,
          13840,
          4387
        ],
        [
          14994,
          4277,
          364,
          42628,
          10482
        ],
        [
          11875,
          3162,
          264,
          22570,
          9702
        ]
      ]
    }
  },
  "test_metrics": {
    "classification": {
      "labels": [
        0,
        1,
        2,
        3,
        4
      ],
      "accuracy": 0.3067216559370529,
      "balanced_accuracy": 0.2657273192523958,
      "precision_macro": 0.24472285096245544,
      "precision_micro": 0.3067216559370529,
      "precision_weighted": 0.28572910278899155,
      "recall_macro": 0.2657273192523958,
      "recall_micro": 0.3067216559370529,
      "recall_weighted": 0.3067216559370529,
      "f1_macro": 0.21713538684885783,
      "f1_micro": 0.3067216559370529,
      "f1_weighted": 0.26611518944909585,
      "confusion_matrix": [
        [
          3428,
          518,
          30,
          2614,
          1180
        ],
        [
          4152,
          1732,
          87,
          9584,
          3110
        ],
        [
          2726,
          973,
          56,
          5933,
          1946
        ],
        [
          6288,
          1809,
          143,
          18037,
          4430
        ],
        [
          5157,
          1359,
          147,
          9843,
          4190
        ]
      ]
    }
  },
  "run_timestamp": "20251226_195748_155702",
  "params_hash": "d60f02d36149d84abac37a41d508cfed8cf3c9955f2aa82cd6955caa1a1b23e7"
}