{
  "best_epoch": 0,
  "best_val_loss": null,
  "total_seconds": 1.1623795329942368,
  "epochs": [],
  "train_metrics": {
    "classification": {
      "labels": [
        0,
        1,
        2,
        3,
        4
      ],
      "accuracy": 0.28897627988963825,
      "balanced_accuracy": 0.2650173794003161,
      "precision_macro": 0.2609851960856192,
      "precision_micro": 0.28897627988963825,
      "precision_weighted": 0.28703539993287575,
      "recall_macro": 0.2650173794003161,
      "recall_micro": 0.28897627988963825,
      "recall_weighted": 0.28897627988963825,
      "f1_macro": 0.25402382403868495,
      "f1_micro": 0.28897627988963825,
      "f1_weighted": 0.27884470332726974,
      "confusion_matrix": [
        [
          4430,
          2932,
          1783,
          2874,
          6227
        ],
        [
          5534,
          9770,
          4400,
          7466,
          14256
        ],
        [
          4987,
          5732,
          4225,
          6264,
          12393
        ],
        [
          7684,
          8861,
          4938,
          12769,
          22442
        ],
        [
          6675,
          8227,
          5091,
          9673,
          29135
        ]
      ]
    }
  },
  "test_metrics": {
    "classification": {
      "labels": [
        0,
        1,
        2,
        3,
        4
      ],
      "accuracy": 0.29080606223175964,
      "balanced_accuracy": 0.2660867994290855,
      "precision_macro": 0.2617325269570802,
      "precision_micro": 0.29080606223175964,
      "precision_weighted": 0.28784371836060246,
      "recall_macro": 0.2660867994290855,
      "recall_micro": 0.29080606223175964,
      "recall_weighted": 0.29080606223175964,
      "f1_macro": 0.25543003023282596,
      "f1_micro": 0.29080606223175964,
      "f1_weighted": 0.28068003646491063,
      "confusion_matrix": [
        [
          1986,
          1217,
          783,
          1325,
          2772
        ],
        [
          2381,
          4193,
          1865,
          3226,
          6091
        ],
        [
          2196,
          2507,
          1749,
          2688,
          5024
        ],
        [
          3374,
          3790,
          2060,
          5498,
          9435
        ],
        [
          2864,
          3455,
          2280,
          4120,
          12593
        ]
      ]
    }
  },
  "run_timestamp": "20251226_195930_155046",
  "params_hash": "ca3cf12ae3539fa68a4765cc23cab99443a9068c360f4b9912fd79a563809a55"
}