{
  "best_epoch": 0,
  "best_val_loss": null,
  "total_seconds": 4.001686942006927,
  "epochs": [],
  "train_metrics": {
    "classification": {
      "labels": [
        0,
        1,
        2,
        3,
        4,
        5,
        6,
        7,
        8
      ],
      "accuracy": 0.17288090128755365,
      "balanced_accuracy": 0.19594928595096933,
      "precision_macro": 0.1753732651648635,
      "precision_micro": 0.17288090128755365,
      "precision_weighted": 0.20006154064769907,
      "recall_macro": 0.19594928595096933,
      "recall_micro": 0.17288090128755365,
      "recall_weighted": 0.17288090128755365,
      "f1_macro": 0.16421170070933488,
      "f1_micro": 0.17288090128755365,
      "f1_weighted": 0.17230374664966694,
      "confusion_matrix": [
        [
          1228,
          1868,
          470,
          1139,
          1152,
          781,
          851,
          656,
          2414
        ],
        [
          840,
          4188,
          874,
          1157,
          1196,
          946,
          1625,
          1153,
          2388
        ],
        [
          1537,
          3507,
          1612,
          2762,
          2450,
          2691,
          2877,
          1582,
          4276
        ],
        [
          1961,
          3455,
          1860,
          4393,
          3355,
          3792,
          2280,
          2580,
          5083
        ],
        [
          2372,
          4275,
          1268,
          3485,
          6022,
          4023,
          3972,
          2690,
          8028
        ],
        [
          1153,
          3260,
          1137,
          2656,
          2475,
          4644,
          2107,
          1561,
          3908
        ],
        [
          2107,
          6462,
          1867,
          4052,
          4239,
          4617,
          6596,
          3380,
          7139
        ],
        [
          1470,
          2912,
          776,
          2150,
          2450,
          2031,
          2988,
          3012,
          5150
        ],
        [
          382,
          680,
          221,
          655,
          1136,
          718,
          486,
          680,
          4397
        ]
      ]
    }
  },
  "test_metrics": {
    "classification": {
      "labels": [
        0,
        1,
        2,
        3,
        4,
        5,
        6,
        7,
        8
      ],
      "accuracy": 0.17216559370529327,
      "balanced_accuracy": 0.196090504467617,
      "precision_macro": 0.17438957120889834,
      "precision_micro": 0.17216559370529327,
      "precision_weighted": 0.19775276946470904,
      "recall_macro": 0.196090504467617,
      "recall_micro": 0.17216559370529327,
      "recall_weighted": 0.17216559370529327,
      "f1_macro": 0.16366150619012784,
      "f1_micro": 0.17216559370529327,
      "f1_weighted": 0.17106275225290757,
      "confusion_matrix": [
        [
          554,
          758,
          194,
          515,
          484,
          347,
          358,
          287,
          1089
        ],
        [
          376,
          1810,
          338,
          578,
          495,
          453,
          769,
          504,
          1047
        ],
        [
          627,
          1480,
          661,
          1183,
          1067,
          1222,
          1247,
          714,
          1824
        ],
        [
          813,
          1470,
          791,
          1788,
          1382,
          1529,
          1015,
          1017,
          2211
        ],
        [
          1052,
          1743,
          520,
          1496,
          2515,
          1746,
          1707,
          1136,
          3443
        ],
        [
          497,
          1386,
          523,
          1117,
          1090,
          2030,
          944,
          689,
          1676
        ],
        [
          926,
          2804,
          714,
          1746,
          1822,
          1919,
          2870,
          1454,
          3070
        ],
        [
          650,
          1249,
          360,
          931,
          1147,
          884,
          1279,
          1282,
          2132
        ],
        [
          142,
          280,
          86,
          283,
          481,
          297,
          202,
          261,
          1894
        ]
      ]
    }
  },
  "run_timestamp": "20251226_201716_080876",
  "params_hash": "19bc6e21688420e2340b53ec66464bc2f07b372fba102b6a3210f93c461a9058"
}