{
  "best_epoch": 0,
  "best_val_loss": null,
  "total_seconds": 2.1046350059914403,
  "epochs": [],
  "train_metrics": {
    "classification": {
      "labels": [
        0,
        1,
        2,
        3,
        4
      ],
      "accuracy": 0.3084093347639485,
      "balanced_accuracy": 0.2873607541230165,
      "precision_macro": 0.275723972743288,
      "precision_micro": 0.3084093347639485,
      "precision_weighted": 0.3120626109033248,
      "recall_macro": 0.2873607541230165,
      "recall_micro": 0.3084093347639485,
      "recall_weighted": 0.3084093347639485,
      "f1_macro": 0.25871760930893684,
      "f1_micro": 0.3084093347639485,
      "f1_weighted": 0.29428871997789224,
      "confusion_matrix": [
        [
          7996,
          1762,
          977,
          4515,
          2610
        ],
        [
          8683,
          5220,
          2917,
          18432,
          8061
        ],
        [
          5782,
          2232,
          3681,
          11265,
          4317
        ],
        [
          13313,
          5139,
          5414,
          36378,
          12501
        ],
        [
          11166,
          3804,
          3611,
          17881,
          11111
        ]
      ]
    }
  },
  "test_metrics": {
    "classification": {
      "labels": [
        0,
        1,
        2,
        3,
        4
      ],
      "accuracy": 0.304564556509299,
      "balanced_accuracy": 0.2833228356909431,
      "precision_macro": 0.2730727443205679,
      "precision_micro": 0.304564556509299,
      "precision_weighted": 0.30824241839137306,
      "recall_macro": 0.2833228356909431,
      "recall_micro": 0.304564556509299,
      "recall_weighted": 0.304564556509299,
      "f1_macro": 0.2560015512707509,
      "f1_micro": 0.304564556509299,
      "f1_weighted": 0.29047110211612076,
      "confusion_matrix": [
        [
          3383,
          800,
          426,
          2034,
          1127
        ],
        [
          3759,
          2323,
          1257,
          8057,
          3269
        ],
        [
          2381,
          996,
          1493,
          4776,
          1988
        ],
        [
          5614,
          2204,
          2306,
          15261,
          5322
        ],
        [
          4884,
          1651,
          1538,
          7833,
          4790
        ]
      ]
    }
  },
  "run_timestamp": "20251226_195908_182116",
  "params_hash": "c1f4a1dba91bd88792748b98f9dc7938c1dc0a86d4322cc031e9249ef91964b8"
}