{
  "best_epoch": 0,
  "best_val_loss": null,
  "total_seconds": 0.008484203994157724,
  "epochs": [],
  "train_metrics": {
    "classification": {
      "labels": [
        0,
        1,
        2,
        3,
        4
      ],
      "accuracy": 0.2674107142857143,
      "balanced_accuracy": 0.24350857865366687,
      "precision_macro": 0.19482753417974705,
      "precision_micro": 0.2674107142857143,
      "precision_weighted": 0.22407307040907098,
      "recall_macro": 0.24350857865366687,
      "recall_micro": 0.2674107142857143,
      "recall_weighted": 0.2674107142857143,
      "f1_macro": 0.2022753648297043,
      "f1_micro": 0.2674107142857143,
      "f1_weighted": 0.22742904178725787,
      "confusion_matrix": [
        [
          373,
          188,
          0,
          196,
          448
        ],
        [
          556,
          459,
          0,
          401,
          1243
        ],
        [
          373,
          386,
          0,
          315,
          1064
        ],
        [
          667,
          492,
          0,
          581,
          1914
        ],
        [
          470,
          601,
          0,
          532,
          2181
        ]
      ]
    }
  },
  "test_metrics": {
    "classification": {
      "labels": [
        0,
        1,
        2,
        3,
        4
      ],
      "accuracy": 0.2670138888888889,
      "balanced_accuracy": 0.245709581109511,
      "precision_macro": 0.19554578059200145,
      "precision_micro": 0.2670138888888889,
      "precision_weighted": 0.22294861234578967,
      "recall_macro": 0.245709581109511,
      "recall_micro": 0.2670138888888889,
      "recall_weighted": 0.2670138888888889,
      "f1_macro": 0.20427315471919716,
      "f1_micro": 0.2670138888888889,
      "f1_weighted": 0.22788476398655758,
      "confusion_matrix": [
        [
          156,
          80,
          0,
          89,
          165
        ],
        [
          224,
          215,
          0,
          165,
          547
        ],
        [
          171,
          157,
          0,
          136,
          473
        ],
        [
          260,
          217,
          0,
          249,
          825
        ],
        [
          199,
          251,
          0,
          263,
          918
        ]
      ]
    }
  },
  "run_timestamp": "20251208_141626_812337",
  "params_hash": "7a89fd11899e9d509898f50203c94e8e08b25b00838bd205b25687c49044af72"
}