{
  "best_epoch": 0,
  "best_val_loss": null,
  "total_seconds": 4.579166017996613,
  "epochs": [],
  "train_metrics": {
    "classification": {
      "labels": [
        0,
        1,
        2,
        3,
        4,
        5,
        6,
        7,
        8
      ],
      "accuracy": 0.177728387492336,
      "balanced_accuracy": 0.20886930931289316,
      "precision_macro": 0.17524914202848774,
      "precision_micro": 0.177728387492336,
      "precision_weighted": 0.20823215006318024,
      "recall_macro": 0.20886930931289316,
      "recall_micro": 0.177728387492336,
      "recall_weighted": 0.177728387492336,
      "f1_macro": 0.1605296550230654,
      "f1_micro": 0.177728387492336,
      "f1_weighted": 0.1750505234871468,
      "confusion_matrix": [
        [
          4836,
          689,
          548,
          695,
          923,
          1292,
          695,
          281,
          1252
        ],
        [
          2954,
          1268,
          885,
          933,
          872,
          1969,
          1259,
          936,
          1616
        ],
        [
          4532,
          1429,
          2149,
          2477,
          2099,
          4197,
          2434,
          2301,
          3922
        ],
        [
          3927,
          1381,
          1484,
          3797,
          2614,
          6051,
          2319,
          1444,
          3076
        ],
        [
          6197,
          1935,
          1620,
          3292,
          4178,
          5787,
          2277,
          918,
          5833
        ],
        [
          6484,
          1550,
          2102,
          4265,
          3628,
          11726,
          3226,
          2762,
          5607
        ],
        [
          7548,
          2026,
          1682,
          3123,
          2670,
          6623,
          4558,
          2940,
          7526
        ],
        [
          2256,
          1030,
          623,
          1164,
          787,
          3253,
          1621,
          1622,
          2587
        ],
        [
          1163,
          364,
          109,
          321,
          192,
          608,
          355,
          124,
          2970
        ]
      ]
    }
  },
  "test_metrics": {
    "classification": {
      "labels": [
        0,
        1,
        2,
        3,
        4,
        5,
        6,
        7,
        8
      ],
      "accuracy": 0.17768687410586553,
      "balanced_accuracy": 0.20970621673729054,
      "precision_macro": 0.17563042085273672,
      "precision_micro": 0.17768687410586553,
      "precision_weighted": 0.208013666830634,
      "recall_macro": 0.20970621673729054,
      "recall_micro": 0.17768687410586553,
      "recall_weighted": 0.17768687410586553,
      "f1_macro": 0.1610300310371623,
      "f1_micro": 0.17768687410586553,
      "f1_weighted": 0.1747828215351445,
      "confusion_matrix": [
        [
          2084,
          300,
          239,
          293,
          379,
          625,
          298,
          113,
          535
        ],
        [
          1260,
          560,
          404,
          394,
          427,
          828,
          508,
          384,
          717
        ],
        [
          2006,
          625,
          915,
          1039,
          880,
          1904,
          1007,
          1002,
          1663
        ],
        [
          1622,
          629,
          730,
          1676,
          1092,
          2568,
          957,
          612,
          1301
        ],
        [
          2577,
          865,
          626,
          1387,
          1783,
          2440,
          1036,
          407,
          2510
        ],
        [
          2743,
          651,
          917,
          1789,
          1587,
          4909,
          1323,
          1062,
          2385
        ],
        [
          3401,
          892,
          741,
          1374,
          1199,
          2734,
          2002,
          1229,
          3186
        ],
        [
          1049,
          418,
          304,
          508,
          317,
          1407,
          713,
          681,
          1096
        ],
        [
          473,
          149,
          51,
          140,
          88,
          266,
          141,
          52,
          1288
        ]
      ]
    }
  },
  "run_timestamp": "20251226_201758_966632",
  "params_hash": "8630797043d5794e50b27186780c85b84564f9334ad4871b257fa6e6c22e7769"
}