{
  "best_epoch": 0,
  "best_val_loss": null,
  "total_seconds": 4.3144399329903536,
  "epochs": [],
  "train_metrics": {
    "classification": {
      "labels": [
        0,
        1,
        2,
        3,
        4
      ],
      "accuracy": 0.30226854690374005,
      "balanced_accuracy": 0.29850294321291176,
      "precision_macro": 0.2882951084230262,
      "precision_micro": 0.30226854690374005,
      "precision_weighted": 0.314272427206749,
      "recall_macro": 0.29850294321291176,
      "recall_micro": 0.30226854690374005,
      "recall_weighted": 0.30226854690374005,
      "f1_macro": 0.2850590917381702,
      "f1_micro": 0.30226854690374005,
      "f1_weighted": 0.30302286635053116,
      "confusion_matrix": [
        [
          6519,
          2763,
          2397,
          2218,
          4349
        ],
        [
          7208,
          9254,
          5690,
          7575,
          11699
        ],
        [
          5842,
          4777,
          7586,
          6502,
          8894
        ],
        [
          9090,
          7822,
          7480,
          16065,
          16237
        ],
        [
          8532,
          7555,
          7308,
          11726,
          23680
        ]
      ]
    }
  },
  "test_metrics": {
    "classification": {
      "labels": [
        0,
        1,
        2,
        3,
        4
      ],
      "accuracy": 0.30093213519313305,
      "balanced_accuracy": 0.29531162868413857,
      "precision_macro": 0.2860753159791939,
      "precision_micro": 0.30093213519313305,
      "precision_weighted": 0.31227618484814584,
      "recall_macro": 0.29531162868413857,
      "recall_micro": 0.30093213519313305,
      "recall_weighted": 0.30093213519313305,
      "f1_macro": 0.2828295312690984,
      "f1_micro": 0.30093213519313305,
      "f1_weighted": 0.3015536998681391,
      "confusion_matrix": [
        [
          2828,
          1168,
          1086,
          1032,
          1969
        ],
        [
          3112,
          3919,
          2442,
          3352,
          4931
        ],
        [
          2544,
          2039,
          3084,
          2816,
          3681
        ],
        [
          4027,
          3249,
          3118,
          6833,
          6930
        ],
        [
          3610,
          3197,
          3261,
          4983,
          10261
        ]
      ]
    }
  },
  "run_timestamp": "20251226_200315_683211",
  "params_hash": "bd2bf064cf51efd3f101111a8e4227c3c3e2b23e653e334d045c221b658f59b1"
}