{
  "best_epoch": 0,
  "best_val_loss": null,
  "total_seconds": 0.019908791000489146,
  "epochs": [],
  "train_metrics": {
    "classification": {
      "labels": [
        0,
        1,
        2,
        3,
        4,
        5,
        6,
        7,
        8
      ],
      "accuracy": 0.1394345238095238,
      "balanced_accuracy": 0.16391059971516184,
      "precision_macro": 0.14298939059721483,
      "precision_micro": 0.1394345238095238,
      "precision_weighted": 0.16285983071631469,
      "recall_macro": 0.16391059971516184,
      "recall_micro": 0.1394345238095238,
      "recall_weighted": 0.1394345238095238,
      "f1_macro": 0.10298772651659238,
      "f1_micro": 0.1394345238095238,
      "f1_weighted": 0.11226328647179729,
      "confusion_matrix": [
        [
          107,
          140,
          0,
          5,
          58,
          42,
          141,
          2,
          212
        ],
        [
          82,
          176,
          5,
          10,
          62,
          25,
          238,
          4,
          337
        ],
        [
          127,
          165,
          4,
          6,
          104,
          122,
          414,
          0,
          556
        ],
        [
          128,
          145,
          6,
          14,
          195,
          127,
          476,
          0,
          733
        ],
        [
          233,
          221,
          6,
          18,
          248,
          145,
          600,
          1,
          841
        ],
        [
          132,
          148,
          5,
          9,
          156,
          126,
          389,
          1,
          511
        ],
        [
          288,
          312,
          11,
          12,
          265,
          165,
          810,
          1,
          724
        ],
        [
          170,
          166,
          10,
          6,
          140,
          59,
          333,
          2,
          583
        ],
        [
          50,
          35,
          1,
          3,
          54,
          40,
          55,
          0,
          387
        ]
      ]
    }
  },
  "test_metrics": {
    "classification": {
      "labels": [
        0,
        1,
        2,
        3,
        4,
        5,
        6,
        7,
        8
      ],
      "accuracy": 0.13072916666666667,
      "balanced_accuracy": 0.16135780536624397,
      "precision_macro": 0.1090415045478815,
      "precision_micro": 0.13072916666666667,
      "precision_weighted": 0.1286454073341023,
      "recall_macro": 0.16135780536624397,
      "recall_micro": 0.13072916666666667,
      "recall_weighted": 0.13072916666666667,
      "f1_macro": 0.09820674725976075,
      "f1_micro": 0.13072916666666667,
      "f1_weighted": 0.10596180299525207,
      "confusion_matrix": [
        [
          48,
          38,
          1,
          3,
          25,
          12,
          60,
          1,
          80
        ],
        [
          34,
          90,
          1,
          2,
          21,
          4,
          111,
          0,
          133
        ],
        [
          66,
          62,
          0,
          1,
          55,
          54,
          169,
          0,
          240
        ],
        [
          68,
          75,
          4,
          7,
          88,
          47,
          212,
          1,
          299
        ],
        [
          120,
          119,
          4,
          8,
          98,
          52,
          241,
          0,
          360
        ],
        [
          66,
          75,
          1,
          5,
          64,
          46,
          185,
          0,
          196
        ],
        [
          114,
          163,
          9,
          4,
          120,
          58,
          332,
          2,
          330
        ],
        [
          76,
          64,
          2,
          3,
          67,
          27,
          143,
          0,
          264
        ],
        [
          14,
          16,
          1,
          10,
          21,
          16,
          20,
          0,
          132
        ]
      ]
    }
  },
  "run_timestamp": "20251208_101855_842106",
  "params_hash": "6c2bf63f0ac4cc4544fa1ca039f2992147328ba1e9d81b51d559045fff0ef999"
}