{
  "best_epoch": 0,
  "best_val_loss": null,
  "total_seconds": 0.7476917110034265,
  "epochs": [],
  "train_metrics": {
    "classification": {
      "labels": [
        0,
        1,
        2,
        3,
        4
      ],
      "accuracy": 0.2780071658491723,
      "balanced_accuracy": 0.23592149477830882,
      "precision_macro": 0.23920942829714759,
      "precision_micro": 0.2780071658491723,
      "precision_weighted": 0.2638675700572398,
      "recall_macro": 0.23592149477830882,
      "recall_micro": 0.2780071658491723,
      "recall_weighted": 0.2780071658491723,
      "f1_macro": 0.2312477858094156,
      "f1_micro": 0.2780071658491723,
      "f1_weighted": 0.26346442748967436,
      "confusion_matrix": [
        [
          1665,
          2331,
          1916,
          4691,
          7643
        ],
        [
          2475,
          8315,
          4974,
          9205,
          16457
        ],
        [
          1940,
          5129,
          4817,
          7557,
          14158
        ],
        [
          3948,
          8757,
          6311,
          14051,
          23627
        ],
        [
          2743,
          7831,
          6915,
          12121,
          29191
        ]
      ]
    }
  },
  "test_metrics": {
    "classification": {
      "labels": [
        0,
        1,
        2,
        3,
        4
      ],
      "accuracy": 0.27751698855507867,
      "balanced_accuracy": 0.23659981881269504,
      "precision_macro": 0.24041368987504436,
      "precision_micro": 0.27751698855507867,
      "precision_weighted": 0.26378493648617996,
      "recall_macro": 0.23659981881269504,
      "recall_micro": 0.27751698855507867,
      "recall_weighted": 0.27751698855507867,
      "f1_macro": 0.23240375572860258,
      "f1_micro": 0.27751698855507867,
      "f1_weighted": 0.26343306381319503,
      "confusion_matrix": [
        [
          797,
          1009,
          891,
          2011,
          3375
        ],
        [
          1069,
          3526,
          2224,
          3960,
          6977
        ],
        [
          802,
          2122,
          2071,
          3182,
          5987
        ],
        [
          1783,
          3646,
          2718,
          5956,
          10054
        ],
        [
          1210,
          3382,
          3014,
          5226,
          12480
        ]
      ]
    }
  },
  "run_timestamp": "20251226_201326_855759",
  "params_hash": "4b9127c2d46fa01de08fb3cd31212098372410a6f7242a479d7aa0a60aaac2e5"
}