{
  "best_epoch": 0,
  "best_val_loss": null,
  "total_seconds": 1.3053857400082052,
  "epochs": [],
  "train_metrics": {
    "classification": {
      "labels": [
        0,
        1,
        2,
        3,
        4,
        5,
        6,
        7,
        8
      ],
      "accuracy": 0.17186062998160637,
      "balanced_accuracy": 0.16282261413609758,
      "precision_macro": 0.14156812790631787,
      "precision_micro": 0.17186062998160637,
      "precision_weighted": 0.17410547626188233,
      "recall_macro": 0.16282261413609758,
      "recall_micro": 0.17186062998160637,
      "recall_weighted": 0.17186062998160637,
      "f1_macro": 0.12458109837080117,
      "f1_micro": 0.17186062998160637,
      "f1_weighted": 0.15355402363743595,
      "confusion_matrix": [
        [
          5625,
          236,
          591,
          116,
          858,
          1809,
          1088,
          7,
          881
        ],
        [
          3779,
          660,
          1053,
          224,
          1481,
          2540,
          2156,
          0,
          799
        ],
        [
          6751,
          815,
          2450,
          357,
          2766,
          6113,
          4930,
          18,
          1340
        ],
        [
          6436,
          829,
          1886,
          536,
          2539,
          8047,
          4646,
          33,
          1141
        ],
        [
          8771,
          929,
          2324,
          489,
          3657,
          8339,
          5060,
          60,
          2408
        ],
        [
          11309,
          944,
          2333,
          777,
          3622,
          13994,
          6540,
          60,
          1771
        ],
        [
          11594,
          699,
          3168,
          581,
          2962,
          9348,
          8132,
          41,
          2171
        ],
        [
          3424,
          351,
          1036,
          208,
          1268,
          4107,
          3498,
          5,
          1046
        ],
        [
          1870,
          201,
          421,
          93,
          802,
          1165,
          828,
          6,
          820
        ]
      ]
    }
  },
  "test_metrics": {
    "classification": {
      "labels": [
        0,
        1,
        2,
        3,
        4,
        5,
        6,
        7,
        8
      ],
      "accuracy": 0.1698631974248927,
      "balanced_accuracy": 0.1600880308800949,
      "precision_macro": 0.14526708016887813,
      "precision_micro": 0.1698631974248927,
      "precision_weighted": 0.17730237993066153,
      "recall_macro": 0.1600880308800949,
      "recall_micro": 0.1698631974248927,
      "recall_weighted": 0.1698631974248927,
      "f1_macro": 0.12374557244985884,
      "f1_micro": 0.1698631974248927,
      "f1_weighted": 0.15239690370451864,
      "confusion_matrix": [
        [
          2374,
          129,
          246,
          60,
          386,
          805,
          489,
          2,
          375
        ],
        [
          1541,
          276,
          485,
          93,
          682,
          1163,
          891,
          1,
          350
        ],
        [
          2824,
          397,
          1106,
          161,
          1171,
          2614,
          2164,
          11,
          593
        ],
        [
          2806,
          361,
          824,
          266,
          1121,
          3367,
          1946,
          17,
          479
        ],
        [
          3649,
          372,
          998,
          171,
          1579,
          3529,
          2249,
          27,
          1057
        ],
        [
          4905,
          409,
          991,
          294,
          1548,
          5757,
          2750,
          24,
          688
        ],
        [
          5041,
          340,
          1359,
          237,
          1286,
          4051,
          3516,
          15,
          913
        ],
        [
          1474,
          158,
          471,
          74,
          502,
          1871,
          1523,
          4,
          416
        ],
        [
          804,
          89,
          185,
          41,
          364,
          526,
          318,
          1,
          320
        ]
      ]
    }
  },
  "run_timestamp": "20251226_195837_032502",
  "params_hash": "6258cbfc63e518605faf310bc1cb65853e147df4c6a3fca4f0dd6f0a0687aeea"
}