{
  "best_epoch": 0,
  "best_val_loss": null,
  "total_seconds": 0.011334428010741249,
  "epochs": [],
  "train_metrics": {
    "classification": {
      "labels": [
        0,
        1,
        2,
        3,
        4
      ],
      "accuracy": 0.30892857142857144,
      "balanced_accuracy": 0.25633502722853796,
      "precision_macro": 0.2699799365851614,
      "precision_micro": 0.30892857142857144,
      "precision_weighted": 0.30150686850405306,
      "recall_macro": 0.25633502722853796,
      "recall_micro": 0.30892857142857144,
      "recall_weighted": 0.30892857142857144,
      "f1_macro": 0.2193958725062874,
      "f1_micro": 0.30892857142857144,
      "f1_weighted": 0.25640591880046953,
      "confusion_matrix": [
        [
          341,
          235,
          40,
          540,
          4
        ],
        [
          446,
          681,
          158,
          1492,
          23
        ],
        [
          259,
          310,
          185,
          993,
          12
        ],
        [
          661,
          743,
          285,
          2905,
          44
        ],
        [
          394,
          684,
          131,
          1834,
          40
        ]
      ]
    }
  },
  "test_metrics": {
    "classification": {
      "labels": [
        0,
        1,
        2,
        3,
        4
      ],
      "accuracy": 0.3151041666666667,
      "balanced_accuracy": 0.2604216734162096,
      "precision_macro": 0.29777537802546455,
      "precision_micro": 0.3151041666666667,
      "precision_weighted": 0.33627120582345255,
      "recall_macro": 0.2604216734162096,
      "recall_micro": 0.3151041666666667,
      "recall_weighted": 0.3151041666666667,
      "f1_macro": 0.22496388670296602,
      "f1_micro": 0.3151041666666667,
      "f1_weighted": 0.26586754696364,
      "confusion_matrix": [
        [
          148,
          99,
          30,
          211,
          2
        ],
        [
          172,
          280,
          80,
          648,
          10
        ],
        [
          146,
          136,
          84,
          374,
          6
        ],
        [
          275,
          353,
          104,
          1274,
          16
        ],
        [
          185,
          292,
          58,
          748,
          29
        ]
      ]
    }
  },
  "run_timestamp": "20251208_141536_257162",
  "params_hash": "0c893d80f59a8a5d6dc0b48fdd4e38c3825eaa92dfad03216e68239b231c6e8a"
}