{
  "best_epoch": 0,
  "best_val_loss": null,
  "total_seconds": 0.017921998995007016,
  "epochs": [],
  "train_metrics": {
    "classification": {
      "labels": [
        0,
        1,
        2,
        3,
        4,
        5,
        6,
        7,
        8
      ],
      "accuracy": 0.18191964285714285,
      "balanced_accuracy": 0.17785648939531765,
      "precision_macro": 0.16032794798847985,
      "precision_micro": 0.18191964285714285,
      "precision_weighted": 0.1886578442077882,
      "recall_macro": 0.17785648939531765,
      "recall_micro": 0.18191964285714285,
      "recall_weighted": 0.18191964285714285,
      "f1_macro": 0.12523740727297797,
      "f1_micro": 0.18191964285714285,
      "f1_weighted": 0.14658333554113753,
      "confusion_matrix": [
        [
          369,
          25,
          2,
          1,
          32,
          173,
          76,
          20,
          37
        ],
        [
          233,
          48,
          2,
          4,
          49,
          277,
          95,
          24,
          97
        ],
        [
          415,
          57,
          9,
          12,
          128,
          620,
          187,
          51,
          174
        ],
        [
          377,
          69,
          9,
          14,
          167,
          718,
          149,
          37,
          137
        ],
        [
          580,
          56,
          6,
          13,
          233,
          692,
          225,
          41,
          186
        ],
        [
          456,
          93,
          16,
          16,
          170,
          1237,
          289,
          79,
          287
        ],
        [
          477,
          64,
          13,
          9,
          229,
          966,
          387,
          61,
          270
        ],
        [
          161,
          45,
          3,
          7,
          82,
          407,
          117,
          52,
          113
        ],
        [
          92,
          10,
          2,
          4,
          24,
          140,
          36,
          4,
          96
        ]
      ]
    }
  },
  "test_metrics": {
    "classification": {
      "labels": [
        0,
        1,
        2,
        3,
        4,
        5,
        6,
        7,
        8
      ],
      "accuracy": 0.18090277777777777,
      "balanced_accuracy": 0.17843681665727262,
      "precision_macro": 0.1469206389141925,
      "precision_micro": 0.18090277777777777,
      "precision_weighted": 0.17709490380982398,
      "recall_macro": 0.17843681665727262,
      "recall_micro": 0.18090277777777777,
      "recall_weighted": 0.18090277777777777,
      "f1_macro": 0.12268134014449518,
      "f1_micro": 0.18090277777777777,
      "f1_weighted": 0.1454036328571743,
      "confusion_matrix": [
        [
          152,
          9,
          1,
          1,
          10,
          72,
          35,
          9,
          11
        ],
        [
          104,
          20,
          1,
          1,
          27,
          105,
          35,
          9,
          39
        ],
        [
          169,
          17,
          2,
          7,
          43,
          289,
          73,
          28,
          74
        ],
        [
          171,
          26,
          2,
          3,
          83,
          297,
          70,
          16,
          55
        ],
        [
          267,
          23,
          4,
          4,
          107,
          308,
          95,
          19,
          81
        ],
        [
          197,
          44,
          4,
          5,
          61,
          533,
          135,
          42,
          116
        ],
        [
          228,
          35,
          2,
          5,
          104,
          427,
          166,
          27,
          100
        ],
        [
          73,
          5,
          2,
          1,
          28,
          162,
          57,
          19,
          46
        ],
        [
          38,
          2,
          1,
          1,
          11,
          58,
          9,
          2,
          40
        ]
      ]
    }
  },
  "run_timestamp": "20251208_104219_676631",
  "params_hash": "3bff6522f211ff4bbcb478ecde656a175f13d762b2cf7ef012ef1944c1017249"
}