{
  "best_epoch": 0,
  "best_val_loss": null,
  "total_seconds": 4.498041245009517,
  "epochs": [],
  "train_metrics": {
    "classification": {
      "labels": [
        0,
        1,
        2,
        3,
        4
      ],
      "accuracy": 0.3230811235438381,
      "balanced_accuracy": 0.3189509589661416,
      "precision_macro": 0.30130883747348297,
      "precision_micro": 0.3230811235438381,
      "precision_weighted": 0.3383718191500959,
      "recall_macro": 0.3189509589661416,
      "recall_micro": 0.3230811235438381,
      "recall_weighted": 0.3230811235438381,
      "f1_macro": 0.29101134378534493,
      "f1_micro": 0.3230811235438381,
      "f1_weighted": 0.3205499842007062,
      "confusion_matrix": [
        [
          9169,
          2501,
          896,
          2847,
          2447
        ],
        [
          8743,
          10833,
          2902,
          14601,
          6234
        ],
        [
          5772,
          4219,
          4184,
          9864,
          3238
        ],
        [
          13095,
          10475,
          6544,
          31831,
          10800
        ],
        [
          11660,
          6273,
          3021,
          15187,
          11432
        ]
      ]
    }
  },
  "test_metrics": {
    "classification": {
      "labels": [
        0,
        1,
        2,
        3,
        4
      ],
      "accuracy": 0.3207930972818312,
      "balanced_accuracy": 0.315907342513571,
      "precision_macro": 0.299318436750728,
      "precision_micro": 0.3207930972818312,
      "precision_weighted": 0.33513882682589174,
      "recall_macro": 0.315907342513571,
      "recall_micro": 0.3207930972818312,
      "recall_weighted": 0.3207930972818312,
      "f1_macro": 0.28908645621924006,
      "f1_micro": 0.3207930972818312,
      "f1_weighted": 0.31787767297720476,
      "confusion_matrix": [
        [
          3910,
          1148,
          375,
          1248,
          1089
        ],
        [
          3794,
          4657,
          1213,
          6251,
          2750
        ],
        [
          2434,
          1777,
          1749,
          4288,
          1386
        ],
        [
          5439,
          4434,
          2731,
          13452,
          4651
        ],
        [
          5108,
          2763,
          1337,
          6554,
          4934
        ]
      ]
    }
  },
  "run_timestamp": "20251226_200424_592551",
  "params_hash": "14a1cd09188442b1290cdff354fbad5a0baa01611ffe628d9b8d042680605b4a"
}