{
  "best_epoch": 0,
  "best_val_loss": null,
  "total_seconds": 17.61573015898466,
  "epochs": [],
  "train_metrics": {
    "classification": {
      "labels": [
        0,
        1,
        2,
        3,
        4,
        5,
        6,
        7,
        8
      ],
      "accuracy": 0.21572271612507665,
      "balanced_accuracy": 0.25355354423788784,
      "precision_macro": 0.20900255115454752,
      "precision_micro": 0.21572271612507665,
      "precision_weighted": 0.24668742731148136,
      "recall_macro": 0.25355354423788784,
      "recall_micro": 0.21572271612507665,
      "recall_weighted": 0.21572271612507665,
      "f1_macro": 0.1955544382129781,
      "f1_micro": 0.21572271612507665,
      "f1_weighted": 0.20910684105065133,
      "confusion_matrix": [
        [
          6405,
          677,
          337,
          554,
          375,
          580,
          396,
          547,
          1340
        ],
        [
          3150,
          1517,
          609,
          1164,
          521,
          1554,
          1268,
          992,
          1917
        ],
        [
          3612,
          1598,
          1618,
          4771,
          1910,
          4010,
          2313,
          2214,
          3494
        ],
        [
          2290,
          1246,
          1331,
          7919,
          1931,
          5094,
          2418,
          1308,
          2556
        ],
        [
          6185,
          1528,
          955,
          4942,
          4775,
          4756,
          2653,
          1920,
          4323
        ],
        [
          3949,
          1462,
          1492,
          7738,
          3145,
          11595,
          3642,
          3639,
          4688
        ],
        [
          5868,
          2044,
          1344,
          5178,
          2895,
          5811,
          6082,
          3188,
          6286
        ],
        [
          3116,
          1050,
          394,
          1223,
          690,
          2156,
          1332,
          1997,
          2985
        ],
        [
          1173,
          234,
          89,
          318,
          206,
          418,
          339,
          301,
          3128
        ]
      ]
    }
  },
  "test_metrics": {
    "classification": {
      "labels": [
        0,
        1,
        2,
        3,
        4,
        5,
        6,
        7,
        8
      ],
      "accuracy": 0.21452521459227467,
      "balanced_accuracy": 0.2510464658073172,
      "precision_macro": 0.2082478257360367,
      "precision_micro": 0.21452521459227467,
      "precision_weighted": 0.24608046606221223,
      "recall_macro": 0.2510464658073172,
      "recall_micro": 0.21452521459227467,
      "recall_weighted": 0.21452521459227467,
      "f1_macro": 0.1943313248251306,
      "f1_micro": 0.21452521459227467,
      "f1_weighted": 0.20832869715805047,
      "confusion_matrix": [
        [
          2676,
          289,
          158,
          239,
          180,
          306,
          181,
          252,
          585
        ],
        [
          1364,
          641,
          275,
          495,
          236,
          666,
          538,
          429,
          838
        ],
        [
          1556,
          725,
          665,
          1998,
          822,
          1768,
          1019,
          968,
          1520
        ],
        [
          1072,
          536,
          567,
          3361,
          754,
          2174,
          1023,
          582,
          1118
        ],
        [
          2558,
          639,
          389,
          1989,
          2105,
          2134,
          1108,
          818,
          1891
        ],
        [
          1719,
          596,
          615,
          3280,
          1284,
          4874,
          1558,
          1441,
          1999
        ],
        [
          2468,
          895,
          593,
          2298,
          1252,
          2476,
          2696,
          1426,
          2654
        ],
        [
          1347,
          447,
          177,
          533,
          276,
          976,
          589,
          831,
          1317
        ],
        [
          482,
          125,
          32,
          160,
          71,
          171,
          148,
          114,
          1345
        ]
      ]
    }
  },
  "run_timestamp": "20251226_202136_776142",
  "params_hash": "4c64c155346ba9fae86d555f029cc57302f6f771f717fe4eda98bf8340f7ee15"
}