{
  "best_epoch": 0,
  "best_val_loss": null,
  "total_seconds": 2.9801595429889858,
  "epochs": [],
  "train_metrics": {
    "classification": {
      "labels": [
        0,
        1,
        2,
        3,
        4,
        5,
        6,
        7,
        8
      ],
      "accuracy": 0.17427479307173513,
      "balanced_accuracy": 0.19586709631574056,
      "precision_macro": 0.17248925457882436,
      "precision_micro": 0.17427479307173513,
      "precision_weighted": 0.20630911534127788,
      "recall_macro": 0.19586709631574056,
      "recall_micro": 0.17427479307173513,
      "recall_weighted": 0.17427479307173513,
      "f1_macro": 0.16052881638597327,
      "f1_micro": 0.17427479307173513,
      "f1_weighted": 0.17504023847902644,
      "confusion_matrix": [
        [
          4770,
          804,
          620,
          629,
          743,
          1171,
          654,
          612,
          1208
        ],
        [
          2573,
          1958,
          1230,
          967,
          672,
          1648,
          1314,
          974,
          1356
        ],
        [
          4330,
          2830,
          2609,
          2407,
          1457,
          3405,
          3016,
          2644,
          2842
        ],
        [
          4315,
          1955,
          1754,
          4869,
          1598,
          4677,
          2791,
          1759,
          2375
        ],
        [
          6478,
          2169,
          1941,
          4025,
          2598,
          5583,
          2845,
          2262,
          4136
        ],
        [
          7432,
          2500,
          2120,
          5669,
          1978,
          9272,
          5099,
          3235,
          4045
        ],
        [
          8106,
          2403,
          2210,
          3849,
          1994,
          5644,
          6749,
          3039,
          4702
        ],
        [
          2089,
          993,
          1060,
          968,
          703,
          3010,
          2296,
          1685,
          2139
        ],
        [
          1052,
          538,
          430,
          458,
          281,
          681,
          620,
          273,
          1873
        ]
      ]
    }
  },
  "test_metrics": {
    "classification": {
      "labels": [
        0,
        1,
        2,
        3,
        4,
        5,
        6,
        7,
        8
      ],
      "accuracy": 0.17134969599427755,
      "balanced_accuracy": 0.19139722542607351,
      "precision_macro": 0.17025734588015481,
      "precision_micro": 0.17134969599427755,
      "precision_weighted": 0.2032810952654784,
      "recall_macro": 0.19139722542607351,
      "recall_micro": 0.17134969599427755,
      "recall_weighted": 0.17134969599427755,
      "f1_macro": 0.1580456554324632,
      "f1_micro": 0.17134969599427755,
      "f1_weighted": 0.17231314267631614,
      "confusion_matrix": [
        [
          2030,
          354,
          289,
          312,
          286,
          502,
          298,
          294,
          501
        ],
        [
          1033,
          821,
          588,
          447,
          294,
          745,
          520,
          435,
          599
        ],
        [
          1845,
          1232,
          1153,
          1033,
          645,
          1522,
          1318,
          1123,
          1170
        ],
        [
          1888,
          874,
          745,
          2074,
          661,
          1982,
          1179,
          725,
          1059
        ],
        [
          2639,
          923,
          867,
          1706,
          1097,
          2379,
          1274,
          944,
          1802
        ],
        [
          3091,
          1099,
          843,
          2486,
          859,
          3825,
          2134,
          1278,
          1751
        ],
        [
          3599,
          1102,
          943,
          1671,
          827,
          2425,
          2842,
          1339,
          2010
        ],
        [
          931,
          429,
          459,
          421,
          315,
          1313,
          950,
          746,
          929
        ],
        [
          474,
          226,
          193,
          199,
          138,
          329,
          232,
          114,
          743
        ]
      ]
    }
  },
  "run_timestamp": "20251226_201613_618793",
  "params_hash": "e6085bc14e6f42a6a2f305808068bd5e067770b20409b9d63723c36d523cb784"
}