{
  "best_epoch": 0,
  "best_val_loss": null,
  "total_seconds": 5.904361070977757,
  "epochs": [],
  "train_metrics": {
    "classification": {
      "labels": [
        0,
        1,
        2
      ],
      "accuracy": 0.45469133200490497,
      "balanced_accuracy": 0.41542854162386406,
      "precision_macro": 0.4182902169041653,
      "precision_micro": 0.45469133200490497,
      "precision_weighted": 0.4509439151143645,
      "recall_macro": 0.41542854162386406,
      "recall_micro": 0.45469133200490497,
      "recall_weighted": 0.45469133200490497,
      "f1_macro": 0.4164447668141449,
      "f1_micro": 0.45469133200490497,
      "f1_weighted": 0.45252258686038316,
      "confusion_matrix": [
        [
          9069,
          12719,
          14150
        ],
        [
          11239,
          43231,
          30483
        ],
        [
          11693,
          33559,
          42625
        ]
      ]
    }
  },
  "test_metrics": {
    "classification": {
      "labels": [
        0,
        1,
        2
      ],
      "accuracy": 0.45186203505007155,
      "balanced_accuracy": 0.41392905245478073,
      "precision_macro": 0.41732167122812797,
      "precision_micro": 0.45186203505007155,
      "precision_weighted": 0.44767694106181405,
      "recall_macro": 0.41392905245478073,
      "recall_micro": 0.45186203505007155,
      "recall_weighted": 0.45186203505007155,
      "f1_macro": 0.4150572956088409,
      "f1_micro": 0.45186203505007155,
      "f1_weighted": 0.44936852277319456,
      "confusion_matrix": [
        [
          3977,
          5563,
          6248
        ],
        [
          4837,
          18166,
          12971
        ],
        [
          4956,
          14468,
          18286
        ]
      ]
    }
  },
  "run_timestamp": "20251226_200626_591851",
  "params_hash": "bb93e08d059aac34a3087c9936d5de424d07a9dda9ec20465400d9a89ee0d6bc"
}