{
  "best_epoch": 0,
  "best_val_loss": null,
  "total_seconds": 25.7337260839995,
  "epochs": [],
  "train_metrics": {
    "classification": {
      "labels": [
        0,
        1,
        2,
        3,
        4
      ],
      "accuracy": 0.3873821658491723,
      "balanced_accuracy": 0.3925040550338035,
      "precision_macro": 0.3652510197708933,
      "precision_micro": 0.3873821658491723,
      "precision_weighted": 0.4029294852205905,
      "recall_macro": 0.3925040550338035,
      "recall_micro": 0.3873821658491723,
      "recall_weighted": 0.3873821658491723,
      "f1_macro": 0.3675147926205583,
      "f1_micro": 0.3873821658491723,
      "f1_weighted": 0.38937109437600825,
      "confusion_matrix": [
        [
          9964,
          2593,
          791,
          1474,
          3038
        ],
        [
          6559,
          13990,
          4856,
          10877,
          7031
        ],
        [
          4220,
          4607,
          7280,
          7488,
          3682
        ],
        [
          7821,
          10746,
          8785,
          31441,
          13952
        ],
        [
          8951,
          5584,
          3363,
          11477,
          18198
        ]
      ]
    }
  },
  "test_metrics": {
    "classification": {
      "labels": [
        0,
        1,
        2,
        3,
        4
      ],
      "accuracy": 0.3825554363376252,
      "balanced_accuracy": 0.38704262218425817,
      "precision_macro": 0.36128433297890367,
      "precision_micro": 0.3825554363376252,
      "precision_weighted": 0.3969472502287174,
      "recall_macro": 0.38704262218425817,
      "recall_micro": 0.3825554363376252,
      "recall_weighted": 0.3825554363376252,
      "f1_macro": 0.3634979525065934,
      "f1_micro": 0.3825554363376252,
      "f1_weighted": 0.38428683460367824,
      "confusion_matrix": [
        [
          4239,
          1157,
          361,
          673,
          1340
        ],
        [
          2865,
          5912,
          2054,
          4706,
          3128
        ],
        [
          1754,
          1927,
          3111,
          3271,
          1571
        ],
        [
          3250,
          4529,
          3664,
          13175,
          6089
        ],
        [
          3896,
          2493,
          1562,
          4954,
          7791
        ]
      ]
    }
  },
  "run_timestamp": "20251226_202521_068576",
  "params_hash": "e0d428ff6f1bdacf67b0e94f39e366e2508c423bf228ca474bd6a98ab2f52fa2"
}