{
  "best_epoch": 0,
  "best_val_loss": null,
  "total_seconds": 0.031190469991997816,
  "epochs": [],
  "train_metrics": {
    "classification": {
      "labels": [
        0,
        1,
        2,
        3,
        4,
        5,
        6,
        7,
        8
      ],
      "accuracy": 0.15200892857142856,
      "balanced_accuracy": 0.1722339464127974,
      "precision_macro": 0.14909015820378513,
      "precision_micro": 0.15200892857142856,
      "precision_weighted": 0.1723075026750773,
      "recall_macro": 0.1722339464127974,
      "recall_micro": 0.15200892857142856,
      "recall_weighted": 0.15200892857142856,
      "f1_macro": 0.1191004109383186,
      "f1_micro": 0.15200892857142856,
      "f1_weighted": 0.13224950727200865,
      "confusion_matrix": [
        [
          101,
          148,
          0,
          17,
          64,
          32,
          127,
          22,
          196
        ],
        [
          83,
          204,
          3,
          22,
          67,
          19,
          190,
          26,
          325
        ],
        [
          145,
          143,
          2,
          46,
          135,
          96,
          381,
          22,
          528
        ],
        [
          145,
          164,
          2,
          76,
          175,
          73,
          446,
          20,
          723
        ],
        [
          256,
          217,
          8,
          85,
          302,
          92,
          520,
          15,
          818
        ],
        [
          127,
          161,
          3,
          43,
          184,
          103,
          349,
          21,
          486
        ],
        [
          277,
          259,
          7,
          65,
          291,
          109,
          848,
          47,
          685
        ],
        [
          173,
          117,
          8,
          19,
          140,
          62,
          356,
          35,
          559
        ],
        [
          56,
          24,
          2,
          24,
          37,
          36,
          59,
          15,
          372
        ]
      ]
    }
  },
  "test_metrics": {
    "classification": {
      "labels": [
        0,
        1,
        2,
        3,
        4,
        5,
        6,
        7,
        8
      ],
      "accuracy": 0.14166666666666666,
      "balanced_accuracy": 0.16741484990683905,
      "precision_macro": 0.14431764851750448,
      "precision_micro": 0.14166666666666666,
      "precision_weighted": 0.16627509171953211,
      "recall_macro": 0.16741484990683905,
      "recall_micro": 0.14166666666666666,
      "recall_weighted": 0.14166666666666666,
      "f1_macro": 0.11233875002444943,
      "f1_micro": 0.14166666666666666,
      "f1_weighted": 0.1233124060469224,
      "confusion_matrix": [
        [
          48,
          51,
          0,
          9,
          33,
          15,
          36,
          8,
          68
        ],
        [
          32,
          93,
          2,
          8,
          28,
          5,
          90,
          11,
          127
        ],
        [
          70,
          54,
          1,
          16,
          57,
          33,
          170,
          17,
          229
        ],
        [
          76,
          73,
          2,
          29,
          80,
          34,
          217,
          10,
          280
        ],
        [
          113,
          109,
          1,
          34,
          118,
          37,
          233,
          6,
          351
        ],
        [
          54,
          77,
          0,
          18,
          92,
          33,
          174,
          7,
          183
        ],
        [
          117,
          133,
          10,
          12,
          146,
          38,
          349,
          13,
          314
        ],
        [
          74,
          49,
          2,
          12,
          57,
          27,
          155,
          19,
          251
        ],
        [
          21,
          7,
          0,
          18,
          18,
          14,
          22,
          4,
          126
        ]
      ]
    }
  },
  "run_timestamp": "20251208_102144_606162",
  "params_hash": "b0d57649c49777f0da80efc3c344921c19907085a3e9ad774a698f676085a62b"
}