{
  "best_epoch": 0,
  "best_val_loss": null,
  "total_seconds": 0.042140332996496,
  "epochs": [],
  "train_metrics": {
    "classification": {
      "labels": [
        0,
        1,
        2,
        3,
        4,
        5,
        6,
        7,
        8
      ],
      "accuracy": 0.14672619047619048,
      "balanced_accuracy": 0.19240632774177596,
      "precision_macro": 0.15302751049258367,
      "precision_micro": 0.14672619047619048,
      "precision_weighted": 0.1847629735911102,
      "recall_macro": 0.19240632774177596,
      "recall_micro": 0.14672619047619048,
      "recall_weighted": 0.14672619047619048,
      "f1_macro": 0.1336574547843049,
      "f1_micro": 0.14672619047619048,
      "f1_weighted": 0.1322039810624242,
      "confusion_matrix": [
        [
          322,
          67,
          59,
          90,
          55,
          49,
          16,
          2,
          75
        ],
        [
          198,
          196,
          93,
          103,
          37,
          62,
          14,
          2,
          124
        ],
        [
          228,
          265,
          234,
          285,
          196,
          64,
          59,
          29,
          293
        ],
        [
          152,
          180,
          165,
          487,
          220,
          62,
          22,
          6,
          383
        ],
        [
          296,
          256,
          205,
          319,
          330,
          78,
          65,
          12,
          471
        ],
        [
          269,
          365,
          271,
          489,
          302,
          140,
          73,
          8,
          726
        ],
        [
          461,
          246,
          285,
          375,
          234,
          168,
          114,
          17,
          576
        ],
        [
          236,
          94,
          105,
          170,
          49,
          76,
          43,
          1,
          213
        ],
        [
          75,
          17,
          26,
          80,
          23,
          13,
          24,
          2,
          148
        ]
      ]
    }
  },
  "test_metrics": {
    "classification": {
      "labels": [
        0,
        1,
        2,
        3,
        4,
        5,
        6,
        7,
        8
      ],
      "accuracy": 0.1371527777777778,
      "balanced_accuracy": 0.18534156429695242,
      "precision_macro": 0.14014432619133446,
      "precision_micro": 0.1371527777777778,
      "precision_weighted": 0.16698964376090492,
      "recall_macro": 0.18534156429695242,
      "recall_micro": 0.1371527777777778,
      "recall_weighted": 0.1371527777777778,
      "f1_macro": 0.12515465048326194,
      "f1_micro": 0.1371527777777778,
      "f1_weighted": 0.12227562508920359,
      "confusion_matrix": [
        [
          144,
          31,
          18,
          19,
          26,
          21,
          11,
          1,
          29
        ],
        [
          71,
          79,
          43,
          52,
          21,
          24,
          2,
          1,
          48
        ],
        [
          98,
          129,
          90,
          125,
          71,
          46,
          35,
          9,
          99
        ],
        [
          68,
          80,
          70,
          187,
          108,
          29,
          20,
          3,
          158
        ],
        [
          132,
          120,
          93,
          138,
          139,
          40,
          26,
          6,
          214
        ],
        [
          129,
          139,
          138,
          213,
          128,
          55,
          32,
          4,
          299
        ],
        [
          212,
          114,
          132,
          173,
          108,
          71,
          42,
          6,
          236
        ],
        [
          86,
          42,
          49,
          58,
          19,
          28,
          20,
          1,
          90
        ],
        [
          27,
          11,
          21,
          24,
          10,
          5,
          10,
          1,
          53
        ]
      ]
    }
  },
  "run_timestamp": "20251208_102343_422268",
  "params_hash": "67ce7ca80ca11c86a0ba9d3ee8a46e9dbc7b35d60fad66637739efdcc5b5a385"
}