{
  "best_epoch": 0,
  "best_val_loss": null,
  "total_seconds": 0.015057595999678597,
  "epochs": [],
  "train_metrics": {
    "classification": {
      "labels": [
        0,
        1,
        2
      ],
      "accuracy": 0.4220238095238095,
      "balanced_accuracy": 0.3746098643238998,
      "precision_macro": 0.38856177830667865,
      "precision_micro": 0.4220238095238095,
      "precision_weighted": 0.411702444451494,
      "recall_macro": 0.3746098643238998,
      "recall_micro": 0.4220238095238095,
      "recall_weighted": 0.4220238095238095,
      "f1_macro": 0.374200043185868,
      "f1_micro": 0.4220238095238095,
      "f1_weighted": 0.41075770042101634,
      "confusion_matrix": [
        [
          426,
          768,
          1174
        ],
        [
          490,
          2070,
          2863
        ],
        [
          550,
          1923,
          3176
        ]
      ]
    }
  },
  "test_metrics": {
    "classification": {
      "labels": [
        0,
        1,
        2
      ],
      "accuracy": 0.4282986111111111,
      "balanced_accuracy": 0.3755277366404699,
      "precision_macro": 0.3873557126272096,
      "precision_micro": 0.4282986111111111,
      "precision_weighted": 0.41799515015296435,
      "recall_macro": 0.3755277366404699,
      "recall_micro": 0.4282986111111111,
      "recall_weighted": 0.4282986111111111,
      "f1_macro": 0.3747737649712098,
      "f1_micro": 0.4282986111111111,
      "f1_weighted": 0.41743280085295187,
      "confusion_matrix": [
        [
          162,
          309,
          491
        ],
        [
          199,
          930,
          1233
        ],
        [
          252,
          809,
          1375
        ]
      ]
    }
  },
  "run_timestamp": "20251208_141502_610031",
  "params_hash": "e73148d33049c0fe5effe176ffed80514bd41525fd907b59c8f3c9d88c10ea1b"
}