{
  "best_epoch": 0,
  "best_val_loss": null,
  "total_seconds": 0.009972856001695618,
  "epochs": [],
  "train_metrics": {
    "classification": {
      "labels": [
        0,
        1,
        2,
        3,
        4
      ],
      "accuracy": 0.24382440476190476,
      "balanced_accuracy": 0.2574029146274873,
      "precision_macro": 0.23916942656869428,
      "precision_micro": 0.24382440476190476,
      "precision_weighted": 0.26221362609809973,
      "recall_macro": 0.2574029146274873,
      "recall_micro": 0.24382440476190476,
      "recall_weighted": 0.24382440476190476,
      "f1_macro": 0.23344282371753317,
      "f1_micro": 0.24382440476190476,
      "f1_weighted": 0.24497320828254399,
      "confusion_matrix": [
        [
          515,
          175,
          131,
          169,
          215
        ],
        [
          699,
          540,
          290,
          507,
          623
        ],
        [
          511,
          419,
          301,
          430,
          477
        ],
        [
          880,
          603,
          398,
          861,
          912
        ],
        [
          741,
          637,
          486,
          860,
          1060
        ]
      ]
    }
  },
  "test_metrics": {
    "classification": {
      "labels": [
        0,
        1,
        2,
        3,
        4
      ],
      "accuracy": 0.2439236111111111,
      "balanced_accuracy": 0.26303643453874426,
      "precision_macro": 0.2407148768165844,
      "precision_micro": 0.2439236111111111,
      "precision_weighted": 0.2623604671828038,
      "recall_macro": 0.26303643453874426,
      "recall_micro": 0.2439236111111111,
      "recall_weighted": 0.2439236111111111,
      "f1_macro": 0.2352553387497529,
      "f1_micro": 0.2439236111111111,
      "f1_weighted": 0.24458494565391545,
      "confusion_matrix": [
        [
          222,
          67,
          49,
          73,
          79
        ],
        [
          285,
          253,
          144,
          201,
          268
        ],
        [
          241,
          163,
          134,
          177,
          222
        ],
        [
          328,
          259,
          198,
          356,
          410
        ],
        [
          355,
          268,
          187,
          381,
          440
        ]
      ]
    }
  },
  "run_timestamp": "20251208_141539_430803",
  "params_hash": "6c00e6dbf44f413fe2cf53b8e63467a46ded607cbe3cd76d5e4aace7a8eda7c7"
}