{
  "best_epoch": 0,
  "best_val_loss": null,
  "total_seconds": 1.129898126993794,
  "epochs": [],
  "train_metrics": {
    "classification": {
      "labels": [
        0,
        1,
        2,
        3,
        4,
        5,
        6,
        7,
        8
      ],
      "accuracy": 0.16304701870018393,
      "balanced_accuracy": 0.16172185889611976,
      "precision_macro": 0.15782135466286085,
      "precision_micro": 0.16304701870018393,
      "precision_weighted": 0.1826430937768358,
      "recall_macro": 0.16172185889611976,
      "recall_micro": 0.16304701870018393,
      "recall_weighted": 0.16304701870018393,
      "f1_macro": 0.13662499743897266,
      "f1_micro": 0.16304701870018393,
      "f1_weighted": 0.15472558227355374,
      "confusion_matrix": [
        [
          1199,
          1518,
          42,
          1354,
          1234,
          741,
          1990,
          386,
          2095
        ],
        [
          1528,
          1973,
          141,
          1450,
          832,
          1045,
          4179,
          689,
          2530
        ],
        [
          1279,
          1732,
          324,
          2927,
          2058,
          3267,
          6383,
          984,
          4340
        ],
        [
          1717,
          2180,
          233,
          4730,
          2657,
          3966,
          5910,
          1134,
          6232
        ],
        [
          2338,
          3705,
          260,
          4253,
          4677,
          3950,
          6809,
          1351,
          8792
        ],
        [
          1282,
          2420,
          221,
          3036,
          1706,
          4081,
          5059,
          918,
          4178
        ],
        [
          2438,
          3258,
          347,
          4382,
          3221,
          4698,
          12515,
          1884,
          7716
        ],
        [
          1410,
          1458,
          145,
          2638,
          2155,
          2203,
          6353,
          1201,
          5376
        ],
        [
          411,
          503,
          11,
          1112,
          1331,
          765,
          1462,
          421,
          3339
        ]
      ]
    }
  },
  "test_metrics": {
    "classification": {
      "labels": [
        0,
        1,
        2,
        3,
        4,
        5,
        6,
        7,
        8
      ],
      "accuracy": 0.15920064377682402,
      "balanced_accuracy": 0.15964934353086088,
      "precision_macro": 0.15235856459177433,
      "precision_micro": 0.15920064377682402,
      "precision_weighted": 0.17550255504254225,
      "recall_macro": 0.15964934353086088,
      "recall_micro": 0.15920064377682402,
      "recall_weighted": 0.15920064377682402,
      "f1_macro": 0.13397187241162314,
      "f1_micro": 0.15920064377682402,
      "f1_weighted": 0.15048470413465187,
      "confusion_matrix": [
        [
          549,
          654,
          11,
          584,
          563,
          352,
          766,
          167,
          940
        ],
        [
          689,
          867,
          64,
          653,
          373,
          488,
          1841,
          304,
          1091
        ],
        [
          540,
          729,
          124,
          1359,
          825,
          1430,
          2736,
          428,
          1854
        ],
        [
          726,
          944,
          109,
          1951,
          1068,
          1763,
          2468,
          479,
          2508
        ],
        [
          1002,
          1595,
          126,
          1803,
          1917,
          1741,
          2923,
          595,
          3656
        ],
        [
          536,
          1083,
          84,
          1358,
          712,
          1706,
          2275,
          381,
          1817
        ],
        [
          1090,
          1458,
          159,
          1818,
          1482,
          1967,
          5225,
          832,
          3294
        ],
        [
          622,
          632,
          67,
          1156,
          912,
          954,
          2784,
          499,
          2288
        ],
        [
          152,
          223,
          8,
          514,
          534,
          292,
          611,
          186,
          1406
        ]
      ]
    }
  },
  "run_timestamp": "20251226_195833_611441",
  "params_hash": "33c36d005969fdc3de85fea2fcb76ffb44abb39abba927e13b1a0f8289c6418e"
}