{
  "best_epoch": 0,
  "best_val_loss": null,
  "total_seconds": 0.0466360669961432,
  "epochs": [],
  "train_metrics": {
    "classification": {
      "labels": [
        0,
        1,
        2,
        3,
        4,
        5,
        6,
        7,
        8
      ],
      "accuracy": 0.15364583333333334,
      "balanced_accuracy": 0.1724572582886228,
      "precision_macro": 0.15636295917937496,
      "precision_micro": 0.15364583333333334,
      "precision_weighted": 0.17742292664430695,
      "recall_macro": 0.1724572582886228,
      "recall_micro": 0.15364583333333334,
      "recall_weighted": 0.15364583333333334,
      "f1_macro": 0.14143984321977454,
      "f1_micro": 0.15364583333333334,
      "f1_weighted": 0.1483741359602761,
      "confusion_matrix": [
        [
          123,
          96,
          11,
          64,
          96,
          70,
          76,
          18,
          153
        ],
        [
          121,
          162,
          49,
          99,
          56,
          94,
          156,
          48,
          154
        ],
        [
          164,
          163,
          59,
          159,
          73,
          282,
          259,
          102,
          237
        ],
        [
          141,
          211,
          69,
          211,
          90,
          321,
          241,
          103,
          437
        ],
        [
          201,
          242,
          50,
          186,
          171,
          383,
          327,
          133,
          620
        ],
        [
          132,
          161,
          40,
          150,
          71,
          363,
          219,
          80,
          261
        ],
        [
          166,
          213,
          80,
          202,
          157,
          415,
          580,
          201,
          574
        ],
        [
          126,
          92,
          38,
          127,
          70,
          202,
          279,
          138,
          397
        ],
        [
          48,
          12,
          6,
          57,
          66,
          57,
          79,
          42,
          258
        ]
      ]
    }
  },
  "test_metrics": {
    "classification": {
      "labels": [
        0,
        1,
        2,
        3,
        4,
        5,
        6,
        7,
        8
      ],
      "accuracy": 0.14288194444444444,
      "balanced_accuracy": 0.1593057030964934,
      "precision_macro": 0.14706176999458187,
      "precision_micro": 0.14288194444444444,
      "precision_weighted": 0.17132771087880408,
      "recall_macro": 0.1593057030964934,
      "recall_micro": 0.14288194444444444,
      "recall_weighted": 0.14288194444444444,
      "f1_macro": 0.13046441106282772,
      "f1_micro": 0.14288194444444444,
      "f1_weighted": 0.14101858171267484,
      "confusion_matrix": [
        [
          38,
          39,
          4,
          17,
          30,
          43,
          29,
          6,
          62
        ],
        [
          51,
          66,
          12,
          47,
          19,
          51,
          73,
          16,
          61
        ],
        [
          73,
          63,
          26,
          78,
          30,
          112,
          115,
          35,
          115
        ],
        [
          65,
          99,
          34,
          82,
          52,
          145,
          116,
          45,
          163
        ],
        [
          91,
          88,
          23,
          97,
          81,
          173,
          148,
          54,
          247
        ],
        [
          59,
          58,
          18,
          80,
          36,
          139,
          89,
          32,
          127
        ],
        [
          74,
          92,
          47,
          85,
          79,
          171,
          248,
          76,
          260
        ],
        [
          49,
          40,
          16,
          54,
          40,
          93,
          126,
          56,
          172
        ],
        [
          15,
          7,
          1,
          25,
          28,
          21,
          35,
          11,
          87
        ]
      ]
    }
  },
  "run_timestamp": "20251208_104818_711588",
  "params_hash": "8b65d02677c8a64a2786e9b0c8eb312534e21dec06d4b86b516404ff5db7e0fa"
}