{
  "best_epoch": 0,
  "best_val_loss": null,
  "total_seconds": 2.9567029459867626,
  "epochs": [],
  "train_metrics": {
    "classification": {
      "labels": [
        0,
        1,
        2,
        3,
        4,
        5,
        6,
        7,
        8
      ],
      "accuracy": 0.17073497854077252,
      "balanced_accuracy": 0.18585112154717628,
      "precision_macro": 0.1621303240395048,
      "precision_micro": 0.17073497854077252,
      "precision_weighted": 0.18254901886722982,
      "recall_macro": 0.18585112154717628,
      "recall_micro": 0.17073497854077252,
      "recall_weighted": 0.17073497854077252,
      "f1_macro": 0.1509795740144366,
      "f1_micro": 0.17073497854077252,
      "f1_weighted": 0.15907542752349738,
      "confusion_matrix": [
        [
          2780,
          1751,
          352,
          698,
          709,
          403,
          1243,
          689,
          1934
        ],
        [
          1883,
          3270,
          665,
          1024,
          906,
          698,
          3246,
          1076,
          1599
        ],
        [
          3120,
          2967,
          1456,
          2168,
          1476,
          1295,
          6047,
          1793,
          2972
        ],
        [
          3392,
          3671,
          1587,
          3099,
          1601,
          1876,
          6994,
          1914,
          4625
        ],
        [
          5130,
          3985,
          1201,
          2988,
          3252,
          1856,
          9200,
          2199,
          6324
        ],
        [
          2001,
          3558,
          1241,
          2056,
          1294,
          1710,
          6474,
          1921,
          2646
        ],
        [
          3507,
          4380,
          1710,
          3306,
          2785,
          2219,
          13874,
          3058,
          5620
        ],
        [
          3078,
          1977,
          887,
          1544,
          1610,
          1291,
          5900,
          2514,
          4138
        ],
        [
          1133,
          527,
          306,
          691,
          869,
          238,
          1105,
          797,
          3689
        ]
      ]
    }
  },
  "test_metrics": {
    "classification": {
      "labels": [
        0,
        1,
        2,
        3,
        4,
        5,
        6,
        7,
        8
      ],
      "accuracy": 0.1718079399141631,
      "balanced_accuracy": 0.18763166226250882,
      "precision_macro": 0.16356676296997444,
      "precision_micro": 0.1718079399141631,
      "precision_weighted": 0.18339855086465823,
      "recall_macro": 0.18763166226250882,
      "recall_micro": 0.1718079399141631,
      "recall_weighted": 0.1718079399141631,
      "f1_macro": 0.15248519778113842,
      "f1_micro": 0.1718079399141631,
      "f1_weighted": 0.1601763111043919,
      "confusion_matrix": [
        [
          1215,
          813,
          152,
          288,
          329,
          177,
          480,
          277,
          855
        ],
        [
          829,
          1452,
          313,
          450,
          422,
          341,
          1360,
          486,
          717
        ],
        [
          1374,
          1276,
          645,
          954,
          670,
          514,
          2526,
          761,
          1305
        ],
        [
          1472,
          1485,
          631,
          1320,
          674,
          789,
          2974,
          823,
          1848
        ],
        [
          2160,
          1756,
          498,
          1330,
          1356,
          838,
          3814,
          924,
          2682
        ],
        [
          900,
          1541,
          595,
          832,
          507,
          799,
          2792,
          848,
          1138
        ],
        [
          1499,
          1900,
          752,
          1364,
          1224,
          972,
          5940,
          1299,
          2375
        ],
        [
          1294,
          849,
          434,
          631,
          627,
          588,
          2656,
          1063,
          1772
        ],
        [
          493,
          217,
          113,
          287,
          325,
          97,
          489,
          323,
          1582
        ]
      ]
    }
  },
  "run_timestamp": "20251227_011427_596814",
  "params_hash": "5d5d2227dd947df0369400d95b893eb664ad4940c1d95e957f0cbd55cacad4d8"
}