{
  "best_epoch": 0,
  "best_val_loss": null,
  "total_seconds": 1.3100681040086783,
  "epochs": [],
  "train_metrics": {
    "classification": {
      "labels": [
        0,
        1,
        2,
        3,
        4,
        5,
        6,
        7,
        8
      ],
      "accuracy": 0.15932997394236664,
      "balanced_accuracy": 0.17733885295289242,
      "precision_macro": 0.15924172264069658,
      "precision_micro": 0.15932997394236664,
      "precision_weighted": 0.1917092698629769,
      "recall_macro": 0.17733885295289242,
      "recall_micro": 0.15932997394236664,
      "recall_weighted": 0.15932997394236664,
      "f1_macro": 0.14026125092239797,
      "f1_micro": 0.15932997394236664,
      "f1_weighted": 0.15540284874911067,
      "confusion_matrix": [
        [
          4793,
          1135,
          833,
          458,
          252,
          1154,
          1389,
          141,
          1056
        ],
        [
          3222,
          2069,
          1562,
          730,
          194,
          1406,
          2164,
          351,
          994
        ],
        [
          4617,
          3114,
          4032,
          1695,
          891,
          3318,
          4158,
          1149,
          2566
        ],
        [
          5638,
          3032,
          2074,
          2509,
          955,
          3418,
          4471,
          1215,
          2781
        ],
        [
          7653,
          3004,
          3121,
          1732,
          1474,
          4536,
          5263,
          898,
          4356
        ],
        [
          9244,
          3449,
          4031,
          2022,
          1240,
          6961,
          8445,
          1846,
          4112
        ],
        [
          8560,
          3094,
          4307,
          1321,
          1436,
          4977,
          9172,
          1221,
          4608
        ],
        [
          2396,
          1471,
          1664,
          684,
          490,
          2065,
          3714,
          668,
          1791
        ],
        [
          1076,
          702,
          705,
          358,
          338,
          491,
          922,
          29,
          1585
        ]
      ]
    }
  },
  "test_metrics": {
    "classification": {
      "labels": [
        0,
        1,
        2,
        3,
        4,
        5,
        6,
        7,
        8
      ],
      "accuracy": 0.1599606580829757,
      "balanced_accuracy": 0.17776441014471375,
      "precision_macro": 0.15942117313771256,
      "precision_micro": 0.1599606580829757,
      "precision_weighted": 0.19170774187361952,
      "recall_macro": 0.17776441014471375,
      "recall_micro": 0.1599606580829757,
      "recall_weighted": 0.1599606580829757,
      "f1_macro": 0.14060743048392063,
      "f1_micro": 0.1599606580829757,
      "f1_weighted": 0.15580956877440677,
      "confusion_matrix": [
        [
          2085,
          466,
          362,
          180,
          98,
          514,
          630,
          83,
          448
        ],
        [
          1343,
          890,
          710,
          318,
          96,
          623,
          874,
          145,
          483
        ],
        [
          1968,
          1399,
          1755,
          717,
          381,
          1568,
          1726,
          459,
          1068
        ],
        [
          2406,
          1322,
          953,
          1007,
          409,
          1440,
          1939,
          570,
          1141
        ],
        [
          3236,
          1260,
          1275,
          768,
          678,
          1887,
          2318,
          382,
          1827
        ],
        [
          3931,
          1471,
          1624,
          834,
          533,
          2954,
          3497,
          775,
          1747
        ],
        [
          3726,
          1361,
          1837,
          602,
          608,
          2127,
          3974,
          530,
          1993
        ],
        [
          997,
          630,
          807,
          298,
          219,
          928,
          1560,
          281,
          773
        ],
        [
          461,
          299,
          322,
          147,
          150,
          200,
          365,
          16,
          688
        ]
      ]
    }
  },
  "run_timestamp": "20251227_011408_345721",
  "params_hash": "0f1c434b1ffec7b92f0506be4c24d2703175e1603c07429f079137517cb28621"
}