{
  "best_epoch": 0,
  "best_val_loss": null,
  "total_seconds": 0.63069668301614,
  "epochs": [],
  "train_metrics": {
    "classification": {
      "labels": [
        0,
        1,
        2,
        3,
        4
      ],
      "accuracy": 0.2708125766400981,
      "balanced_accuracy": 0.2551449823041767,
      "precision_macro": 0.24504498484447815,
      "precision_micro": 0.2708125766400981,
      "precision_weighted": 0.2692193400772263,
      "recall_macro": 0.2551449823041767,
      "recall_micro": 0.2708125766400981,
      "recall_weighted": 0.2708125766400981,
      "f1_macro": 0.22468751289242705,
      "f1_micro": 0.2708125766400981,
      "f1_weighted": 0.25152784366688086,
      "confusion_matrix": [
        [
          6514,
          2244,
          398,
          3896,
          5194
        ],
        [
          9363,
          6475,
          1008,
          10860,
          13720
        ],
        [
          7511,
          3844,
          843,
          8240,
          13163
        ],
        [
          11092,
          6834,
          845,
          17500,
          20423
        ],
        [
          9846,
          6719,
          1226,
          15805,
          25205
        ]
      ]
    }
  },
  "test_metrics": {
    "classification": {
      "labels": [
        0,
        1,
        2,
        3,
        4
      ],
      "accuracy": 0.27237571530758226,
      "balanced_accuracy": 0.2569658456083245,
      "precision_macro": 0.24714168501756917,
      "precision_micro": 0.27237571530758226,
      "precision_weighted": 0.27030153188464007,
      "recall_macro": 0.2569658456083245,
      "recall_micro": 0.27237571530758226,
      "recall_weighted": 0.27237571530758226,
      "f1_macro": 0.2271430847413874,
      "f1_micro": 0.27237571530758226,
      "f1_weighted": 0.2533235325852682,
      "confusion_matrix": [
        [
          2954,
          944,
          188,
          1722,
          2275
        ],
        [
          3961,
          2842,
          444,
          4712,
          5797
        ],
        [
          3198,
          1635,
          373,
          3523,
          5435
        ],
        [
          4811,
          2968,
          378,
          7365,
          8635
        ],
        [
          4252,
          2923,
          517,
          6784,
          10836
        ]
      ]
    }
  },
  "run_timestamp": "20251227_011406_433832",
  "params_hash": "b3cbed550b90898a5691a81d3bc00940d390059d52933dfe58669ab874388229"
}