{
  "best_epoch": 0,
  "best_val_loss": null,
  "total_seconds": 2.3716609870025422,
  "epochs": [],
  "train_metrics": {
    "classification": {
      "labels": [
        0,
        1,
        2,
        3,
        4,
        5,
        6,
        7,
        8
      ],
      "accuracy": 0.1748735438381361,
      "balanced_accuracy": 0.17418150512340203,
      "precision_macro": 0.1621690502239942,
      "precision_micro": 0.1748735438381361,
      "precision_weighted": 0.1865844385113545,
      "recall_macro": 0.17418150512340203,
      "recall_micro": 0.1748735438381361,
      "recall_weighted": 0.1748735438381361,
      "f1_macro": 0.14883456510657597,
      "f1_micro": 0.1748735438381361,
      "f1_weighted": 0.16559700822843595,
      "confusion_matrix": [
        [
          2179,
          1205,
          294,
          1443,
          1046,
          864,
          1426,
          184,
          1918
        ],
        [
          1460,
          2277,
          720,
          1544,
          1168,
          1121,
          3735,
          214,
          2128
        ],
        [
          2329,
          1926,
          1335,
          3769,
          1999,
          2671,
          5877,
          429,
          2959
        ],
        [
          3346,
          2248,
          1522,
          5824,
          2459,
          3114,
          5494,
          847,
          3905
        ],
        [
          4764,
          3483,
          1114,
          4877,
          3704,
          3288,
          7532,
          994,
          6379
        ],
        [
          2151,
          2416,
          1112,
          3820,
          1558,
          3051,
          5111,
          569,
          3113
        ],
        [
          3364,
          3076,
          1451,
          4539,
          2783,
          3196,
          14304,
          1308,
          6438
        ],
        [
          2599,
          1326,
          720,
          2463,
          1933,
          1533,
          6644,
          887,
          4834
        ],
        [
          924,
          806,
          120,
          830,
          853,
          912,
          1775,
          188,
          2947
        ]
      ]
    }
  },
  "test_metrics": {
    "classification": {
      "labels": [
        0,
        1,
        2,
        3,
        4,
        5,
        6,
        7,
        8
      ],
      "accuracy": 0.17265736766809728,
      "balanced_accuracy": 0.17313094724791733,
      "precision_macro": 0.15933169192879273,
      "precision_micro": 0.17265736766809728,
      "precision_weighted": 0.18232605109897532,
      "recall_macro": 0.17313094724791733,
      "recall_micro": 0.17265736766809728,
      "recall_weighted": 0.17265736766809728,
      "f1_macro": 0.1472251606000433,
      "f1_micro": 0.17265736766809728,
      "f1_weighted": 0.1629460736326036,
      "confusion_matrix": [
        [
          930,
          526,
          108,
          643,
          489,
          384,
          554,
          83,
          869
        ],
        [
          648,
          1005,
          275,
          661,
          506,
          545,
          1713,
          109,
          908
        ],
        [
          1007,
          814,
          606,
          1631,
          922,
          1178,
          2406,
          209,
          1252
        ],
        [
          1409,
          940,
          649,
          2381,
          1077,
          1367,
          2297,
          343,
          1553
        ],
        [
          2110,
          1453,
          483,
          2023,
          1538,
          1438,
          3230,
          431,
          2652
        ],
        [
          949,
          1062,
          449,
          1660,
          690,
          1335,
          2253,
          275,
          1279
        ],
        [
          1457,
          1365,
          609,
          1928,
          1238,
          1294,
          6061,
          558,
          2815
        ],
        [
          1121,
          632,
          293,
          1027,
          907,
          661,
          2919,
          329,
          2025
        ],
        [
          391,
          341,
          45,
          378,
          324,
          389,
          732,
          63,
          1263
        ]
      ]
    }
  },
  "run_timestamp": "20251226_195927_339685",
  "params_hash": "f1d1c9d3eb20022d4318a8c8b59b75c5b324cc7fb3f080a25e731ae0f4e721ce"
}