{
  "best_epoch": 0,
  "best_val_loss": null,
  "total_seconds": 5.580342589993961,
  "epochs": [],
  "train_metrics": {
    "classification": {
      "labels": [
        0,
        1,
        2,
        3,
        4,
        5,
        6,
        7,
        8
      ],
      "accuracy": 0.18405598559166156,
      "balanced_accuracy": 0.2124421729314842,
      "precision_macro": 0.1808497122379076,
      "precision_micro": 0.18405598559166156,
      "precision_weighted": 0.21889939763337338,
      "recall_macro": 0.2124421729314842,
      "recall_micro": 0.18405598559166156,
      "recall_weighted": 0.18405598559166156,
      "f1_macro": 0.16193623222067466,
      "f1_micro": 0.18405598559166156,
      "f1_weighted": 0.17956171344808633,
      "confusion_matrix": [
        [
          5664,
          554,
          459,
          479,
          866,
          1067,
          393,
          366,
          1363
        ],
        [
          3032,
          1510,
          899,
          774,
          1313,
          1774,
          802,
          594,
          1994
        ],
        [
          4900,
          2073,
          2312,
          2049,
          3119,
          4451,
          1561,
          1163,
          3912
        ],
        [
          4179,
          1566,
          1683,
          4517,
          2863,
          5586,
          1434,
          829,
          3436
        ],
        [
          6850,
          1747,
          1756,
          2957,
          6132,
          5375,
          1534,
          884,
          4802
        ],
        [
          6446,
          2405,
          1865,
          4969,
          4516,
          11885,
          2102,
          1288,
          5874
        ],
        [
          8004,
          2953,
          1518,
          3974,
          3536,
          6551,
          3120,
          1155,
          7885
        ],
        [
          2680,
          1491,
          756,
          875,
          959,
          3100,
          1212,
          686,
          3184
        ],
        [
          1396,
          580,
          134,
          386,
          198,
          406,
          356,
          151,
          2599
        ]
      ]
    }
  },
  "test_metrics": {
    "classification": {
      "labels": [
        0,
        1,
        2,
        3,
        4,
        5,
        6,
        7,
        8
      ],
      "accuracy": 0.17935219957081544,
      "balanced_accuracy": 0.20815883026325063,
      "precision_macro": 0.17811535002597978,
      "precision_micro": 0.17935219957081544,
      "precision_weighted": 0.2138345488388496,
      "recall_macro": 0.20815883026325063,
      "recall_micro": 0.17935219957081544,
      "recall_weighted": 0.17935219957081544,
      "f1_macro": 0.15900987700894242,
      "f1_micro": 0.17935219957081544,
      "f1_weighted": 0.1746873439637459,
      "confusion_matrix": [
        [
          2353,
          238,
          214,
          210,
          425,
          491,
          197,
          141,
          597
        ],
        [
          1312,
          655,
          440,
          310,
          599,
          760,
          290,
          243,
          873
        ],
        [
          2106,
          924,
          994,
          867,
          1332,
          1992,
          635,
          517,
          1674
        ],
        [
          1824,
          689,
          704,
          1928,
          1269,
          2386,
          604,
          339,
          1444
        ],
        [
          2777,
          761,
          757,
          1273,
          2648,
          2241,
          700,
          365,
          2109
        ],
        [
          2671,
          1051,
          772,
          2227,
          1984,
          4816,
          843,
          542,
          2460
        ],
        [
          3480,
          1317,
          671,
          1698,
          1590,
          2772,
          1243,
          453,
          3534
        ],
        [
          1156,
          603,
          313,
          402,
          398,
          1369,
          477,
          314,
          1461
        ],
        [
          607,
          257,
          65,
          156,
          86,
          183,
          138,
          60,
          1096
        ]
      ]
    }
  },
  "run_timestamp": "20251226_200155_055348",
  "params_hash": "b84c8c4838a076925213dad1204c149b3b750ddba94e4fcd34003c80e5a2113e"
}