{
  "best_epoch": 0,
  "best_val_loss": null,
  "total_seconds": 2.236912478983868,
  "epochs": [],
  "train_metrics": {
    "classification": {
      "labels": [
        0,
        1,
        2
      ],
      "accuracy": 0.4471806023911711,
      "balanced_accuracy": 0.4103722285025864,
      "precision_macro": 0.41251515285515844,
      "precision_micro": 0.4471806023911711,
      "precision_weighted": 0.4444748099948267,
      "recall_macro": 0.4103722285025864,
      "recall_micro": 0.4471806023911711,
      "recall_weighted": 0.4471806023911711,
      "f1_macro": 0.4112660724871211,
      "f1_micro": 0.4471806023911711,
      "f1_weighted": 0.44571403573314433,
      "confusion_matrix": [
        [
          9299,
          13259,
          13380
        ],
        [
          11368,
          40401,
          33184
        ],
        [
          12467,
          31753,
          43657
        ]
      ]
    }
  },
  "test_metrics": {
    "classification": {
      "labels": [
        0,
        1,
        2
      ],
      "accuracy": 0.44624016452074394,
      "balanced_accuracy": 0.4086456032776666,
      "precision_macro": 0.4114943813284375,
      "precision_micro": 0.44624016452074394,
      "precision_weighted": 0.4423639852195397,
      "recall_macro": 0.4086456032776666,
      "recall_micro": 0.44624016452074394,
      "recall_weighted": 0.44624016452074394,
      "f1_macro": 0.40971789962984123,
      "f1_micro": 0.44624016452074394,
      "f1_weighted": 0.44408240068077437,
      "confusion_matrix": [
        [
          3945,
          5872,
          5971
        ],
        [
          4884,
          17124,
          13966
        ],
        [
          5206,
          13647,
          18857
        ]
      ]
    }
  },
  "run_timestamp": "20251226_200412_155063",
  "params_hash": "d5bcc102840779c602e83b1fb76c8037df1fa4eb9cd05e3fa3298f5ba44506a4"
}