{
  "best_epoch": 0,
  "best_val_loss": null,
  "total_seconds": 0.009869796005659737,
  "epochs": [],
  "train_metrics": {
    "classification": {
      "labels": [
        0,
        1,
        2,
        3,
        4,
        5,
        6,
        7,
        8
      ],
      "accuracy": 0.1767857142857143,
      "balanced_accuracy": 0.14616408877472567,
      "precision_macro": 0.09709219583011278,
      "precision_micro": 0.1767857142857143,
      "precision_weighted": 0.136167477542397,
      "recall_macro": 0.14616408877472567,
      "recall_micro": 0.1767857142857143,
      "recall_weighted": 0.1767857142857143,
      "f1_macro": 0.08409087113567505,
      "f1_micro": 0.1767857142857143,
      "f1_weighted": 0.11215046094043953,
      "confusion_matrix": [
        [
          368,
          0,
          0,
          23,
          48,
          277,
          19,
          0,
          0
        ],
        [
          304,
          0,
          0,
          56,
          52,
          396,
          21,
          0,
          0
        ],
        [
          538,
          0,
          0,
          125,
          91,
          870,
          28,
          0,
          1
        ],
        [
          442,
          0,
          0,
          166,
          92,
          949,
          28,
          0,
          0
        ],
        [
          686,
          0,
          0,
          169,
          152,
          987,
          38,
          0,
          0
        ],
        [
          609,
          0,
          0,
          181,
          181,
          1628,
          44,
          0,
          0
        ],
        [
          640,
          0,
          0,
          194,
          175,
          1405,
          62,
          0,
          0
        ],
        [
          208,
          0,
          0,
          59,
          70,
          629,
          21,
          0,
          0
        ],
        [
          109,
          0,
          0,
          37,
          38,
          209,
          15,
          0,
          0
        ]
      ]
    }
  },
  "test_metrics": {
    "classification": {
      "labels": [
        0,
        1,
        2,
        3,
        4,
        5,
        6,
        7,
        8
      ],
      "accuracy": 0.18107638888888888,
      "balanced_accuracy": 0.1500106510838384,
      "precision_macro": 0.10340598292696421,
      "precision_micro": 0.18107638888888888,
      "precision_weighted": 0.14961214308018442,
      "recall_macro": 0.1500106510838384,
      "recall_micro": 0.18107638888888888,
      "recall_weighted": 0.18107638888888888,
      "f1_macro": 0.08632948689732145,
      "f1_micro": 0.18107638888888888,
      "f1_weighted": 0.11743942093870818,
      "confusion_matrix": [
        [
          155,
          0,
          0,
          13,
          16,
          108,
          8,
          0,
          0
        ],
        [
          126,
          0,
          0,
          30,
          20,
          158,
          7,
          0,
          0
        ],
        [
          213,
          0,
          0,
          40,
          31,
          406,
          12,
          0,
          0
        ],
        [
          204,
          0,
          0,
          73,
          50,
          383,
          13,
          0,
          0
        ],
        [
          347,
          0,
          0,
          70,
          65,
          407,
          18,
          0,
          1
        ],
        [
          236,
          0,
          0,
          79,
          80,
          714,
          28,
          0,
          0
        ],
        [
          305,
          0,
          0,
          89,
          77,
          587,
          36,
          0,
          0
        ],
        [
          80,
          0,
          0,
          26,
          33,
          247,
          7,
          0,
          0
        ],
        [
          45,
          0,
          0,
          12,
          10,
          91,
          4,
          0,
          0
        ]
      ]
    }
  },
  "run_timestamp": "20251208_102908_992837",
  "params_hash": "3309a11e03804f11b4438bae0d573241f1d8a9ac3f801f2b72650b8a1639962f"
}