{
  "best_epoch": 0,
  "best_val_loss": null,
  "total_seconds": 3.3106206400261726,
  "epochs": [],
  "train_metrics": {
    "classification": {
      "labels": [
        0,
        1,
        2,
        3,
        4,
        5,
        6,
        7,
        8
      ],
      "accuracy": 0.17737392703862662,
      "balanced_accuracy": 0.19199047445042783,
      "precision_macro": 0.17029018610752591,
      "precision_micro": 0.17737392703862662,
      "precision_weighted": 0.20348177237906886,
      "recall_macro": 0.19199047445042783,
      "recall_micro": 0.17737392703862662,
      "recall_weighted": 0.17737392703862662,
      "f1_macro": 0.15205667960256503,
      "f1_micro": 0.17737392703862662,
      "f1_weighted": 0.1704237079956303,
      "confusion_matrix": [
        [
          5722,
          582,
          300,
          384,
          654,
          1752,
          378,
          338,
          1101
        ],
        [
          3849,
          1248,
          597,
          651,
          961,
          2265,
          886,
          806,
          1429
        ],
        [
          5689,
          1692,
          1249,
          1485,
          2299,
          5397,
          2734,
          2339,
          2656
        ],
        [
          5022,
          1169,
          675,
          3048,
          2400,
          6530,
          2761,
          1597,
          2891
        ],
        [
          8357,
          1373,
          1098,
          2463,
          3513,
          7112,
          2580,
          1686,
          3855
        ],
        [
          8097,
          1583,
          1046,
          2884,
          3145,
          13387,
          4591,
          2552,
          4065
        ],
        [
          8850,
          2176,
          1707,
          2349,
          2764,
          8135,
          5457,
          3270,
          3988
        ],
        [
          2636,
          763,
          541,
          619,
          816,
          3967,
          1781,
          1802,
          2018
        ],
        [
          1467,
          352,
          326,
          230,
          323,
          1323,
          265,
          316,
          1604
        ]
      ]
    }
  },
  "test_metrics": {
    "classification": {
      "labels": [
        0,
        1,
        2,
        3,
        4,
        5,
        6,
        7,
        8
      ],
      "accuracy": 0.17423327968526467,
      "balanced_accuracy": 0.18791547952110552,
      "precision_macro": 0.16806306431606874,
      "precision_micro": 0.17423327968526467,
      "precision_weighted": 0.2009591640289369,
      "recall_macro": 0.18791547952110552,
      "recall_micro": 0.17423327968526467,
      "recall_weighted": 0.17423327968526467,
      "f1_macro": 0.14927229817632337,
      "f1_micro": 0.17423327968526467,
      "f1_weighted": 0.16730583105022453,
      "confusion_matrix": [
        [
          2430,
          250,
          107,
          165,
          310,
          809,
          181,
          176,
          438
        ],
        [
          1687,
          493,
          269,
          292,
          455,
          964,
          345,
          368,
          609
        ],
        [
          2539,
          771,
          574,
          587,
          953,
          2398,
          1108,
          1012,
          1099
        ],
        [
          2146,
          537,
          330,
          1276,
          1029,
          2784,
          1202,
          680,
          1203
        ],
        [
          3438,
          630,
          473,
          1036,
          1513,
          2976,
          1182,
          744,
          1639
        ],
        [
          3487,
          689,
          422,
          1203,
          1357,
          5611,
          1880,
          1014,
          1703
        ],
        [
          3888,
          943,
          747,
          970,
          1185,
          3589,
          2273,
          1410,
          1753
        ],
        [
          1137,
          331,
          265,
          271,
          380,
          1755,
          756,
          759,
          839
        ],
        [
          659,
          144,
          117,
          116,
          126,
          572,
          118,
          136,
          660
        ]
      ]
    }
  },
  "run_timestamp": "20251226_201447_508457",
  "params_hash": "a8091648318a5ddf3b7ab49ab4296fb749daa4bb7cdf59c0d4d225344b297e18"
}