{
  "best_epoch": 0,
  "best_val_loss": null,
  "total_seconds": 0.03403977199923247,
  "epochs": [],
  "train_metrics": {
    "classification": {
      "labels": [
        0,
        1,
        2,
        3,
        4,
        5,
        6,
        7,
        8
      ],
      "accuracy": 0.13854166666666667,
      "balanced_accuracy": 0.1823543999266657,
      "precision_macro": 0.14732637079001354,
      "precision_micro": 0.13854166666666667,
      "precision_weighted": 0.17792715971621928,
      "recall_macro": 0.1823543999266657,
      "recall_micro": 0.13854166666666667,
      "recall_weighted": 0.13854166666666667,
      "f1_macro": 0.12337373391375232,
      "f1_micro": 0.13854166666666667,
      "f1_weighted": 0.12168488591410608,
      "confusion_matrix": [
        [
          253,
          99,
          52,
          98,
          67,
          57,
          10,
          1,
          98
        ],
        [
          177,
          188,
          71,
          126,
          54,
          81,
          5,
          2,
          125
        ],
        [
          212,
          266,
          172,
          345,
          213,
          105,
          19,
          5,
          316
        ],
        [
          117,
          191,
          115,
          505,
          235,
          99,
          11,
          5,
          399
        ],
        [
          280,
          265,
          155,
          373,
          350,
          111,
          25,
          7,
          466
        ],
        [
          239,
          386,
          180,
          540,
          348,
          186,
          27,
          6,
          731
        ],
        [
          426,
          243,
          193,
          468,
          248,
          224,
          42,
          14,
          618
        ],
        [
          227,
          104,
          75,
          181,
          59,
          93,
          19,
          1,
          228
        ],
        [
          69,
          16,
          17,
          90,
          18,
          25,
          7,
          1,
          165
        ]
      ]
    }
  },
  "test_metrics": {
    "classification": {
      "labels": [
        0,
        1,
        2,
        3,
        4,
        5,
        6,
        7,
        8
      ],
      "accuracy": 0.1284722222222222,
      "balanced_accuracy": 0.17178068528056106,
      "precision_macro": 0.13299964360607497,
      "precision_micro": 0.1284722222222222,
      "precision_weighted": 0.16323875867120136,
      "recall_macro": 0.17178068528056106,
      "recall_micro": 0.1284722222222222,
      "recall_weighted": 0.1284722222222222,
      "f1_macro": 0.11452316634100318,
      "f1_micro": 0.1284722222222222,
      "f1_weighted": 0.11265672954031263,
      "confusion_matrix": [
        [
          107,
          43,
          12,
          34,
          32,
          25,
          1,
          0,
          46
        ],
        [
          62,
          77,
          32,
          66,
          24,
          26,
          0,
          0,
          54
        ],
        [
          94,
          126,
          69,
          158,
          74,
          59,
          10,
          6,
          106
        ],
        [
          54,
          93,
          44,
          187,
          113,
          55,
          4,
          1,
          172
        ],
        [
          120,
          119,
          79,
          150,
          159,
          51,
          14,
          2,
          214
        ],
        [
          113,
          157,
          89,
          247,
          149,
          69,
          9,
          5,
          299
        ],
        [
          188,
          110,
          92,
          212,
          119,
          88,
          14,
          10,
          261
        ],
        [
          81,
          43,
          38,
          70,
          25,
          42,
          4,
          0,
          90
        ],
        [
          30,
          9,
          15,
          27,
          7,
          11,
          5,
          0,
          58
        ]
      ]
    }
  },
  "run_timestamp": "20251208_102144_680260",
  "params_hash": "64344411dbbf92483ca9883bc18f0198cd4b6132075193b8563076eda9a95ace"
}