{
  "best_epoch": 0,
  "best_val_loss": null,
  "total_seconds": 0.04627074000018183,
  "epochs": [],
  "train_metrics": {
    "classification": {
      "labels": [
        0,
        1,
        2,
        3,
        4,
        5,
        6,
        7,
        8
      ],
      "accuracy": 0.1537202380952381,
      "balanced_accuracy": 0.16296868957430183,
      "precision_macro": 0.15073103049655334,
      "precision_micro": 0.1537202380952381,
      "precision_weighted": 0.1724391930463859,
      "recall_macro": 0.16296868957430183,
      "recall_micro": 0.1537202380952381,
      "recall_weighted": 0.1537202380952381,
      "f1_macro": 0.13832958497828246,
      "f1_micro": 0.1537202380952381,
      "f1_weighted": 0.1485616946003094,
      "confusion_matrix": [
        [
          127,
          116,
          21,
          69,
          97,
          62,
          82,
          10,
          123
        ],
        [
          123,
          206,
          52,
          88,
          90,
          107,
          156,
          31,
          86
        ],
        [
          174,
          174,
          86,
          150,
          105,
          274,
          296,
          56,
          183
        ],
        [
          229,
          211,
          81,
          184,
          99,
          319,
          299,
          48,
          354
        ],
        [
          293,
          261,
          82,
          172,
          235,
          366,
          361,
          50,
          493
        ],
        [
          154,
          175,
          63,
          140,
          82,
          348,
          275,
          37,
          203
        ],
        [
          228,
          231,
          135,
          206,
          204,
          454,
          644,
          89,
          397
        ],
        [
          143,
          116,
          85,
          141,
          121,
          237,
          299,
          59,
          268
        ],
        [
          65,
          26,
          9,
          67,
          80,
          88,
          90,
          23,
          177
        ]
      ]
    }
  },
  "test_metrics": {
    "classification": {
      "labels": [
        0,
        1,
        2,
        3,
        4,
        5,
        6,
        7,
        8
      ],
      "accuracy": 0.1527777777777778,
      "balanced_accuracy": 0.1667718899799536,
      "precision_macro": 0.15241174145293973,
      "precision_micro": 0.1527777777777778,
      "precision_weighted": 0.17411299200566935,
      "recall_macro": 0.1667718899799536,
      "recall_micro": 0.1527777777777778,
      "recall_weighted": 0.1527777777777778,
      "f1_macro": 0.13890980802213265,
      "f1_micro": 0.1527777777777778,
      "f1_weighted": 0.14857054778445286,
      "confusion_matrix": [
        [
          60,
          39,
          4,
          21,
          41,
          29,
          22,
          4,
          48
        ],
        [
          56,
          90,
          26,
          42,
          37,
          36,
          75,
          8,
          26
        ],
        [
          68,
          69,
          48,
          68,
          49,
          121,
          129,
          18,
          77
        ],
        [
          102,
          101,
          30,
          87,
          47,
          155,
          137,
          17,
          125
        ],
        [
          130,
          94,
          36,
          87,
          104,
          167,
          169,
          29,
          186
        ],
        [
          72,
          57,
          33,
          66,
          47,
          133,
          102,
          9,
          119
        ],
        [
          99,
          108,
          57,
          71,
          113,
          187,
          273,
          31,
          193
        ],
        [
          54,
          57,
          27,
          65,
          70,
          100,
          136,
          20,
          117
        ],
        [
          19,
          7,
          3,
          31,
          29,
          29,
          40,
          7,
          65
        ]
      ]
    }
  },
  "run_timestamp": "20251208_103637_535374",
  "params_hash": "35741a987ee26305eaa41eebe439ec58788f2b522d09b49608d239ae593c3584"
}