{
  "best_epoch": 0,
  "best_val_loss": null,
  "total_seconds": 0.0058253040042473,
  "epochs": [],
  "train_metrics": {
    "classification": {
      "labels": [
        0,
        1,
        2,
        3,
        4
      ],
      "accuracy": 0.3139136904761905,
      "balanced_accuracy": 0.249527596841041,
      "precision_macro": 0.21080305887386658,
      "precision_micro": 0.3139136904761905,
      "precision_weighted": 0.25768051959303606,
      "recall_macro": 0.249527596841041,
      "recall_micro": 0.3139136904761905,
      "recall_weighted": 0.3139136904761905,
      "f1_macro": 0.18739001685039872,
      "f1_micro": 0.3139136904761905,
      "f1_weighted": 0.2385794984036561,
      "confusion_matrix": [
        [
          434,
          36,
          0,
          616,
          74
        ],
        [
          693,
          43,
          0,
          1877,
          187
        ],
        [
          374,
          29,
          0,
          1193,
          163
        ],
        [
          827,
          66,
          0,
          3270,
          475
        ],
        [
          499,
          48,
          0,
          2064,
          472
        ]
      ]
    }
  },
  "test_metrics": {
    "classification": {
      "labels": [
        0,
        1,
        2,
        3,
        4
      ],
      "accuracy": 0.3095486111111111,
      "balanced_accuracy": 0.24316066199947448,
      "precision_macro": 0.20015599992001998,
      "precision_micro": 0.3095486111111111,
      "precision_weighted": 0.24802884582888732,
      "recall_macro": 0.24316066199947448,
      "recall_micro": 0.3095486111111111,
      "recall_weighted": 0.3095486111111111,
      "f1_macro": 0.18133770307251024,
      "f1_micro": 0.3095486111111111,
      "f1_weighted": 0.2346953204571498,
      "confusion_matrix": [
        [
          181,
          10,
          0,
          265,
          34
        ],
        [
          288,
          18,
          0,
          813,
          71
        ],
        [
          177,
          15,
          0,
          483,
          71
        ],
        [
          365,
          38,
          0,
          1405,
          214
        ],
        [
          215,
          22,
          0,
          896,
          179
        ]
      ]
    }
  },
  "run_timestamp": "20251208_141620_215794",
  "params_hash": "c199e3b29c41afba9787a9d39b7f63ec80e57796aa2c7a711e79240c75fd330f"
}