{
  "best_epoch": 0,
  "best_val_loss": null,
  "total_seconds": 1.5891821380064357,
  "epochs": [],
  "train_metrics": {
    "classification": {
      "labels": [
        0,
        1,
        2,
        3,
        4
      ],
      "accuracy": 0.31661461526670753,
      "balanced_accuracy": 0.28724411716157594,
      "precision_macro": 0.28060890971870633,
      "precision_micro": 0.31661461526670753,
      "precision_weighted": 0.31741078679593404,
      "recall_macro": 0.28724411716157594,
      "recall_micro": 0.31661461526670753,
      "recall_weighted": 0.31661461526670753,
      "f1_macro": 0.26254633258109916,
      "f1_micro": 0.31661461526670753,
      "f1_weighted": 0.30179967676451286,
      "confusion_matrix": [
        [
          7429,
          3107,
          645,
          4888,
          1791
        ],
        [
          7763,
          9957,
          2300,
          17173,
          6120
        ],
        [
          5783,
          4005,
          2763,
          11817,
          2909
        ],
        [
          13166,
          9374,
          4387,
          38055,
          7763
        ],
        [
          10248,
          6777,
          2118,
          20535,
          7895
        ]
      ]
    }
  },
  "test_metrics": {
    "classification": {
      "labels": [
        0,
        1,
        2,
        3,
        4
      ],
      "accuracy": 0.3142770922746781,
      "balanced_accuracy": 0.2858801870617479,
      "precision_macro": 0.28021418670806975,
      "precision_micro": 0.3142770922746781,
      "precision_weighted": 0.3152976964263158,
      "recall_macro": 0.2858801870617479,
      "recall_micro": 0.3142770922746781,
      "recall_weighted": 0.3142770922746781,
      "f1_macro": 0.26171668076866494,
      "f1_micro": 0.3142770922746781,
      "f1_weighted": 0.29916559502868184,
      "confusion_matrix": [
        [
          3189,
          1399,
          289,
          2098,
          795
        ],
        [
          3328,
          4319,
          980,
          7439,
          2599
        ],
        [
          2411,
          1728,
          1164,
          5076,
          1255
        ],
        [
          5529,
          4116,
          1797,
          16005,
          3260
        ],
        [
          4483,
          2873,
          919,
          8979,
          3442
        ]
      ]
    }
  },
  "run_timestamp": "20251226_201548_062922",
  "params_hash": "71a563ca8ba53cdec8f4c49207184fc081d3f5289f6257c617b18259737d36ed"
}