{
  "best_epoch": 0,
  "best_val_loss": null,
  "total_seconds": 0.07742652099113911,
  "epochs": [],
  "train_metrics": {
    "classification": {
      "labels": [
        0,
        1,
        2,
        3,
        4,
        5,
        6,
        7,
        8
      ],
      "accuracy": 0.17693452380952382,
      "balanced_accuracy": 0.19945403652457824,
      "precision_macro": 0.17204229391503728,
      "precision_micro": 0.17693452380952382,
      "precision_weighted": 0.20458667422816662,
      "recall_macro": 0.19945403652457824,
      "recall_micro": 0.17693452380952382,
      "recall_weighted": 0.17693452380952382,
      "f1_macro": 0.15614174085326385,
      "f1_micro": 0.17693452380952382,
      "f1_weighted": 0.17184391133813623,
      "confusion_matrix": [
        [
          267,
          69,
          13,
          39,
          34,
          78,
          39,
          49,
          147
        ],
        [
          129,
          92,
          43,
          40,
          39,
          150,
          57,
          89,
          190
        ],
        [
          221,
          127,
          93,
          158,
          114,
          390,
          164,
          123,
          263
        ],
        [
          208,
          67,
          90,
          275,
          119,
          368,
          154,
          131,
          265
        ],
        [
          366,
          124,
          87,
          195,
          209,
          429,
          113,
          122,
          387
        ],
        [
          273,
          123,
          103,
          308,
          159,
          863,
          251,
          151,
          412
        ],
        [
          331,
          144,
          102,
          219,
          192,
          545,
          293,
          159,
          491
        ],
        [
          108,
          82,
          23,
          68,
          50,
          270,
          71,
          103,
          212
        ],
        [
          54,
          12,
          7,
          27,
          20,
          71,
          17,
          17,
          183
        ]
      ]
    }
  },
  "test_metrics": {
    "classification": {
      "labels": [
        0,
        1,
        2,
        3,
        4,
        5,
        6,
        7,
        8
      ],
      "accuracy": 0.1717013888888889,
      "balanced_accuracy": 0.1956514751893124,
      "precision_macro": 0.17196646133856558,
      "precision_micro": 0.1717013888888889,
      "precision_weighted": 0.2095439022881765,
      "recall_macro": 0.1956514751893124,
      "recall_micro": 0.1717013888888889,
      "recall_weighted": 0.1717013888888889,
      "f1_macro": 0.15117222667032146,
      "f1_micro": 0.1717013888888889,
      "f1_weighted": 0.16875468561240817,
      "confusion_matrix": [
        [
          114,
          29,
          5,
          17,
          11,
          29,
          9,
          25,
          61
        ],
        [
          47,
          34,
          17,
          27,
          17,
          62,
          24,
          37,
          76
        ],
        [
          87,
          44,
          54,
          81,
          38,
          177,
          58,
          66,
          97
        ],
        [
          101,
          35,
          27,
          109,
          55,
          160,
          63,
          57,
          116
        ],
        [
          185,
          53,
          30,
          85,
          76,
          200,
          68,
          55,
          156
        ],
        [
          121,
          61,
          37,
          144,
          91,
          353,
          81,
          74,
          175
        ],
        [
          167,
          61,
          45,
          91,
          90,
          239,
          140,
          62,
          199
        ],
        [
          57,
          28,
          6,
          20,
          25,
          102,
          32,
          39,
          84
        ],
        [
          28,
          7,
          4,
          12,
          5,
          18,
          7,
          11,
          70
        ]
      ]
    }
  },
  "run_timestamp": "20251208_103735_991012",
  "params_hash": "3620a7a8309a8c27be0d09eca40b85332ae8453e91c675ee62f9971ecf28510b"
}