{
  "best_epoch": 0,
  "best_val_loss": null,
  "total_seconds": 0.017684504000499146,
  "epochs": [],
  "train_metrics": {
    "classification": {
      "labels": [
        0,
        1,
        2,
        3,
        4,
        5,
        6,
        7,
        8
      ],
      "accuracy": 0.14441964285714284,
      "balanced_accuracy": 0.1525383584943079,
      "precision_macro": 0.2060586772459686,
      "precision_micro": 0.14441964285714284,
      "precision_weighted": 0.2207291580303477,
      "recall_macro": 0.1525383584943079,
      "recall_micro": 0.14441964285714284,
      "recall_weighted": 0.14441964285714284,
      "f1_macro": 0.08533595272007588,
      "f1_micro": 0.14441964285714284,
      "f1_weighted": 0.09576889207858023,
      "confusion_matrix": [
        [
          62,
          158,
          0,
          48,
          9,
          0,
          203,
          6,
          221
        ],
        [
          76,
          169,
          0,
          52,
          14,
          0,
          284,
          1,
          343
        ],
        [
          92,
          170,
          0,
          61,
          24,
          0,
          555,
          9,
          587
        ],
        [
          124,
          174,
          0,
          104,
          18,
          0,
          637,
          0,
          767
        ],
        [
          133,
          260,
          0,
          126,
          17,
          0,
          880,
          5,
          892
        ],
        [
          67,
          186,
          0,
          83,
          12,
          1,
          591,
          2,
          535
        ],
        [
          109,
          284,
          1,
          146,
          29,
          0,
          1232,
          13,
          774
        ],
        [
          35,
          152,
          0,
          93,
          21,
          0,
          556,
          6,
          606
        ],
        [
          13,
          52,
          0,
          35,
          8,
          0,
          149,
          18,
          350
        ]
      ]
    }
  },
  "test_metrics": {
    "classification": {
      "labels": [
        0,
        1,
        2,
        3,
        4,
        5,
        6,
        7,
        8
      ],
      "accuracy": 0.14461805555555557,
      "balanced_accuracy": 0.15619661107169389,
      "precision_macro": 0.09606398362770255,
      "precision_micro": 0.14461805555555557,
      "precision_weighted": 0.11534570933814092,
      "recall_macro": 0.15619661107169389,
      "recall_micro": 0.14461805555555557,
      "recall_weighted": 0.14461805555555557,
      "f1_macro": 0.08768367424511461,
      "f1_micro": 0.14461805555555557,
      "f1_weighted": 0.09864813404120526,
      "confusion_matrix": [
        [
          24,
          67,
          0,
          20,
          3,
          0,
          68,
          2,
          84
        ],
        [
          30,
          94,
          0,
          24,
          8,
          0,
          110,
          1,
          129
        ],
        [
          40,
          81,
          0,
          26,
          5,
          0,
          253,
          3,
          239
        ],
        [
          45,
          88,
          0,
          51,
          8,
          0,
          308,
          4,
          297
        ],
        [
          57,
          120,
          0,
          65,
          10,
          0,
          357,
          6,
          387
        ],
        [
          27,
          93,
          0,
          33,
          10,
          0,
          269,
          1,
          205
        ],
        [
          55,
          121,
          0,
          63,
          10,
          0,
          529,
          7,
          347
        ],
        [
          14,
          62,
          0,
          48,
          8,
          0,
          225,
          2,
          287
        ],
        [
          3,
          18,
          0,
          15,
          7,
          0,
          58,
          6,
          123
        ]
      ]
    }
  },
  "run_timestamp": "20251207_150233_811194",
  "params_hash": "ed86f2575acdf517c28c3fc32876359b216a744b24797b723c163f1eebade0df"
}