{
  "best_epoch": 0,
  "best_val_loss": null,
  "total_seconds": 3.024637201015139,
  "epochs": [],
  "train_metrics": {
    "classification": {
      "labels": [
        0,
        1,
        2,
        3,
        4,
        5,
        6,
        7,
        8
      ],
      "accuracy": 0.17275636112814224,
      "balanced_accuracy": 0.19692698645676743,
      "precision_macro": 0.16725325626807866,
      "precision_micro": 0.17275636112814224,
      "precision_weighted": 0.20250070479077964,
      "recall_macro": 0.19692698645676743,
      "recall_micro": 0.17275636112814224,
      "recall_weighted": 0.17275636112814224,
      "f1_macro": 0.1448394928164595,
      "f1_micro": 0.17275636112814224,
      "f1_weighted": 0.16430463780622306,
      "confusion_matrix": [
        [
          5825,
          333,
          335,
          353,
          1122,
          1376,
          444,
          159,
          1264
        ],
        [
          3599,
          930,
          701,
          656,
          1492,
          2002,
          908,
          435,
          1969
        ],
        [
          5864,
          1109,
          2001,
          1493,
          3667,
          5329,
          1638,
          791,
          3648
        ],
        [
          4763,
          1028,
          2161,
          2575,
          3423,
          6149,
          1538,
          632,
          3824
        ],
        [
          7939,
          1223,
          1514,
          1761,
          6709,
          5684,
          1530,
          595,
          5082
        ],
        [
          7752,
          1651,
          2082,
          2682,
          5218,
          12214,
          2295,
          878,
          6578
        ],
        [
          9335,
          2041,
          1807,
          2250,
          3942,
          7426,
          2906,
          800,
          8189
        ],
        [
          3120,
          1048,
          702,
          727,
          1082,
          3475,
          1238,
          485,
          3066
        ],
        [
          1504,
          432,
          204,
          293,
          276,
          642,
          302,
          132,
          2421
        ]
      ]
    }
  },
  "test_metrics": {
    "classification": {
      "labels": [
        0,
        1,
        2,
        3,
        4,
        5,
        6,
        7,
        8
      ],
      "accuracy": 0.16776198140200285,
      "balanced_accuracy": 0.19241035382997862,
      "precision_macro": 0.1650389776152671,
      "precision_micro": 0.16776198140200285,
      "precision_weighted": 0.19798821928840268,
      "recall_macro": 0.19241035382997862,
      "recall_micro": 0.16776198140200285,
      "recall_weighted": 0.16776198140200285,
      "f1_macro": 0.14194955854459282,
      "f1_micro": 0.16776198140200285,
      "f1_weighted": 0.1593761017382352,
      "confusion_matrix": [
        [
          2428,
          141,
          148,
          131,
          515,
          656,
          195,
          82,
          570
        ],
        [
          1541,
          415,
          289,
          248,
          708,
          913,
          351,
          185,
          832
        ],
        [
          2514,
          510,
          911,
          598,
          1542,
          2341,
          697,
          332,
          1596
        ],
        [
          2032,
          462,
          947,
          1064,
          1453,
          2655,
          682,
          266,
          1626
        ],
        [
          3298,
          554,
          644,
          771,
          2794,
          2402,
          646,
          279,
          2243
        ],
        [
          3251,
          750,
          879,
          1153,
          2258,
          4996,
          924,
          347,
          2808
        ],
        [
          4142,
          923,
          781,
          961,
          1749,
          3168,
          1168,
          314,
          3552
        ],
        [
          1349,
          427,
          315,
          296,
          457,
          1523,
          547,
          219,
          1360
        ],
        [
          662,
          192,
          96,
          117,
          133,
          274,
          114,
          45,
          1015
        ]
      ]
    }
  },
  "run_timestamp": "20251226_195812_115738",
  "params_hash": "4e82735358cb2b555cfd5d4a14c73d731b190d02afbea1dcabb8358bbd8bdd82"
}