{
  "best_epoch": 0,
  "best_val_loss": null,
  "total_seconds": 0.01696705599897541,
  "epochs": [],
  "train_metrics": {
    "classification": {
      "labels": [
        0,
        1,
        2,
        3,
        4
      ],
      "accuracy": 0.32127976190476193,
      "balanced_accuracy": 0.2699546999033387,
      "precision_macro": 0.272014091168198,
      "precision_micro": 0.32127976190476193,
      "precision_weighted": 0.30533217343830416,
      "recall_macro": 0.2699546999033387,
      "recall_micro": 0.32127976190476193,
      "recall_weighted": 0.32127976190476193,
      "f1_macro": 0.2427980440466158,
      "f1_micro": 0.32127976190476193,
      "f1_weighted": 0.2888746795323785,
      "confusion_matrix": [
        [
          407,
          156,
          6,
          468,
          123
        ],
        [
          488,
          487,
          41,
          1485,
          299
        ],
        [
          385,
          228,
          39,
          912,
          195
        ],
        [
          644,
          540,
          84,
          2714,
          656
        ],
        [
          333,
          377,
          38,
          1664,
          671
        ]
      ]
    }
  },
  "test_metrics": {
    "classification": {
      "labels": [
        0,
        1,
        2,
        3,
        4
      ],
      "accuracy": 0.3159722222222222,
      "balanced_accuracy": 0.2648774441318489,
      "precision_macro": 0.26880948601424615,
      "precision_micro": 0.3159722222222222,
      "precision_weighted": 0.30105449266224693,
      "recall_macro": 0.2648774441318489,
      "recall_micro": 0.3159722222222222,
      "recall_weighted": 0.3159722222222222,
      "f1_macro": 0.23836201986751507,
      "f1_micro": 0.3159722222222222,
      "f1_weighted": 0.28509169734130224,
      "confusion_matrix": [
        [
          171,
          66,
          3,
          198,
          52
        ],
        [
          203,
          214,
          14,
          642,
          117
        ],
        [
          179,
          102,
          18,
          359,
          88
        ],
        [
          255,
          277,
          37,
          1153,
          300
        ],
        [
          153,
          179,
          13,
          703,
          264
        ]
      ]
    }
  },
  "run_timestamp": "20251208_141636_900192",
  "params_hash": "8e6d9e25a5d2062660d6a901748d160ee94e849f733a49d4129d03f016a7ae7e"
}