{
  "best_epoch": 0,
  "best_val_loss": null,
  "total_seconds": 0.9633685020089615,
  "epochs": [],
  "train_metrics": {
    "classification": {
      "labels": [
        0,
        1,
        2
      ],
      "accuracy": 0.43668569895769466,
      "balanced_accuracy": 0.3970253703682465,
      "precision_macro": 0.40252044847912133,
      "precision_micro": 0.43668569895769466,
      "precision_weighted": 0.42999694824130363,
      "recall_macro": 0.3970253703682465,
      "recall_micro": 0.43668569895769466,
      "recall_weighted": 0.43668569895769466,
      "f1_macro": 0.39425269634314847,
      "f1_micro": 0.43668569895769466,
      "f1_weighted": 0.4270247573732553,
      "confusion_matrix": [
        [
          8631,
          10820,
          16487
        ],
        [
          11551,
          29877,
          43525
        ],
        [
          9646,
          25573,
          52658
        ]
      ]
    }
  },
  "test_metrics": {
    "classification": {
      "labels": [
        0,
        1,
        2
      ],
      "accuracy": 0.4397576895565093,
      "balanced_accuracy": 0.4009553104275452,
      "precision_macro": 0.4068651988649883,
      "precision_micro": 0.4397576895565093,
      "precision_weighted": 0.43235876132249984,
      "recall_macro": 0.4009553104275452,
      "recall_micro": 0.4397576895565093,
      "recall_weighted": 0.4397576895565093,
      "f1_macro": 0.3984608749794867,
      "f1_micro": 0.4397576895565093,
      "f1_weighted": 0.42991207241796403,
      "confusion_matrix": [
        [
          3890,
          4815,
          7083
        ],
        [
          4918,
          12697,
          18359
        ],
        [
          4181,
          10770,
          22759
        ]
      ]
    }
  },
  "run_timestamp": "20251227_011433_069816",
  "params_hash": "b353c3f2cb53c333c7fa58975409178d5ce3bba7b7ee7fcbeb6d11f441c8561f"
}