{
  "best_epoch": 0,
  "best_val_loss": null,
  "total_seconds": 3.213171182986116,
  "epochs": [],
  "train_metrics": {
    "classification": {
      "labels": [
        0,
        1,
        2,
        3,
        4
      ],
      "accuracy": 0.31779295677498465,
      "balanced_accuracy": 0.30522175212744823,
      "precision_macro": 0.2906185150217081,
      "precision_micro": 0.31779295677498465,
      "precision_weighted": 0.3273103167158625,
      "recall_macro": 0.30522175212744823,
      "recall_micro": 0.31779295677498465,
      "recall_weighted": 0.31779295677498465,
      "f1_macro": 0.27638550537022544,
      "f1_micro": 0.31779295677498465,
      "f1_weighted": 0.30875065349805386,
      "confusion_matrix": [
        [
          8539,
          1734,
          1093,
          3548,
          2946
        ],
        [
          8552,
          5723,
          3446,
          17378,
          8214
        ],
        [
          5563,
          2425,
          4525,
          10418,
          4346
        ],
        [
          13444,
          6031,
          6632,
          34330,
          12308
        ],
        [
          11535,
          3656,
          3330,
          15824,
          13228
        ]
      ]
    }
  },
  "test_metrics": {
    "classification": {
      "labels": [
        0,
        1,
        2,
        3,
        4
      ],
      "accuracy": 0.31395296852646637,
      "balanced_accuracy": 0.300393932301838,
      "precision_macro": 0.2890008933353413,
      "precision_micro": 0.31395296852646637,
      "precision_weighted": 0.3243930337291749,
      "recall_macro": 0.300393932301838,
      "recall_micro": 0.31395296852646637,
      "recall_weighted": 0.31395296852646637,
      "f1_macro": 0.27368471606790074,
      "f1_micro": 0.31395296852646637,
      "f1_weighted": 0.3052218941491085,
      "confusion_matrix": [
        [
          3570,
          795,
          458,
          1692,
          1255
        ],
        [
          3708,
          2524,
          1439,
          7597,
          3397
        ],
        [
          2295,
          1049,
          1898,
          4450,
          1942
        ],
        [
          5777,
          2539,
          2835,
          14408,
          5148
        ],
        [
          5062,
          1556,
          1456,
          6932,
          5690
        ]
      ]
    }
  },
  "run_timestamp": "20251226_200119_558869",
  "params_hash": "30e7f83300d51669b10b99f5f1b8b3ee66037683dce82a9a0feccff489376d5f"
}