{
  "best_epoch": 0,
  "best_val_loss": null,
  "total_seconds": 0.1404130129958503,
  "epochs": [],
  "train_metrics": {
    "classification": {
      "labels": [
        0,
        1,
        2,
        3,
        4
      ],
      "accuracy": 0.3430803571428571,
      "balanced_accuracy": 0.32976846452926445,
      "precision_macro": 0.31272714147167524,
      "precision_micro": 0.3430803571428571,
      "precision_weighted": 0.3474492357356022,
      "recall_macro": 0.32976846452926445,
      "recall_micro": 0.3430803571428571,
      "recall_weighted": 0.3430803571428571,
      "f1_macro": 0.3096489998779224,
      "f1_micro": 0.3430803571428571,
      "f1_weighted": 0.33899776418614525,
      "confusion_matrix": [
        [
          546,
          135,
          62,
          191,
          226
        ],
        [
          475,
          664,
          227,
          917,
          517
        ],
        [
          337,
          261,
          286,
          612,
          263
        ],
        [
          595,
          625,
          448,
          2133,
          837
        ],
        [
          493,
          368,
          204,
          1036,
          982
        ]
      ]
    }
  },
  "test_metrics": {
    "classification": {
      "labels": [
        0,
        1,
        2,
        3,
        4
      ],
      "accuracy": 0.3407986111111111,
      "balanced_accuracy": 0.32959866884924516,
      "precision_macro": 0.31273804885940243,
      "precision_micro": 0.3407986111111111,
      "precision_weighted": 0.3513146225000461,
      "recall_macro": 0.32959866884924516,
      "recall_micro": 0.3407986111111111,
      "recall_weighted": 0.3407986111111111,
      "f1_macro": 0.3068654252721664,
      "f1_micro": 0.3407986111111111,
      "f1_weighted": 0.33860434786596133,
      "confusion_matrix": [
        [
          237,
          55,
          27,
          80,
          91
        ],
        [
          219,
          282,
          102,
          415,
          172
        ],
        [
          152,
          100,
          122,
          259,
          113
        ],
        [
          282,
          283,
          191,
          911,
          355
        ],
        [
          269,
          147,
          79,
          406,
          411
        ]
      ]
    }
  },
  "run_timestamp": "20251208_141704_262955",
  "params_hash": "8bc30258fb1a6be710a8f550d1bfe8488700f17070185c4beb09891284c45e06"
}