{
  "best_epoch": 0,
  "best_val_loss": null,
  "total_seconds": 0.03440913200029172,
  "epochs": [],
  "train_metrics": {
    "classification": {
      "labels": [
        0,
        1,
        2,
        3,
        4
      ],
      "accuracy": 0.32700892857142855,
      "balanced_accuracy": 0.2852121131911442,
      "precision_macro": 0.286286871638682,
      "precision_micro": 0.32700892857142855,
      "precision_weighted": 0.3193827236102356,
      "recall_macro": 0.2852121131911442,
      "recall_micro": 0.32700892857142855,
      "recall_weighted": 0.32700892857142855,
      "f1_macro": 0.26884095687506926,
      "f1_micro": 0.32700892857142855,
      "f1_weighted": 0.31043701708326227,
      "confusion_matrix": [
        [
          391,
          136,
          26,
          310,
          297
        ],
        [
          471,
          467,
          135,
          1153,
          574
        ],
        [
          300,
          196,
          145,
          775,
          343
        ],
        [
          578,
          529,
          194,
          2395,
          942
        ],
        [
          404,
          290,
          105,
          1287,
          997
        ]
      ]
    }
  },
  "test_metrics": {
    "classification": {
      "labels": [
        0,
        1,
        2,
        3,
        4
      ],
      "accuracy": 0.3315972222222222,
      "balanced_accuracy": 0.2920394903742862,
      "precision_macro": 0.29535701854739155,
      "precision_micro": 0.3315972222222222,
      "precision_weighted": 0.3281068864268082,
      "recall_macro": 0.2920394903742862,
      "recall_micro": 0.3315972222222222,
      "recall_weighted": 0.3315972222222222,
      "f1_macro": 0.27681578777317783,
      "f1_micro": 0.3315972222222222,
      "f1_weighted": 0.317709766553649,
      "confusion_matrix": [
        [
          168,
          61,
          8,
          132,
          121
        ],
        [
          179,
          203,
          49,
          529,
          230
        ],
        [
          147,
          80,
          72,
          303,
          144
        ],
        [
          243,
          233,
          99,
          1001,
          446
        ],
        [
          182,
          114,
          45,
          505,
          466
        ]
      ]
    }
  },
  "run_timestamp": "20251208_141700_551422",
  "params_hash": "ff07f0d46b368a708cd1823adf789368eb8a70b9e80d147a9b13be7af6c189af"
}