{
  "best_epoch": 0,
  "best_val_loss": null,
  "total_seconds": 0.003745380003238097,
  "epochs": [],
  "train_metrics": {
    "classification": {
      "labels": [
        0,
        1,
        2
      ],
      "accuracy": 0.4097470238095238,
      "balanced_accuracy": 0.38323671661316333,
      "precision_macro": 0.38364844276393567,
      "precision_micro": 0.4097470238095238,
      "precision_weighted": 0.41191848910937423,
      "recall_macro": 0.38323671661316333,
      "recall_micro": 0.4097470238095238,
      "recall_weighted": 0.4097470238095238,
      "f1_macro": 0.3774185313779023,
      "f1_micro": 0.4097470238095238,
      "f1_weighted": 0.40342900212515564,
      "confusion_matrix": [
        [
          649,
          1065,
          675
        ],
        [
          968,
          3102,
          1482
        ],
        [
          856,
          2887,
          1756
        ]
      ]
    }
  },
  "test_metrics": {
    "classification": {
      "labels": [
        0,
        1,
        2
      ],
      "accuracy": 0.40520833333333334,
      "balanced_accuracy": 0.3788463407268998,
      "precision_macro": 0.37842005344408997,
      "precision_micro": 0.40520833333333334,
      "precision_weighted": 0.406154154537529,
      "recall_macro": 0.3788463407268998,
      "recall_micro": 0.40520833333333334,
      "recall_weighted": 0.40520833333333334,
      "f1_macro": 0.37361221220903656,
      "f1_micro": 0.40520833333333334,
      "f1_weighted": 0.39948707503184844,
      "confusion_matrix": [
        [
          272,
          449,
          280
        ],
        [
          394,
          1308,
          696
        ],
        [
          370,
          1237,
          754
        ]
      ]
    }
  },
  "run_timestamp": "20251208_141526_510009",
  "params_hash": "1b017c91fcb0cb8ac603a10c9149596a3fda88b08b48a89a8db0847bf95864da"
}