{
  "best_epoch": 0,
  "best_val_loss": null,
  "total_seconds": 0.15651478798827156,
  "epochs": [],
  "train_metrics": {
    "classification": {
      "labels": [
        0,
        1,
        2,
        3,
        4
      ],
      "accuracy": 0.3411458333333333,
      "balanced_accuracy": 0.3336713786181047,
      "precision_macro": 0.3160415735817788,
      "precision_micro": 0.3411458333333333,
      "precision_weighted": 0.3494289227432685,
      "recall_macro": 0.3336713786181047,
      "recall_micro": 0.3411458333333333,
      "recall_weighted": 0.3411458333333333,
      "f1_macro": 0.3140869621118954,
      "f1_micro": 0.3411458333333333,
      "f1_weighted": 0.339135436970357,
      "confusion_matrix": [
        [
          539,
          111,
          91,
          201,
          218
        ],
        [
          450,
          638,
          304,
          893,
          515
        ],
        [
          304,
          209,
          398,
          604,
          244
        ],
        [
          619,
          563,
          580,
          2085,
          791
        ],
        [
          486,
          384,
          261,
          1027,
          925
        ]
      ]
    }
  },
  "test_metrics": {
    "classification": {
      "labels": [
        0,
        1,
        2,
        3,
        4
      ],
      "accuracy": 0.33975694444444443,
      "balanced_accuracy": 0.3276503699892353,
      "precision_macro": 0.3131111547540507,
      "precision_micro": 0.33975694444444443,
      "precision_weighted": 0.35176538179301026,
      "recall_macro": 0.3276503699892353,
      "recall_micro": 0.33975694444444443,
      "recall_weighted": 0.33975694444444443,
      "f1_macro": 0.30858861490940404,
      "f1_micro": 0.33975694444444443,
      "f1_weighted": 0.33920437995436475,
      "confusion_matrix": [
        [
          219,
          57,
          44,
          88,
          82
        ],
        [
          202,
          277,
          131,
          392,
          188
        ],
        [
          147,
          98,
          154,
          255,
          92
        ],
        [
          270,
          236,
          241,
          912,
          363
        ],
        [
          246,
          150,
          90,
          431,
          395
        ]
      ]
    }
  },
  "run_timestamp": "20251208_141609_972722",
  "params_hash": "f8e6587a6ad53a8c3eca7a1ee806a1b95a3969a11f6f5e5f5da3dac152f2762e"
}