{
  "best_epoch": 0,
  "best_val_loss": null,
  "total_seconds": 0.032321180013241246,
  "epochs": [],
  "train_metrics": {
    "classification": {
      "labels": [
        0,
        1,
        2,
        3,
        4,
        5,
        6,
        7,
        8
      ],
      "accuracy": 0.18020833333333333,
      "balanced_accuracy": 0.1897566084828797,
      "precision_macro": 0.16961638842899074,
      "precision_micro": 0.18020833333333333,
      "precision_weighted": 0.20312761199825674,
      "recall_macro": 0.1897566084828797,
      "recall_micro": 0.18020833333333333,
      "recall_weighted": 0.18020833333333333,
      "f1_macro": 0.15405135829823713,
      "f1_micro": 0.18020833333333333,
      "f1_weighted": 0.17315989106677993,
      "confusion_matrix": [
        [
          343,
          22,
          14,
          49,
          35,
          108,
          45,
          52,
          67
        ],
        [
          199,
          37,
          35,
          55,
          62,
          166,
          77,
          112,
          86
        ],
        [
          357,
          65,
          117,
          110,
          106,
          428,
          142,
          139,
          189
        ],
        [
          304,
          50,
          67,
          316,
          92,
          412,
          143,
          144,
          149
        ],
        [
          472,
          78,
          70,
          236,
          191,
          429,
          188,
          181,
          187
        ],
        [
          384,
          66,
          121,
          380,
          154,
          834,
          243,
          198,
          263
        ],
        [
          388,
          92,
          84,
          250,
          191,
          600,
          348,
          223,
          300
        ],
        [
          164,
          53,
          22,
          51,
          77,
          239,
          123,
          133,
          125
        ],
        [
          82,
          24,
          14,
          44,
          38,
          39,
          43,
          21,
          103
        ]
      ]
    }
  },
  "test_metrics": {
    "classification": {
      "labels": [
        0,
        1,
        2,
        3,
        4,
        5,
        6,
        7,
        8
      ],
      "accuracy": 0.18177083333333333,
      "balanced_accuracy": 0.19308264074161313,
      "precision_macro": 0.1720983751613691,
      "precision_micro": 0.18177083333333333,
      "precision_weighted": 0.2120032552094349,
      "recall_macro": 0.19308264074161313,
      "recall_micro": 0.18177083333333333,
      "recall_weighted": 0.18177083333333333,
      "f1_macro": 0.1543817708299801,
      "f1_micro": 0.18177083333333333,
      "f1_weighted": 0.17722108700148873,
      "confusion_matrix": [
        [
          146,
          6,
          7,
          22,
          13,
          36,
          15,
          27,
          28
        ],
        [
          86,
          14,
          12,
          27,
          28,
          66,
          26,
          38,
          44
        ],
        [
          145,
          21,
          48,
          44,
          50,
          199,
          55,
          72,
          68
        ],
        [
          134,
          17,
          32,
          131,
          35,
          168,
          90,
          56,
          60
        ],
        [
          228,
          34,
          36,
          96,
          104,
          194,
          74,
          80,
          62
        ],
        [
          158,
          29,
          64,
          175,
          58,
          353,
          112,
          87,
          101
        ],
        [
          205,
          43,
          35,
          94,
          75,
          234,
          159,
          84,
          165
        ],
        [
          70,
          16,
          10,
          22,
          30,
          84,
          41,
          49,
          71
        ],
        [
          33,
          8,
          4,
          13,
          10,
          13,
          27,
          11,
          43
        ]
      ]
    }
  },
  "run_timestamp": "20251208_103552_873258",
  "params_hash": "bcab90558daea0a5e01b73f021ca2dee5832e803102f8724af9e9f18e84967e6"
}