{
  "best_epoch": 0,
  "best_val_loss": null,
  "total_seconds": 4.768769380985759,
  "epochs": [],
  "train_metrics": {
    "classification": {
      "labels": [
        0,
        1,
        2,
        3,
        4
      ],
      "accuracy": 0.29854671213979156,
      "balanced_accuracy": 0.2935476871159726,
      "precision_macro": 0.28341455393642406,
      "precision_micro": 0.29854671213979156,
      "precision_weighted": 0.3079042468307067,
      "recall_macro": 0.2935476871159726,
      "recall_micro": 0.29854671213979156,
      "recall_weighted": 0.29854671213979156,
      "f1_macro": 0.2791201330748591,
      "f1_micro": 0.29854671213979156,
      "f1_weighted": 0.2963883265717888,
      "confusion_matrix": [
        [
          6530,
          2516,
          1849,
          2370,
          4981
        ],
        [
          6754,
          8930,
          5708,
          7261,
          12773
        ],
        [
          5706,
          4325,
          6892,
          6236,
          10442
        ],
        [
          8938,
          8105,
          7100,
          14775,
          17776
        ],
        [
          8325,
          7395,
          7286,
          10595,
          25200
        ]
      ]
    }
  },
  "test_metrics": {
    "classification": {
      "labels": [
        0,
        1,
        2,
        3,
        4
      ],
      "accuracy": 0.3009880185979971,
      "balanced_accuracy": 0.29413832442286947,
      "precision_macro": 0.28502268204339953,
      "precision_micro": 0.3009880185979971,
      "precision_weighted": 0.30959033234342,
      "recall_macro": 0.29413832442286947,
      "recall_micro": 0.3009880185979971,
      "recall_weighted": 0.3009880185979971,
      "f1_macro": 0.28074431669158734,
      "f1_micro": 0.3009880185979971,
      "f1_weighted": 0.29871038339668315,
      "confusion_matrix": [
        [
          2844,
          1095,
          814,
          1104,
          2226
        ],
        [
          2918,
          3794,
          2574,
          3096,
          5374
        ],
        [
          2420,
          1811,
          2943,
          2677,
          4313
        ],
        [
          3962,
          3406,
          2901,
          6343,
          7545
        ],
        [
          3516,
          3041,
          3137,
          4612,
          11006
        ]
      ]
    }
  },
  "run_timestamp": "20251226_200502_612472",
  "params_hash": "343b11ac25756856a3dc17e384a97fe6be96ae34f81e9eafc8a5218367016378"
}