{
  "best_epoch": 0,
  "best_val_loss": null,
  "total_seconds": 39.31850518900319,
  "epochs": [],
  "train_metrics": {
    "regression": {
      "mae": 1.7957810163497925,
      "median_absolute_error": 1.7560977935791016,
      "mape": 0.5689394474029541,
      "mse": 4.5293660163879395,
      "rmse": 2.128230724425324,
      "r2": 0.0012209415435791016,
      "explained_variance": 0.001221001148223877,
      "max_error": 5.346623420715332
    }
  },
  "test_metrics": {
    "regression": {
      "mae": 1.7986822128295898,
      "median_absolute_error": 1.7610793113708496,
      "mape": 0.56927090883255,
      "mse": 4.5429558753967285,
      "rmse": 2.131421092932302,
      "r2": 0.0003383159637451172,
      "explained_variance": 0.0003510713577270508,
      "max_error": 4.9884934425354
    }
  },
  "run_timestamp": "20251207_215913_117527",
  "params_hash": "5fd177b13bd078b3b8c29eded2fdeaa817fdc6f03e606398188f8726a06851be"
}