{
  "best_epoch": 0,
  "best_val_loss": null,
  "total_seconds": 2.3349776430113707,
  "epochs": [],
  "train_metrics": {
    "classification": {
      "labels": [
        0,
        1,
        2,
        3,
        4
      ],
      "accuracy": 0.27736530502759044,
      "balanced_accuracy": 0.27081088898904004,
      "precision_macro": 0.2646527160784068,
      "precision_micro": 0.27736530502759044,
      "precision_weighted": 0.28827322337547806,
      "recall_macro": 0.27081088898904004,
      "recall_micro": 0.27736530502759044,
      "recall_weighted": 0.27736530502759044,
      "f1_macro": 0.26434301917226544,
      "f1_micro": 0.27736530502759044,
      "f1_weighted": 0.2810015436949048,
      "confusion_matrix": [
        [
          4721,
          3751,
          2196,
          4179,
          3399
        ],
        [
          6566,
          10461,
          6066,
          8437,
          9896
        ],
        [
          4473,
          5047,
          8312,
          7315,
          8454
        ],
        [
          8260,
          9127,
          8570,
          16147,
          14590
        ],
        [
          7826,
          10121,
          8554,
          14036,
          18264
        ]
      ]
    }
  },
  "test_metrics": {
    "classification": {
      "labels": [
        0,
        1,
        2,
        3,
        4
      ],
      "accuracy": 0.2751922389127325,
      "balanced_accuracy": 0.26759466937045495,
      "precision_macro": 0.262124827838681,
      "precision_micro": 0.2751922389127325,
      "precision_weighted": 0.28553622687445773,
      "recall_macro": 0.26759466937045495,
      "recall_micro": 0.2751922389127325,
      "recall_weighted": 0.2751922389127325,
      "f1_macro": 0.26181424719810603,
      "f1_micro": 0.2751922389127325,
      "f1_weighted": 0.2786846563004287,
      "confusion_matrix": [
        [
          2050,
          1604,
          1010,
          1844,
          1575
        ],
        [
          2806,
          4426,
          2604,
          3620,
          4300
        ],
        [
          1942,
          2136,
          3380,
          3145,
          3561
        ],
        [
          3444,
          3896,
          3625,
          6932,
          6260
        ],
        [
          3453,
          4303,
          3690,
          6032,
          7834
        ]
      ]
    }
  },
  "run_timestamp": "20251227_011701_805599",
  "params_hash": "9948614feeea320a9ff2696649dc1475aae86996f76683bbe51a12b70c7043d6"
}