{
  "best_epoch": 0,
  "best_val_loss": null,
  "total_seconds": 4.114056662976509,
  "epochs": [],
  "train_metrics": {
    "classification": {
      "labels": [
        0,
        1,
        2,
        3,
        4
      ],
      "accuracy": 0.29189339362354383,
      "balanced_accuracy": 0.28797076931484017,
      "precision_macro": 0.27874247160996946,
      "precision_micro": 0.29189339362354383,
      "precision_weighted": 0.30353653635098576,
      "recall_macro": 0.28797076931484017,
      "recall_micro": 0.29189339362354383,
      "recall_weighted": 0.29189339362354383,
      "f1_macro": 0.2753211808248909,
      "f1_micro": 0.29189339362354383,
      "f1_weighted": 0.2921084395799834,
      "confusion_matrix": [
        [
          6087,
          2895,
          2584,
          2783,
          3897
        ],
        [
          7641,
          9326,
          5510,
          7253,
          11696
        ],
        [
          5788,
          4504,
          7676,
          5934,
          9699
        ],
        [
          9099,
          7619,
          7853,
          14235,
          17888
        ],
        [
          7542,
          7807,
          8666,
          11172,
          23614
        ]
      ]
    }
  },
  "test_metrics": {
    "classification": {
      "labels": [
        0,
        1,
        2,
        3,
        4
      ],
      "accuracy": 0.2900907546494993,
      "balanced_accuracy": 0.28563981525049076,
      "precision_macro": 0.27632049104916434,
      "precision_micro": 0.2900907546494993,
      "precision_weighted": 0.3006841942381866,
      "recall_macro": 0.28563981525049076,
      "recall_micro": 0.2900907546494993,
      "recall_weighted": 0.2900907546494993,
      "f1_macro": 0.2732535559298483,
      "f1_micro": 0.2900907546494993,
      "f1_weighted": 0.29000152472394797,
      "confusion_matrix": [
        [
          2715,
          1221,
          1163,
          1269,
          1715
        ],
        [
          3260,
          3906,
          2387,
          3211,
          4992
        ],
        [
          2550,
          1928,
          3122,
          2551,
          4013
        ],
        [
          3992,
          3226,
          3308,
          6047,
          7584
        ],
        [
          3237,
          3269,
          3766,
          4875,
          10165
        ]
      ]
    }
  },
  "run_timestamp": "20251226_201839_547047",
  "params_hash": "28fc643f8c86b3191941a8dcdd4076c8dada8a46f34c268f0da01b4fb15c15c3"
}