{
  "best_epoch": 0,
  "best_val_loss": null,
  "total_seconds": 0.012849530001403764,
  "epochs": [],
  "train_metrics": {
    "classification": {
      "labels": [
        0,
        1,
        2,
        3,
        4
      ],
      "accuracy": 0.3117559523809524,
      "balanced_accuracy": 0.271052798540752,
      "precision_macro": 0.24552358688627546,
      "precision_micro": 0.3117559523809524,
      "precision_weighted": 0.2829340860760047,
      "recall_macro": 0.271052798540752,
      "recall_micro": 0.3117559523809524,
      "recall_weighted": 0.3117559523809524,
      "f1_macro": 0.23230866381389612,
      "f1_micro": 0.3117559523809524,
      "f1_weighted": 0.2762925713871932,
      "confusion_matrix": [
        [
          473,
          211,
          14,
          343,
          119
        ],
        [
          470,
          695,
          80,
          1275,
          280
        ],
        [
          311,
          343,
          44,
          900,
          161
        ],
        [
          682,
          772,
          66,
          2682,
          436
        ],
        [
          718,
          522,
          103,
          1444,
          296
        ]
      ]
    }
  },
  "test_metrics": {
    "classification": {
      "labels": [
        0,
        1,
        2,
        3,
        4
      ],
      "accuracy": 0.2986111111111111,
      "balanced_accuracy": 0.2573752951948872,
      "precision_macro": 0.23213928948140022,
      "precision_micro": 0.2986111111111111,
      "precision_weighted": 0.2725656884329362,
      "recall_macro": 0.2573752951948872,
      "recall_micro": 0.2986111111111111,
      "recall_weighted": 0.2986111111111111,
      "f1_macro": 0.22043237751691386,
      "f1_micro": 0.2986111111111111,
      "f1_weighted": 0.2662237879854608,
      "confusion_matrix": [
        [
          188,
          81,
          4,
          164,
          53
        ],
        [
          199,
          289,
          41,
          565,
          96
        ],
        [
          154,
          138,
          15,
          375,
          64
        ],
        [
          332,
          353,
          31,
          1105,
          201
        ],
        [
          294,
          248,
          36,
          611,
          123
        ]
      ]
    }
  },
  "run_timestamp": "20251208_141456_132269",
  "params_hash": "471996c326a5c3fd77f0e7d83a187031bc798263ff7e596452fe71fe177c5e79"
}