{
  "best_epoch": 0,
  "best_val_loss": null,
  "total_seconds": 11.134291989001213,
  "epochs": [],
  "train_metrics": {
    "classification": {
      "labels": [
        0,
        1,
        2,
        3,
        4,
        5,
        6,
        7,
        8
      ],
      "accuracy": 0.1911595646842428,
      "balanced_accuracy": 0.23431598735501508,
      "precision_macro": 0.19304046799634905,
      "precision_micro": 0.1911595646842428,
      "precision_weighted": 0.2281619551303516,
      "recall_macro": 0.23431598735501508,
      "recall_micro": 0.1911595646842428,
      "recall_weighted": 0.1911595646842428,
      "f1_macro": 0.17406669338599945,
      "f1_micro": 0.1911595646842428,
      "f1_weighted": 0.18453359881793752,
      "confusion_matrix": [
        [
          5422,
          863,
          287,
          719,
          557,
          1085,
          222,
          277,
          1779
        ],
        [
          3397,
          1766,
          610,
          1372,
          527,
          1657,
          657,
          819,
          1887
        ],
        [
          3792,
          2411,
          1554,
          3415,
          1953,
          4435,
          1815,
          2096,
          4069
        ],
        [
          3074,
          2217,
          1030,
          5839,
          2321,
          5283,
          1628,
          1278,
          3423
        ],
        [
          6229,
          1901,
          1096,
          3961,
          3988,
          5713,
          1606,
          1420,
          6123
        ],
        [
          5128,
          2193,
          1400,
          5757,
          3107,
          12044,
          2934,
          2789,
          5998
        ],
        [
          6598,
          2274,
          1191,
          4121,
          2991,
          6473,
          3910,
          3252,
          7886
        ],
        [
          2289,
          1083,
          342,
          1039,
          734,
          2944,
          1171,
          1943,
          3398
        ],
        [
          840,
          283,
          74,
          332,
          218,
          486,
          193,
          338,
          3442
        ]
      ]
    }
  },
  "test_metrics": {
    "classification": {
      "labels": [
        0,
        1,
        2,
        3,
        4,
        5,
        6,
        7,
        8
      ],
      "accuracy": 0.1902494635193133,
      "balanced_accuracy": 0.23261050167287245,
      "precision_macro": 0.19370097090608418,
      "precision_micro": 0.1902494635193133,
      "precision_weighted": 0.22901076312391025,
      "recall_macro": 0.23261050167287245,
      "recall_micro": 0.1902494635193133,
      "recall_weighted": 0.1902494635193133,
      "f1_macro": 0.17351049199704185,
      "f1_micro": 0.1902494635193133,
      "f1_weighted": 0.18383907534652613,
      "confusion_matrix": [
        [
          2309,
          381,
          98,
          323,
          264,
          504,
          94,
          120,
          773
        ],
        [
          1389,
          772,
          264,
          660,
          254,
          668,
          278,
          298,
          899
        ],
        [
          1661,
          1067,
          671,
          1441,
          770,
          1988,
          718,
          927,
          1798
        ],
        [
          1380,
          967,
          457,
          2487,
          970,
          2289,
          694,
          548,
          1395
        ],
        [
          2515,
          849,
          449,
          1700,
          1724,
          2400,
          703,
          584,
          2707
        ],
        [
          2147,
          945,
          611,
          2405,
          1296,
          5074,
          1221,
          1142,
          2525
        ],
        [
          2927,
          993,
          508,
          1816,
          1288,
          2823,
          1720,
          1364,
          3319
        ],
        [
          1008,
          459,
          140,
          489,
          332,
          1298,
          468,
          812,
          1487
        ],
        [
          382,
          109,
          37,
          139,
          72,
          218,
          95,
          143,
          1453
        ]
      ]
    }
  },
  "run_timestamp": "20251226_202253_000492",
  "params_hash": "a8bbcf27e8c2a5b500b19795fca603b53479c2ddfbfe51af5b0d6f857b127a37"
}