{
  "best_epoch": 0,
  "best_val_loss": null,
  "total_seconds": 2.0259591200156137,
  "epochs": [],
  "train_metrics": {
    "classification": {
      "labels": [
        0,
        1,
        2,
        3,
        4
      ],
      "accuracy": 0.3047449800735745,
      "balanced_accuracy": 0.28182255940383544,
      "precision_macro": 0.2756918915128573,
      "precision_micro": 0.3047449800735745,
      "precision_weighted": 0.314179289970635,
      "recall_macro": 0.28182255940383544,
      "recall_micro": 0.3047449800735745,
      "recall_weighted": 0.3047449800735745,
      "f1_macro": 0.26150635456676874,
      "f1_micro": 0.3047449800735745,
      "f1_weighted": 0.29811297276227916,
      "confusion_matrix": [
        [
          7048,
          2505,
          1391,
          4268,
          2648
        ],
        [
          8784,
          7019,
          3160,
          17029,
          7321
        ],
        [
          5738,
          3088,
          3929,
          10800,
          3722
        ],
        [
          13872,
          6680,
          6201,
          34461,
          11531
        ],
        [
          10287,
          4678,
          3392,
          18052,
          11164
        ]
      ]
    }
  },
  "test_metrics": {
    "classification": {
      "labels": [
        0,
        1,
        2,
        3,
        4
      ],
      "accuracy": 0.30026153433476394,
      "balanced_accuracy": 0.27645518227014054,
      "precision_macro": 0.27163897569202616,
      "precision_micro": 0.30026153433476394,
      "precision_weighted": 0.30921096331094694,
      "recall_macro": 0.27645518227014054,
      "recall_micro": 0.30026153433476394,
      "recall_weighted": 0.30026153433476394,
      "f1_macro": 0.25752049826487894,
      "f1_micro": 0.30026153433476394,
      "f1_weighted": 0.2934761149902362,
      "confusion_matrix": [
        [
          2931,
          1242,
          579,
          1806,
          1212
        ],
        [
          3789,
          3026,
          1406,
          7424,
          3020
        ],
        [
          2438,
          1275,
          1634,
          4699,
          1588
        ],
        [
          5832,
          2869,
          2537,
          14525,
          4944
        ],
        [
          4516,
          2024,
          1563,
          7844,
          4749
        ]
      ]
    }
  },
  "run_timestamp": "20251226_200037_291787",
  "params_hash": "a9ad5a0ad13d072318326b2f6bd71ae08cedd2ef46c851a64fdafbc14b08b9cf"
}