{
  "best_epoch": 0,
  "best_val_loss": null,
  "total_seconds": 1.5532074039801955,
  "epochs": [],
  "train_metrics": {
    "classification": {
      "labels": [
        0,
        1,
        2,
        3,
        4
      ],
      "accuracy": 0.31576678418148374,
      "balanced_accuracy": 0.28983263958412625,
      "precision_macro": 0.2784379589039268,
      "precision_micro": 0.31576678418148374,
      "precision_weighted": 0.3158986610467677,
      "recall_macro": 0.28983263958412625,
      "recall_micro": 0.31576678418148374,
      "recall_weighted": 0.31576678418148374,
      "f1_macro": 0.2548306581130369,
      "f1_micro": 0.31576678418148374,
      "f1_weighted": 0.2964699143264791,
      "confusion_matrix": [
        [
          8433,
          1527,
          477,
          4298,
          3125
        ],
        [
          8727,
          5339,
          1717,
          19203,
          8327
        ],
        [
          6047,
          2813,
          1801,
          11875,
          4741
        ],
        [
          14330,
          6438,
          2741,
          37210,
          12026
        ],
        [
          11917,
          3570,
          1463,
          17484,
          13139
        ]
      ]
    }
  },
  "test_metrics": {
    "classification": {
      "labels": [
        0,
        1,
        2,
        3,
        4
      ],
      "accuracy": 0.3118182224606581,
      "balanced_accuracy": 0.28564204297347096,
      "precision_macro": 0.2760535052768159,
      "precision_micro": 0.3118182224606581,
      "precision_weighted": 0.3121268208677036,
      "recall_macro": 0.28564204297347096,
      "recall_micro": 0.3118182224606581,
      "recall_weighted": 0.3118182224606581,
      "f1_macro": 0.2523887161460733,
      "f1_micro": 0.3118182224606581,
      "f1_weighted": 0.2928427010363715,
      "confusion_matrix": [
        [
          3546,
          693,
          204,
          1973,
          1354
        ],
        [
          3867,
          2271,
          685,
          8291,
          3551
        ],
        [
          2505,
          1256,
          784,
          4993,
          2096
        ],
        [
          6049,
          2750,
          1222,
          15636,
          5050
        ],
        [
          5221,
          1575,
          650,
          7588,
          5662
        ]
      ]
    }
  },
  "run_timestamp": "20251226_195815_595367",
  "params_hash": "53d4e9932b63bdc198798b472c2003dccfb73f31765d97858193f1039b06481d"
}