{
  "best_epoch": 0,
  "best_val_loss": null,
  "total_seconds": 11.140540527005214,
  "epochs": [],
  "train_metrics": {
    "classification": {
      "labels": [
        0,
        1,
        2,
        3,
        4,
        5,
        6,
        7,
        8
      ],
      "accuracy": 0.18806043071735132,
      "balanced_accuracy": 0.22138723922749948,
      "precision_macro": 0.1926200961326895,
      "precision_micro": 0.18806043071735132,
      "precision_weighted": 0.21674152044748146,
      "recall_macro": 0.22138723922749948,
      "recall_micro": 0.18806043071735132,
      "recall_weighted": 0.18806043071735132,
      "f1_macro": 0.1837017311722605,
      "f1_micro": 0.18806043071735132,
      "f1_weighted": 0.18700490613664142,
      "confusion_matrix": [
        [
          3268,
          1307,
          494,
          912,
          688,
          827,
          633,
          583,
          1847
        ],
        [
          1832,
          3631,
          1081,
          985,
          703,
          1057,
          2230,
          1184,
          1664
        ],
        [
          2851,
          2932,
          2419,
          2453,
          1941,
          2824,
          3165,
          1809,
          2900
        ],
        [
          3031,
          2889,
          1941,
          4080,
          2852,
          3917,
          3006,
          2241,
          4802
        ],
        [
          5015,
          3368,
          2259,
          3047,
          4623,
          3993,
          3569,
          3302,
          6959
        ],
        [
          2781,
          2865,
          1310,
          2129,
          1624,
          4542,
          2597,
          1299,
          3754
        ],
        [
          4171,
          4062,
          2351,
          3208,
          3085,
          4206,
          8450,
          4375,
          6551
        ],
        [
          2325,
          2426,
          1342,
          1836,
          1831,
          2031,
          3214,
          3669,
          4265
        ],
        [
          565,
          516,
          209,
          548,
          845,
          425,
          733,
          935,
          4579
        ]
      ]
    }
  },
  "test_metrics": {
    "classification": {
      "labels": [
        0,
        1,
        2,
        3,
        4,
        5,
        6,
        7,
        8
      ],
      "accuracy": 0.18723175965665237,
      "balanced_accuracy": 0.22093601259228787,
      "precision_macro": 0.19190145659687505,
      "precision_micro": 0.18723175965665237,
      "precision_weighted": 0.21569730808549517,
      "recall_macro": 0.22093601259228787,
      "recall_micro": 0.18723175965665237,
      "recall_weighted": 0.18723175965665237,
      "f1_macro": 0.1828003353946413,
      "f1_micro": 0.18723175965665237,
      "f1_weighted": 0.18610478921239465,
      "confusion_matrix": [
        [
          1406,
          587,
          215,
          409,
          343,
          361,
          209,
          274,
          782
        ],
        [
          773,
          1566,
          455,
          464,
          347,
          491,
          978,
          519,
          777
        ],
        [
          1220,
          1239,
          1043,
          1130,
          842,
          1284,
          1276,
          744,
          1247
        ],
        [
          1328,
          1187,
          800,
          1648,
          1182,
          1731,
          1213,
          931,
          1996
        ],
        [
          2222,
          1400,
          968,
          1243,
          1989,
          1730,
          1467,
          1360,
          2979
        ],
        [
          1190,
          1282,
          552,
          957,
          676,
          1944,
          1176,
          586,
          1589
        ],
        [
          1771,
          1719,
          948,
          1449,
          1366,
          1763,
          3619,
          1814,
          2876
        ],
        [
          983,
          1055,
          574,
          796,
          784,
          895,
          1423,
          1559,
          1845
        ],
        [
          231,
          196,
          88,
          248,
          281,
          186,
          300,
          418,
          1978
        ]
      ]
    }
  },
  "run_timestamp": "20251226_202230_853849",
  "params_hash": "3a2b567a413e82d991658624e572f68796a0b9d8ea82b5e86d46d5d84e1e4aee"
}