{
  "best_epoch": 0,
  "best_val_loss": null,
  "total_seconds": 0.0449111619964242,
  "epochs": [],
  "train_metrics": {
    "classification": {
      "labels": [
        0,
        1,
        2,
        3,
        4
      ],
      "accuracy": 0.3101190476190476,
      "balanced_accuracy": 0.27439663764637334,
      "precision_macro": 0.2713868794828387,
      "precision_micro": 0.3101190476190476,
      "precision_weighted": 0.30287058353964735,
      "recall_macro": 0.27439663764637334,
      "recall_micro": 0.3101190476190476,
      "recall_weighted": 0.3101190476190476,
      "f1_macro": 0.2499092870029287,
      "f1_micro": 0.3101190476190476,
      "f1_weighted": 0.28485794776960155,
      "confusion_matrix": [
        [
          410,
          33,
          89,
          370,
          258
        ],
        [
          410,
          188,
          188,
          1352,
          662
        ],
        [
          318,
          55,
          255,
          812,
          319
        ],
        [
          629,
          213,
          444,
          2472,
          880
        ],
        [
          489,
          162,
          213,
          1376,
          843
        ]
      ]
    }
  },
  "test_metrics": {
    "classification": {
      "labels": [
        0,
        1,
        2,
        3,
        4
      ],
      "accuracy": 0.3104166666666667,
      "balanced_accuracy": 0.2722809893184909,
      "precision_macro": 0.27388817139667254,
      "precision_micro": 0.3104166666666667,
      "precision_weighted": 0.30842631007007515,
      "recall_macro": 0.2722809893184909,
      "recall_micro": 0.3104166666666667,
      "recall_weighted": 0.3104166666666667,
      "f1_macro": 0.2484725116423819,
      "f1_micro": 0.3104166666666667,
      "f1_weighted": 0.2865632396680752,
      "confusion_matrix": [
        [
          170,
          14,
          33,
          160,
          113
        ],
        [
          160,
          84,
          76,
          599,
          271
        ],
        [
          138,
          32,
          100,
          339,
          137
        ],
        [
          283,
          84,
          189,
          1058,
          408
        ],
        [
          223,
          52,
          97,
          564,
          376
        ]
      ]
    }
  },
  "run_timestamp": "20251208_141657_154773",
  "params_hash": "a768e3d80db8275a12f4d5a819d346982caad4dc48a5c43278b1e8d6fac9509b"
}