{
  "best_epoch": 0,
  "best_val_loss": null,
  "total_seconds": 9.089386719017057,
  "epochs": [],
  "train_metrics": {
    "classification": {
      "labels": [
        0,
        1,
        2,
        3,
        4
      ],
      "accuracy": 0.2986377222562845,
      "balanced_accuracy": 0.30305158190179243,
      "precision_macro": 0.2918618511631434,
      "precision_micro": 0.2986377222562845,
      "precision_weighted": 0.3188396427508738,
      "recall_macro": 0.30305158190179243,
      "recall_micro": 0.2986377222562845,
      "recall_weighted": 0.2986377222562845,
      "f1_macro": 0.28722872882271033,
      "f1_micro": 0.2986377222562845,
      "f1_weighted": 0.3033206561051489,
      "confusion_matrix": [
        [
          7072,
          3210,
          1453,
          2866,
          3645
        ],
        [
          7790,
          11436,
          5437,
          7980,
          8783
        ],
        [
          6423,
          5343,
          7478,
          7448,
          6909
        ],
        [
          10346,
          9797,
          7084,
          16926,
          12541
        ],
        [
          11232,
          9021,
          6739,
          12375,
          19434
        ]
      ]
    }
  },
  "test_metrics": {
    "classification": {
      "labels": [
        0,
        1,
        2,
        3,
        4
      ],
      "accuracy": 0.297243830472103,
      "balanced_accuracy": 0.30013448962633876,
      "precision_macro": 0.2899172788458317,
      "precision_micro": 0.297243830472103,
      "precision_weighted": 0.316633620458175,
      "recall_macro": 0.30013448962633876,
      "recall_micro": 0.297243830472103,
      "recall_weighted": 0.297243830472103,
      "f1_macro": 0.28548188530320023,
      "f1_micro": 0.297243830472103,
      "f1_weighted": 0.30173244929309295,
      "confusion_matrix": [
        [
          3075,
          1398,
          679,
          1260,
          1671
        ],
        [
          3360,
          4882,
          2293,
          3419,
          3802
        ],
        [
          2755,
          2341,
          3066,
          3112,
          2890
        ],
        [
          4433,
          4189,
          3019,
          7215,
          5301
        ],
        [
          4800,
          3916,
          2842,
          5397,
          8357
        ]
      ]
    }
  },
  "run_timestamp": "20251226_202120_762455",
  "params_hash": "036bd13562bb4e44122c33b882de80038c9aba16f69e4d0a3a5b5e6a7018df1a"
}