{
  "best_epoch": 0,
  "best_val_loss": null,
  "total_seconds": 8.570277799008181,
  "epochs": [],
  "train_metrics": {
    "classification": {
      "labels": [
        0,
        1,
        2,
        3,
        4,
        5,
        6,
        7,
        8
      ],
      "accuracy": 0.1881706008583691,
      "balanced_accuracy": 0.2127942533805227,
      "precision_macro": 0.18916353771348302,
      "precision_micro": 0.1881706008583691,
      "precision_weighted": 0.21606272323935982,
      "recall_macro": 0.2127942533805227,
      "recall_micro": 0.1881706008583691,
      "recall_weighted": 0.1881706008583691,
      "f1_macro": 0.17567394237952433,
      "f1_micro": 0.1881706008583691,
      "f1_weighted": 0.18604031776359387,
      "confusion_matrix": [
        [
          3069,
          1057,
          454,
          1016,
          742,
          649,
          869,
          458,
          2245
        ],
        [
          2510,
          2641,
          793,
          1488,
          684,
          678,
          2277,
          916,
          2380
        ],
        [
          2984,
          1941,
          1693,
          3305,
          1380,
          2367,
          4226,
          1288,
          4110
        ],
        [
          2955,
          2355,
          1229,
          5501,
          2685,
          3520,
          3471,
          1657,
          5386
        ],
        [
          5095,
          3037,
          1432,
          4038,
          4785,
          3673,
          4786,
          1850,
          7439
        ],
        [
          2369,
          2128,
          937,
          2911,
          1617,
          4315,
          3280,
          1224,
          4120
        ],
        [
          4279,
          3115,
          1997,
          4040,
          3189,
          3979,
          10538,
          2438,
          6884
        ],
        [
          2747,
          1738,
          989,
          1904,
          1691,
          1467,
          4856,
          1979,
          5568
        ],
        [
          805,
          311,
          207,
          711,
          714,
          546,
          764,
          534,
          4763
        ]
      ]
    }
  },
  "test_metrics": {
    "classification": {
      "labels": [
        0,
        1,
        2,
        3,
        4,
        5,
        6,
        7,
        8
      ],
      "accuracy": 0.186516452074392,
      "balanced_accuracy": 0.21221353925296776,
      "precision_macro": 0.18787418057615582,
      "precision_micro": 0.186516452074392,
      "precision_weighted": 0.21342865072970957,
      "recall_macro": 0.21221353925296776,
      "recall_micro": 0.186516452074392,
      "recall_weighted": 0.186516452074392,
      "f1_macro": 0.17434483966579517,
      "f1_micro": 0.186516452074392,
      "f1_weighted": 0.18391761328057443,
      "confusion_matrix": [
        [
          1339,
          434,
          164,
          478,
          326,
          300,
          367,
          186,
          992
        ],
        [
          1054,
          1149,
          326,
          627,
          318,
          356,
          1060,
          406,
          1074
        ],
        [
          1274,
          839,
          761,
          1456,
          620,
          980,
          1731,
          570,
          1794
        ],
        [
          1334,
          962,
          541,
          2227,
          1073,
          1538,
          1456,
          651,
          2234
        ],
        [
          2222,
          1247,
          597,
          1734,
          1976,
          1611,
          2029,
          754,
          3188
        ],
        [
          1034,
          927,
          405,
          1240,
          737,
          1815,
          1499,
          543,
          1752
        ],
        [
          1845,
          1324,
          855,
          1662,
          1373,
          1718,
          4543,
          1069,
          2936
        ],
        [
          1187,
          799,
          416,
          816,
          778,
          659,
          2124,
          845,
          2290
        ],
        [
          308,
          134,
          70,
          311,
          290,
          252,
          311,
          217,
          2033
        ]
      ]
    }
  },
  "run_timestamp": "20251226_200306_609214",
  "params_hash": "acb35b2a1f6dc52911c6365e92c1adb24c159d620c2081cbd692a019f695ecae"
}