{
  "best_epoch": 0,
  "best_val_loss": null,
  "total_seconds": 28.473470395983895,
  "epochs": [],
  "train_metrics": {
    "classification": {
      "labels": [
        0,
        1,
        2,
        3,
        4
      ],
      "accuracy": 0.3503937385039853,
      "balanced_accuracy": 0.35046298586927555,
      "precision_macro": 0.33698325020319797,
      "precision_micro": 0.3503937385039853,
      "precision_weighted": 0.3663156124520357,
      "recall_macro": 0.35046298586927555,
      "recall_micro": 0.3503937385039853,
      "recall_weighted": 0.3503937385039853,
      "f1_macro": 0.33596390057411146,
      "f1_micro": 0.3503937385039853,
      "f1_weighted": 0.35400168500111395,
      "confusion_matrix": [
        [
          7412,
          3296,
          1776,
          2126,
          3636
        ],
        [
          6534,
          14580,
          5565,
          6933,
          7814
        ],
        [
          5150,
          5867,
          8822,
          6742,
          7020
        ],
        [
          8126,
          9105,
          7554,
          18321,
          13588
        ],
        [
          9009,
          7596,
          7233,
          10947,
          24016
        ]
      ]
    }
  },
  "test_metrics": {
    "classification": {
      "labels": [
        0,
        1,
        2,
        3,
        4
      ],
      "accuracy": 0.3499754113018598,
      "balanced_accuracy": 0.3489805749573524,
      "precision_macro": 0.33625626452385465,
      "precision_micro": 0.3499754113018598,
      "precision_weighted": 0.3644958226896139,
      "recall_macro": 0.3489805749573524,
      "recall_micro": 0.3499754113018598,
      "recall_weighted": 0.3499754113018598,
      "f1_macro": 0.3355970964209104,
      "f1_micro": 0.3499754113018598,
      "f1_weighted": 0.3532245136418989,
      "confusion_matrix": [
        [
          3250,
          1465,
          778,
          941,
          1649
        ],
        [
          2746,
          6269,
          2342,
          2991,
          3408
        ],
        [
          2203,
          2481,
          3665,
          2801,
          3014
        ],
        [
          3439,
          3882,
          3229,
          7827,
          5780
        ],
        [
          3841,
          3233,
          3044,
          4892,
          10302
        ]
      ]
    }
  },
  "run_timestamp": "20251227_012348_111370",
  "params_hash": "e80d5de4ae530a546734d5f1afac5b08c63766141c7511f88f943db5c9b3aea5"
}