{
  "best_epoch": 0,
  "best_val_loss": null,
  "total_seconds": 3.0319746610184666,
  "epochs": [],
  "train_metrics": {
    "classification": {
      "labels": [
        0,
        1,
        2,
        3,
        4
      ],
      "accuracy": 0.2889283798283262,
      "balanced_accuracy": 0.27533386984316194,
      "precision_macro": 0.27124017374929926,
      "precision_micro": 0.2889283798283262,
      "precision_weighted": 0.29806545743551915,
      "recall_macro": 0.27533386984316194,
      "recall_micro": 0.2889283798283262,
      "recall_weighted": 0.2889283798283262,
      "f1_macro": 0.27052436275321556,
      "f1_micro": 0.2889283798283262,
      "f1_weighted": 0.29192155781902707,
      "confusion_matrix": [
        [
          4448,
          2991,
          2584,
          3285,
          4938
        ],
        [
          4995,
          10071,
          6687,
          9040,
          10633
        ],
        [
          4318,
          5399,
          7834,
          7542,
          8508
        ],
        [
          7648,
          8816,
          8527,
          17348,
          14355
        ],
        [
          8299,
          8439,
          8273,
          13172,
          20618
        ]
      ]
    }
  },
  "test_metrics": {
    "classification": {
      "labels": [
        0,
        1,
        2,
        3,
        4
      ],
      "accuracy": 0.2887607296137339,
      "balanced_accuracy": 0.2738593850617275,
      "precision_macro": 0.27068988186036214,
      "precision_micro": 0.2887607296137339,
      "precision_weighted": 0.2980024588948507,
      "recall_macro": 0.2738593850617275,
      "recall_micro": 0.2887607296137339,
      "recall_weighted": 0.2887607296137339,
      "f1_macro": 0.26970234969596546,
      "f1_micro": 0.2887607296137339,
      "f1_weighted": 0.29186144140854575,
      "confusion_matrix": [
        [
          1913,
          1265,
          1181,
          1548,
          2176
        ],
        [
          2180,
          4275,
          2962,
          3872,
          4467
        ],
        [
          1899,
          2238,
          3266,
          3189,
          3572
        ],
        [
          3293,
          3708,
          3645,
          7452,
          6059
        ],
        [
          3609,
          3563,
          3526,
          5684,
          8930
        ]
      ]
    }
  },
  "run_timestamp": "20251226_200149_236144",
  "params_hash": "5b0f3a75122dae3c682da0bc604baabe032359bb2aa60980d9e2b068fa0a1c27"
}