{
  "best_epoch": 0,
  "best_val_loss": null,
  "total_seconds": 0.02144589500676375,
  "epochs": [],
  "train_metrics": {
    "classification": {
      "labels": [
        0,
        1,
        2,
        3,
        4,
        5,
        6,
        7,
        8
      ],
      "accuracy": 0.1675595238095238,
      "balanced_accuracy": 0.16267158389326797,
      "precision_macro": 0.13906360015692054,
      "precision_micro": 0.1675595238095238,
      "precision_weighted": 0.17026694337211715,
      "recall_macro": 0.16267158389326797,
      "recall_micro": 0.1675595238095238,
      "recall_weighted": 0.1675595238095238,
      "f1_macro": 0.11656492499567309,
      "f1_micro": 0.1675595238095238,
      "f1_weighted": 0.12950611906558154,
      "confusion_matrix": [
        [
          337,
          60,
          91,
          12,
          8,
          178,
          2,
          47,
          0
        ],
        [
          208,
          115,
          121,
          29,
          18,
          257,
          5,
          76,
          0
        ],
        [
          402,
          159,
          272,
          73,
          21,
          496,
          13,
          217,
          0
        ],
        [
          322,
          151,
          204,
          131,
          36,
          634,
          21,
          178,
          0
        ],
        [
          547,
          182,
          224,
          131,
          36,
          693,
          19,
          200,
          0
        ],
        [
          492,
          158,
          301,
          120,
          74,
          1190,
          33,
          275,
          0
        ],
        [
          552,
          195,
          341,
          113,
          53,
          946,
          28,
          248,
          0
        ],
        [
          185,
          70,
          157,
          21,
          17,
          390,
          4,
          143,
          0
        ],
        [
          83,
          25,
          73,
          25,
          12,
          149,
          5,
          36,
          0
        ]
      ]
    }
  },
  "test_metrics": {
    "classification": {
      "labels": [
        0,
        1,
        2,
        3,
        4,
        5,
        6,
        7,
        8
      ],
      "accuracy": 0.16614583333333333,
      "balanced_accuracy": 0.16348257462885785,
      "precision_macro": 0.13647297548739631,
      "precision_micro": 0.16614583333333333,
      "precision_weighted": 0.16698543466774549,
      "recall_macro": 0.16348257462885785,
      "recall_micro": 0.16614583333333333,
      "recall_weighted": 0.16614583333333333,
      "f1_macro": 0.11721518997811543,
      "f1_micro": 0.16614583333333333,
      "f1_weighted": 0.13083683995539142,
      "confusion_matrix": [
        [
          134,
          23,
          44,
          4,
          8,
          59,
          1,
          27,
          0
        ],
        [
          82,
          41,
          60,
          14,
          18,
          92,
          1,
          33,
          0
        ],
        [
          157,
          67,
          114,
          25,
          11,
          232,
          7,
          89,
          0
        ],
        [
          142,
          68,
          91,
          66,
          13,
          263,
          10,
          70,
          0
        ],
        [
          270,
          88,
          99,
          46,
          20,
          294,
          5,
          86,
          0
        ],
        [
          198,
          79,
          130,
          47,
          30,
          503,
          19,
          131,
          0
        ],
        [
          276,
          85,
          151,
          44,
          27,
          386,
          9,
          116,
          0
        ],
        [
          74,
          24,
          61,
          11,
          9,
          141,
          3,
          70,
          0
        ],
        [
          29,
          18,
          25,
          11,
          7,
          52,
          3,
          17,
          0
        ]
      ]
    }
  },
  "run_timestamp": "20251208_103154_611662",
  "params_hash": "78087ddcfea164fc21ad1b1f0c6fbb790467992770ff6453f50eaf2f641fea39"
}