{
  "best_epoch": 0,
  "best_val_loss": null,
  "total_seconds": 1.6818859560007695,
  "epochs": [],
  "train_metrics": {
    "classification": {
      "labels": [
        0,
        1,
        2,
        3,
        4
      ],
      "accuracy": 0.30544911097486205,
      "balanced_accuracy": 0.2788300439269385,
      "precision_macro": 0.27293557093695414,
      "precision_micro": 0.30544911097486205,
      "precision_weighted": 0.3119373260384609,
      "recall_macro": 0.2788300439269385,
      "recall_micro": 0.30544911097486205,
      "recall_weighted": 0.30544911097486205,
      "f1_macro": 0.26016120004182275,
      "f1_micro": 0.30544911097486205,
      "f1_weighted": 0.2983368823197713,
      "confusion_matrix": [
        [
          6793,
          2772,
          1290,
          4511,
          2494
        ],
        [
          8027,
          8375,
          2970,
          16924,
          7017
        ],
        [
          5809,
          3357,
          3348,
          11632,
          3131
        ],
        [
          13210,
          7744,
          5605,
          34853,
          11333
        ],
        [
          9994,
          5654,
          3341,
          18185,
          10399
        ]
      ]
    }
  },
  "test_metrics": {
    "classification": {
      "labels": [
        0,
        1,
        2,
        3,
        4
      ],
      "accuracy": 0.30001564735336195,
      "balanced_accuracy": 0.27413181234554396,
      "precision_macro": 0.26949842372397714,
      "precision_micro": 0.30001564735336195,
      "precision_weighted": 0.3068480901778767,
      "recall_macro": 0.27413181234554396,
      "recall_micro": 0.30001564735336195,
      "recall_weighted": 0.30001564735336195,
      "f1_macro": 0.25647394746236146,
      "f1_micro": 0.30001564735336195,
      "f1_weighted": 0.2930084359870267,
      "confusion_matrix": [
        [
          2861,
          1273,
          530,
          1988,
          1118
        ],
        [
          3409,
          3699,
          1281,
          7361,
          2915
        ],
        [
          2465,
          1410,
          1412,
          4967,
          1380
        ],
        [
          5618,
          3348,
          2374,
          14532,
          4835
        ],
        [
          4483,
          2452,
          1481,
          7941,
          4339
        ]
      ]
    }
  },
  "run_timestamp": "20251226_201617_030224",
  "params_hash": "a4b78e3aab462e0910e570c216a0fad933054fae656afa6b66817b08d9f62ff6"
}