{
  "best_epoch": 0,
  "best_val_loss": null,
  "total_seconds": 0.017227058997377753,
  "epochs": [],
  "train_metrics": {
    "classification": {
      "labels": [
        0,
        1,
        2,
        3,
        4
      ],
      "accuracy": 0.26986607142857144,
      "balanced_accuracy": 0.24361442568396105,
      "precision_macro": 0.24080737583481743,
      "precision_micro": 0.26986607142857144,
      "precision_weighted": 0.2659836164391494,
      "recall_macro": 0.24361442568396105,
      "recall_micro": 0.26986607142857144,
      "recall_weighted": 0.26986607142857144,
      "f1_macro": 0.23288763659220107,
      "f1_micro": 0.26986607142857144,
      "f1_weighted": 0.2604787460265005,
      "confusion_matrix": [
        [
          221,
          264,
          50,
          308,
          362
        ],
        [
          329,
          892,
          113,
          583,
          742
        ],
        [
          246,
          521,
          121,
          560,
          690
        ],
        [
          445,
          911,
          134,
          1086,
          1078
        ],
        [
          439,
          889,
          219,
          930,
          1307
        ]
      ]
    }
  },
  "test_metrics": {
    "classification": {
      "labels": [
        0,
        1,
        2,
        3,
        4
      ],
      "accuracy": 0.2682291666666667,
      "balanced_accuracy": 0.24346317739063456,
      "precision_macro": 0.24366894502143327,
      "precision_micro": 0.2682291666666667,
      "precision_weighted": 0.2684180919889952,
      "recall_macro": 0.24346317739063456,
      "recall_micro": 0.2682291666666667,
      "recall_weighted": 0.2682291666666667,
      "f1_macro": 0.2340063400142661,
      "f1_micro": 0.2682291666666667,
      "f1_weighted": 0.26081153711196914,
      "confusion_matrix": [
        [
          88,
          97,
          19,
          135,
          151
        ],
        [
          131,
          390,
          57,
          242,
          331
        ],
        [
          121,
          218,
          67,
          245,
          286
        ],
        [
          189,
          381,
          74,
          451,
          456
        ],
        [
          212,
          354,
          90,
          426,
          549
        ]
      ]
    }
  },
  "run_timestamp": "20251208_141556_009890",
  "params_hash": "022701907134ef29f2cd90e16fb27c6d16a11b0def584f5a26c8c1baad586b28"
}