{
  "best_epoch": 0,
  "best_val_loss": null,
  "total_seconds": 0.02170274400850758,
  "epochs": [],
  "train_metrics": {
    "classification": {
      "labels": [
        0,
        1,
        2,
        3,
        4
      ],
      "accuracy": 0.3087797619047619,
      "balanced_accuracy": 0.2536640652423393,
      "precision_macro": 0.25371743282775155,
      "precision_micro": 0.3087797619047619,
      "precision_weighted": 0.28990289142596437,
      "recall_macro": 0.2536640652423393,
      "recall_micro": 0.3087797619047619,
      "recall_weighted": 0.3087797619047619,
      "f1_macro": 0.24313234797403943,
      "f1_micro": 0.3087797619047619,
      "f1_weighted": 0.2909447529334397,
      "confusion_matrix": [
        [
          253,
          210,
          43,
          322,
          332
        ],
        [
          307,
          719,
          77,
          1241,
          456
        ],
        [
          197,
          307,
          70,
          774,
          411
        ],
        [
          445,
          743,
          134,
          2340,
          976
        ],
        [
          348,
          545,
          87,
          1335,
          768
        ]
      ]
    }
  },
  "test_metrics": {
    "classification": {
      "labels": [
        0,
        1,
        2,
        3,
        4
      ],
      "accuracy": 0.3055555555555556,
      "balanced_accuracy": 0.24978857385611067,
      "precision_macro": 0.2523305448694916,
      "precision_micro": 0.3055555555555556,
      "precision_weighted": 0.2905454964444021,
      "recall_macro": 0.24978857385611067,
      "recall_micro": 0.3055555555555556,
      "recall_weighted": 0.3055555555555556,
      "f1_macro": 0.24127291812887536,
      "f1_micro": 0.3055555555555556,
      "f1_weighted": 0.2904912944270351,
      "confusion_matrix": [
        [
          101,
          87,
          22,
          145,
          135
        ],
        [
          136,
          290,
          47,
          549,
          168
        ],
        [
          74,
          143,
          38,
          320,
          171
        ],
        [
          208,
          308,
          68,
          995,
          443
        ],
        [
          167,
          223,
          34,
          552,
          336
        ]
      ]
    }
  },
  "run_timestamp": "20251208_141502_670494",
  "params_hash": "1d234c7c232c9513d72c2180464ca90f1e8a362320881ba6f362c3c5a6de5a6c"
}