{
  "best_epoch": 0,
  "best_val_loss": null,
  "total_seconds": 0.05255704600131139,
  "epochs": [],
  "train_metrics": {
    "classification": {
      "labels": [
        0,
        1,
        2,
        3,
        4,
        5,
        6,
        7,
        8
      ],
      "accuracy": 0.17239583333333333,
      "balanced_accuracy": 0.1897675788191322,
      "precision_macro": 0.1616970034433764,
      "precision_micro": 0.17239583333333333,
      "precision_weighted": 0.18956595706963553,
      "recall_macro": 0.1897675788191322,
      "recall_micro": 0.17239583333333333,
      "recall_weighted": 0.17239583333333333,
      "f1_macro": 0.13514587756087437,
      "f1_micro": 0.17239583333333333,
      "f1_weighted": 0.1456847541934854,
      "confusion_matrix": [
        [
          338,
          42,
          10,
          13,
          36,
          122,
          21,
          53,
          100
        ],
        [
          212,
          102,
          30,
          22,
          40,
          219,
          30,
          71,
          103
        ],
        [
          335,
          120,
          50,
          51,
          100,
          521,
          74,
          140,
          262
        ],
        [
          345,
          117,
          35,
          59,
          118,
          531,
          76,
          143,
          253
        ],
        [
          422,
          90,
          70,
          52,
          207,
          545,
          72,
          198,
          376
        ],
        [
          374,
          129,
          44,
          59,
          172,
          1164,
          106,
          224,
          371
        ],
        [
          434,
          101,
          64,
          53,
          247,
          823,
          125,
          179,
          450
        ],
        [
          108,
          50,
          16,
          23,
          89,
          326,
          51,
          139,
          185
        ],
        [
          59,
          15,
          3,
          2,
          36,
          119,
          16,
          25,
          133
        ]
      ]
    }
  },
  "test_metrics": {
    "classification": {
      "labels": [
        0,
        1,
        2,
        3,
        4,
        5,
        6,
        7,
        8
      ],
      "accuracy": 0.16666666666666666,
      "balanced_accuracy": 0.177672857730702,
      "precision_macro": 0.1644801242752617,
      "precision_micro": 0.16666666666666666,
      "precision_weighted": 0.20117034702418357,
      "recall_macro": 0.177672857730702,
      "recall_micro": 0.16666666666666666,
      "recall_weighted": 0.16666666666666666,
      "f1_macro": 0.12963028730008125,
      "f1_micro": 0.16666666666666666,
      "f1_weighted": 0.1458991400784244,
      "confusion_matrix": [
        [
          125,
          14,
          6,
          9,
          15,
          54,
          6,
          25,
          46
        ],
        [
          87,
          39,
          14,
          12,
          27,
          90,
          15,
          24,
          33
        ],
        [
          141,
          46,
          29,
          15,
          46,
          228,
          18,
          85,
          94
        ],
        [
          152,
          42,
          27,
          28,
          51,
          227,
          28,
          55,
          113
        ],
        [
          200,
          41,
          19,
          22,
          110,
          241,
          33,
          75,
          167
        ],
        [
          145,
          66,
          27,
          29,
          68,
          488,
          49,
          100,
          165
        ],
        [
          220,
          49,
          28,
          22,
          83,
          369,
          54,
          56,
          213
        ],
        [
          37,
          20,
          9,
          8,
          35,
          144,
          19,
          41,
          80
        ],
        [
          32,
          8,
          2,
          0,
          6,
          49,
          8,
          11,
          46
        ]
      ]
    }
  },
  "run_timestamp": "20251208_104818_805982",
  "params_hash": "75901e3b658240a13067e28c7a1f8d8047bc8d19c5a6cdeeb6578a195d9ad522"
}