{
  "best_epoch": 0,
  "best_val_loss": null,
  "total_seconds": 6.035228121996624,
  "epochs": [],
  "train_metrics": {
    "classification": {
      "labels": [
        0,
        1,
        2,
        3,
        4,
        5,
        6,
        7,
        8
      ],
      "accuracy": 0.18185737277743716,
      "balanced_accuracy": 0.1985287683318222,
      "precision_macro": 0.18056285712743683,
      "precision_micro": 0.18185737277743716,
      "precision_weighted": 0.20908603584958776,
      "recall_macro": 0.1985287683318222,
      "recall_micro": 0.18185737277743716,
      "recall_weighted": 0.18185737277743716,
      "f1_macro": 0.16238175585099307,
      "f1_micro": 0.18185737277743716,
      "f1_weighted": 0.17715585019046826,
      "confusion_matrix": [
        [
          3208,
          692,
          380,
          1091,
          706,
          899,
          1191,
          407,
          1985
        ],
        [
          2929,
          1223,
          731,
          1424,
          647,
          887,
          3058,
          970,
          2498
        ],
        [
          3066,
          962,
          1484,
          3416,
          1155,
          2433,
          4852,
          1361,
          4565
        ],
        [
          3075,
          1318,
          1059,
          5699,
          2282,
          3779,
          4115,
          1343,
          6089
        ],
        [
          5655,
          1558,
          1364,
          4257,
          4097,
          3960,
          5296,
          1636,
          8312
        ],
        [
          2555,
          1515,
          797,
          3125,
          1293,
          4387,
          4059,
          923,
          4247
        ],
        [
          4545,
          1572,
          1803,
          4367,
          2575,
          4218,
          11909,
          2258,
          7212
        ],
        [
          3044,
          724,
          826,
          1993,
          1481,
          1819,
          5312,
          1585,
          6155
        ],
        [
          1013,
          246,
          141,
          820,
          504,
          786,
          909,
          562,
          4374
        ]
      ]
    }
  },
  "test_metrics": {
    "classification": {
      "labels": [
        0,
        1,
        2,
        3,
        4,
        5,
        6,
        7,
        8
      ],
      "accuracy": 0.18092811158798283,
      "balanced_accuracy": 0.19959902775270544,
      "precision_macro": 0.18074175943474866,
      "precision_micro": 0.18092811158798283,
      "precision_weighted": 0.20761544241946922,
      "recall_macro": 0.19959902775270544,
      "recall_micro": 0.18092811158798283,
      "recall_weighted": 0.18092811158798283,
      "f1_macro": 0.16219056752238528,
      "f1_micro": 0.18092811158798283,
      "f1_weighted": 0.175775335086849,
      "confusion_matrix": [
        [
          1432,
          283,
          163,
          513,
          322,
          389,
          479,
          151,
          854
        ],
        [
          1226,
          550,
          299,
          590,
          316,
          443,
          1367,
          408,
          1171
        ],
        [
          1297,
          404,
          674,
          1506,
          489,
          1025,
          2004,
          582,
          2044
        ],
        [
          1374,
          527,
          446,
          2320,
          969,
          1624,
          1735,
          536,
          2485
        ],
        [
          2531,
          633,
          566,
          1845,
          1686,
          1669,
          2238,
          645,
          3545
        ],
        [
          1093,
          692,
          369,
          1317,
          611,
          1854,
          1851,
          393,
          1772
        ],
        [
          1997,
          696,
          762,
          1828,
          1093,
          1820,
          5109,
          956,
          3064
        ],
        [
          1328,
          364,
          351,
          842,
          653,
          777,
          2256,
          691,
          2652
        ],
        [
          400,
          105,
          44,
          389,
          213,
          315,
          368,
          220,
          1872
        ]
      ]
    }
  },
  "run_timestamp": "20251226_200100_154456",
  "params_hash": "96e1b577e84da736ace29c07ef242f4fc3803081b98c3deae67707a49732012f"
}