{
  "best_epoch": 0,
  "best_val_loss": null,
  "total_seconds": 8.049992957996437,
  "epochs": [],
  "train_metrics": {
    "classification": {
      "labels": [
        0,
        1,
        2,
        3,
        4,
        5,
        6,
        7,
        8
      ],
      "accuracy": 0.1801138105456775,
      "balanced_accuracy": 0.21721696759326006,
      "precision_macro": 0.17791088852792022,
      "precision_micro": 0.1801138105456775,
      "precision_weighted": 0.21111100465150084,
      "recall_macro": 0.21721696759326006,
      "recall_micro": 0.1801138105456775,
      "recall_weighted": 0.1801138105456775,
      "f1_macro": 0.1642675737678371,
      "f1_micro": 0.1801138105456775,
      "f1_weighted": 0.17552418531563577,
      "confusion_matrix": [
        [
          5457,
          1054,
          601,
          568,
          555,
          985,
          283,
          167,
          1541
        ],
        [
          3469,
          2075,
          1047,
          1111,
          578,
          1459,
          733,
          659,
          1561
        ],
        [
          4374,
          2447,
          2618,
          2776,
          2183,
          4230,
          1902,
          1830,
          3180
        ],
        [
          3639,
          2505,
          2222,
          3644,
          2321,
          5470,
          1999,
          1209,
          3084
        ],
        [
          6830,
          2160,
          1847,
          2886,
          4026,
          6129,
          1630,
          1414,
          5115
        ],
        [
          5450,
          2510,
          2499,
          3835,
          3858,
          11880,
          3042,
          2219,
          6057
        ],
        [
          7616,
          3189,
          2222,
          3456,
          3106,
          6411,
          3702,
          2250,
          6744
        ],
        [
          2328,
          1420,
          728,
          943,
          939,
          2955,
          1336,
          1304,
          2990
        ],
        [
          1108,
          527,
          110,
          230,
          301,
          617,
          221,
          196,
          2896
        ]
      ]
    }
  },
  "test_metrics": {
    "classification": {
      "labels": [
        0,
        1,
        2,
        3,
        4,
        5,
        6,
        7,
        8
      ],
      "accuracy": 0.1791398426323319,
      "balanced_accuracy": 0.21466302566004525,
      "precision_macro": 0.1776635748381135,
      "precision_micro": 0.1791398426323319,
      "precision_weighted": 0.21111250690842964,
      "recall_macro": 0.21466302566004525,
      "recall_micro": 0.1791398426323319,
      "recall_weighted": 0.1791398426323319,
      "f1_macro": 0.16341741788910163,
      "f1_micro": 0.1791398426323319,
      "f1_weighted": 0.1748943079527571,
      "confusion_matrix": [
        [
          2342,
          437,
          265,
          238,
          234,
          446,
          120,
          82,
          702
        ],
        [
          1470,
          872,
          474,
          500,
          263,
          633,
          277,
          275,
          718
        ],
        [
          1917,
          1121,
          1091,
          1103,
          912,
          1907,
          813,
          815,
          1362
        ],
        [
          1622,
          1108,
          1007,
          1551,
          978,
          2317,
          821,
          519,
          1264
        ],
        [
          2709,
          905,
          790,
          1181,
          1817,
          2573,
          815,
          594,
          2247
        ],
        [
          2239,
          1122,
          1094,
          1613,
          1650,
          4993,
          1205,
          892,
          2558
        ],
        [
          3349,
          1448,
          948,
          1541,
          1319,
          2721,
          1608,
          939,
          2885
        ],
        [
          1047,
          555,
          350,
          396,
          408,
          1288,
          576,
          559,
          1314
        ],
        [
          487,
          224,
          61,
          104,
          114,
          291,
          76,
          96,
          1195
        ]
      ]
    }
  },
  "run_timestamp": "20251226_202024_821976",
  "params_hash": "85a1f30664e8127e59dd2eaf7ffdf094817a0f6985b4811a96d60b1402c10a88"
}