{
  "best_epoch": 0,
  "best_val_loss": null,
  "total_seconds": 0.025770527005079202,
  "epochs": [],
  "train_metrics": {
    "classification": {
      "labels": [
        0,
        1,
        2,
        3,
        4,
        5,
        6,
        7,
        8
      ],
      "accuracy": 0.1537202380952381,
      "balanced_accuracy": 0.15490943372550597,
      "precision_macro": 0.14370592266246013,
      "precision_micro": 0.1537202380952381,
      "precision_weighted": 0.1648142045873797,
      "recall_macro": 0.15490943372550597,
      "recall_micro": 0.1537202380952381,
      "recall_weighted": 0.1537202380952381,
      "f1_macro": 0.13187893881997198,
      "f1_micro": 0.1537202380952381,
      "f1_weighted": 0.14530697416313432,
      "confusion_matrix": [
        [
          25,
          151,
          15,
          39,
          179,
          93,
          69,
          39,
          97
        ],
        [
          19,
          257,
          55,
          75,
          175,
          101,
          116,
          39,
          102
        ],
        [
          33,
          293,
          74,
          105,
          230,
          307,
          171,
          73,
          212
        ],
        [
          81,
          270,
          83,
          115,
          276,
          357,
          250,
          119,
          273
        ],
        [
          58,
          354,
          55,
          151,
          584,
          399,
          253,
          81,
          378
        ],
        [
          34,
          205,
          75,
          96,
          222,
          418,
          173,
          61,
          193
        ],
        [
          60,
          509,
          99,
          183,
          414,
          474,
          339,
          126,
          384
        ],
        [
          37,
          245,
          53,
          114,
          258,
          252,
          149,
          109,
          252
        ],
        [
          13,
          33,
          23,
          59,
          148,
          131,
          62,
          11,
          145
        ]
      ]
    }
  },
  "test_metrics": {
    "classification": {
      "labels": [
        0,
        1,
        2,
        3,
        4,
        5,
        6,
        7,
        8
      ],
      "accuracy": 0.1451388888888889,
      "balanced_accuracy": 0.14385174726339192,
      "precision_macro": 0.1338966554816158,
      "precision_micro": 0.1451388888888889,
      "precision_weighted": 0.15926824031144118,
      "recall_macro": 0.14385174726339192,
      "recall_micro": 0.1451388888888889,
      "recall_weighted": 0.1451388888888889,
      "f1_macro": 0.12169493755884282,
      "f1_micro": 0.1451388888888889,
      "f1_weighted": 0.13806735573870504,
      "confusion_matrix": [
        [
          4,
          43,
          5,
          16,
          74,
          37,
          29,
          20,
          40
        ],
        [
          4,
          113,
          21,
          34,
          86,
          36,
          45,
          16,
          41
        ],
        [
          14,
          144,
          30,
          60,
          102,
          123,
          62,
          27,
          85
        ],
        [
          39,
          124,
          27,
          68,
          107,
          168,
          103,
          43,
          122
        ],
        [
          33,
          156,
          31,
          70,
          246,
          187,
          110,
          35,
          134
        ],
        [
          16,
          86,
          30,
          52,
          96,
          161,
          59,
          31,
          107
        ],
        [
          19,
          213,
          42,
          87,
          242,
          184,
          130,
          49,
          166
        ],
        [
          12,
          113,
          21,
          55,
          125,
          108,
          71,
          41,
          100
        ],
        [
          1,
          22,
          8,
          20,
          63,
          44,
          21,
          8,
          43
        ]
      ]
    }
  },
  "run_timestamp": "20251208_103345_870180",
  "params_hash": "eb8b7be68f15bcd85a9cfe9000f3e371f92fa02de02bfdd4d2e07136f1b4e4ef"
}