{
  "best_epoch": 0,
  "best_val_loss": null,
  "total_seconds": 0.5571554559865035,
  "epochs": [],
  "train_metrics": {
    "classification": {
      "labels": [
        0,
        1,
        2
      ],
      "accuracy": 0.4299892703862661,
      "balanced_accuracy": 0.4126131096051667,
      "precision_macro": 0.4083134942340319,
      "precision_micro": 0.4299892703862661,
      "precision_weighted": 0.4338783537223696,
      "recall_macro": 0.4126131096051667,
      "recall_micro": 0.4299892703862661,
      "recall_weighted": 0.4299892703862661,
      "f1_macro": 0.40964976202181397,
      "f1_micro": 0.4299892703862661,
      "f1_weighted": 0.4311970886198096,
      "confusion_matrix": [
        [
          12441,
          11111,
          13225
        ],
        [
          15046,
          36561,
          34952
        ],
        [
          13987,
          30679,
          40766
        ]
      ]
    }
  },
  "test_metrics": {
    "classification": {
      "labels": [
        0,
        1,
        2
      ],
      "accuracy": 0.42734039699570814,
      "balanced_accuracy": 0.409626236196649,
      "precision_macro": 0.4060429624035171,
      "precision_micro": 0.42734039699570814,
      "precision_weighted": 0.43043545570360653,
      "recall_macro": 0.409626236196649,
      "recall_micro": 0.42734039699570814,
      "recall_weighted": 0.42734039699570814,
      "f1_macro": 0.40725941104153424,
      "f1_micro": 0.42734039699570814,
      "f1_weighted": 0.42836342454958326,
      "confusion_matrix": [
        [
          5297,
          4849,
          5735
        ],
        [
          6288,
          15672,
          14971
        ],
        [
          5970,
          13424,
          17266
        ]
      ]
    }
  },
  "run_timestamp": "20251227_011504_452914",
  "params_hash": "f5c009e344a84c613ea588515fea9e8a50bb08f2518f9562edfe433c5333e057"
}