{
  "best_epoch": 0,
  "best_val_loss": null,
  "total_seconds": 2.9818855760095175,
  "epochs": [],
  "train_metrics": {
    "classification": {
      "labels": [
        0,
        1,
        2,
        3,
        4,
        5,
        6,
        7,
        8
      ],
      "accuracy": 0.187868830472103,
      "balanced_accuracy": 0.20682162009344024,
      "precision_macro": 0.18280449509679594,
      "precision_micro": 0.187868830472103,
      "precision_weighted": 0.2191924341515418,
      "recall_macro": 0.20682162009344024,
      "recall_micro": 0.187868830472103,
      "recall_weighted": 0.187868830472103,
      "f1_macro": 0.17030810950367645,
      "f1_micro": 0.187868830472103,
      "f1_weighted": 0.1882711558188584,
      "confusion_matrix": [
        [
          5326,
          1024,
          791,
          345,
          595,
          694,
          744,
          629,
          1063
        ],
        [
          3168,
          2038,
          1790,
          510,
          387,
          1300,
          1601,
          888,
          1010
        ],
        [
          4427,
          2848,
          4175,
          1718,
          1646,
          2912,
          3839,
          1704,
          2271
        ],
        [
          5267,
          2228,
          2797,
          2945,
          2052,
          3890,
          3609,
          1318,
          1987
        ],
        [
          6822,
          2556,
          2489,
          2430,
          3437,
          4880,
          4208,
          1471,
          3744
        ],
        [
          7925,
          3065,
          3110,
          3210,
          2079,
          8166,
          7661,
          2553,
          3581
        ],
        [
          8072,
          2393,
          2228,
          2176,
          2566,
          5370,
          10029,
          1996,
          3866
        ],
        [
          2275,
          1407,
          1170,
          872,
          881,
          2295,
          2933,
          1219,
          1891
        ],
        [
          1020,
          635,
          345,
          258,
          470,
          495,
          996,
          101,
          1886
        ]
      ]
    }
  },
  "test_metrics": {
    "classification": {
      "labels": [
        0,
        1,
        2,
        3,
        4,
        5,
        6,
        7,
        8
      ],
      "accuracy": 0.18734352646638056,
      "balanced_accuracy": 0.20566532897593104,
      "precision_macro": 0.183076813764683,
      "precision_micro": 0.18734352646638056,
      "precision_weighted": 0.21842277025727966,
      "recall_macro": 0.20566532897593104,
      "recall_micro": 0.18734352646638056,
      "recall_weighted": 0.18734352646638056,
      "f1_macro": 0.17067812760775156,
      "f1_micro": 0.18734352646638056,
      "f1_weighted": 0.18819734339528876,
      "confusion_matrix": [
        [
          2272,
          437,
          337,
          170,
          238,
          300,
          362,
          279,
          471
        ],
        [
          1319,
          893,
          814,
          218,
          179,
          585,
          661,
          378,
          435
        ],
        [
          1932,
          1298,
          1812,
          752,
          703,
          1265,
          1635,
          751,
          893
        ],
        [
          2247,
          987,
          1164,
          1309,
          899,
          1619,
          1522,
          586,
          854
        ],
        [
          2847,
          1030,
          1024,
          1023,
          1471,
          2150,
          1837,
          634,
          1615
        ],
        [
          3312,
          1354,
          1268,
          1348,
          894,
          3479,
          3211,
          1031,
          1469
        ],
        [
          3481,
          1053,
          960,
          997,
          1138,
          2351,
          4178,
          884,
          1716
        ],
        [
          982,
          618,
          557,
          383,
          408,
          983,
          1169,
          566,
          827
        ],
        [
          462,
          270,
          163,
          106,
          215,
          221,
          395,
          34,
          782
        ]
      ]
    }
  },
  "run_timestamp": "20251227_011556_497891",
  "params_hash": "7b8fb8d7826ec8378decaf6ed6edbc28f897e883c9a2a45eac40dab524ad4459"
}