{
  "best_epoch": 0,
  "best_val_loss": null,
  "total_seconds": 4.503179443010595,
  "epochs": [],
  "train_metrics": {
    "classification": {
      "labels": [
        0,
        1,
        2,
        3,
        4,
        5,
        6,
        7,
        8
      ],
      "accuracy": 0.18237948344573882,
      "balanced_accuracy": 0.22149359021927076,
      "precision_macro": 0.1786338899992265,
      "precision_micro": 0.18237948344573882,
      "precision_weighted": 0.21235631721744325,
      "recall_macro": 0.22149359021927076,
      "recall_micro": 0.18237948344573882,
      "recall_weighted": 0.18237948344573882,
      "f1_macro": 0.16103743549157237,
      "f1_micro": 0.18237948344573882,
      "f1_weighted": 0.17452022190039979,
      "confusion_matrix": [
        [
          5403,
          662,
          344,
          489,
          775,
          1135,
          541,
          330,
          1532
        ],
        [
          3029,
          1232,
          664,
          516,
          1035,
          1961,
          1041,
          1119,
          2095
        ],
        [
          4258,
          1495,
          1836,
          1573,
          2727,
          4427,
          1817,
          2810,
          4597
        ],
        [
          4151,
          1205,
          1455,
          2318,
          2938,
          6558,
          2109,
          1666,
          3693
        ],
        [
          7574,
          1679,
          1670,
          1685,
          4636,
          5902,
          1995,
          1257,
          5639
        ],
        [
          5710,
          1780,
          1802,
          2871,
          3419,
          13280,
          3059,
          3093,
          6336
        ],
        [
          6603,
          2197,
          1338,
          2029,
          2839,
          7643,
          4012,
          3386,
          8649
        ],
        [
          2053,
          883,
          631,
          712,
          1089,
          3292,
          1243,
          1902,
          3138
        ],
        [
          937,
          224,
          168,
          155,
          251,
          526,
          297,
          192,
          3456
        ]
      ]
    }
  },
  "test_metrics": {
    "classification": {
      "labels": [
        0,
        1,
        2,
        3,
        4,
        5,
        6,
        7,
        8
      ],
      "accuracy": 0.1816993025751073,
      "balanced_accuracy": 0.22030698157192258,
      "precision_macro": 0.1783145209190709,
      "precision_micro": 0.1816993025751073,
      "precision_weighted": 0.21172384569922534,
      "recall_macro": 0.22030698157192258,
      "recall_micro": 0.1816993025751073,
      "recall_weighted": 0.1816993025751073,
      "f1_macro": 0.16052296026726712,
      "f1_micro": 0.1816993025751073,
      "f1_weighted": 0.1736306843544361,
      "confusion_matrix": [
        [
          2290,
          323,
          150,
          197,
          304,
          531,
          243,
          155,
          673
        ],
        [
          1350,
          512,
          296,
          213,
          464,
          842,
          406,
          509,
          890
        ],
        [
          1866,
          695,
          789,
          624,
          1161,
          1932,
          768,
          1250,
          1956
        ],
        [
          1769,
          562,
          665,
          969,
          1280,
          2813,
          877,
          711,
          1541
        ],
        [
          3162,
          691,
          672,
          706,
          2060,
          2491,
          924,
          534,
          2391
        ],
        [
          2430,
          769,
          784,
          1202,
          1468,
          5610,
          1244,
          1242,
          2617
        ],
        [
          2893,
          946,
          576,
          904,
          1238,
          3394,
          1729,
          1394,
          3684
        ],
        [
          942,
          371,
          261,
          297,
          505,
          1410,
          534,
          825,
          1348
        ],
        [
          407,
          87,
          80,
          54,
          116,
          236,
          130,
          65,
          1473
        ]
      ]
    }
  },
  "run_timestamp": "20251227_011740_483390",
  "params_hash": "4a323c10feb4d823db40550679e19b81675e5b6d9eee7365a7027260b5da0b1f"
}