{
  "best_epoch": 0,
  "best_val_loss": null,
  "total_seconds": 2.257170875003794,
  "epochs": [],
  "train_metrics": {
    "classification": {
      "labels": [
        0,
        1,
        2,
        3,
        4,
        5,
        6,
        7,
        8
      ],
      "accuracy": 0.17111817903126916,
      "balanced_accuracy": 0.17491392696357133,
      "precision_macro": 0.154957361962757,
      "precision_micro": 0.17111817903126916,
      "precision_weighted": 0.1901079427833753,
      "recall_macro": 0.17491392696357133,
      "recall_micro": 0.17111817903126916,
      "recall_weighted": 0.17111817903126916,
      "f1_macro": 0.13994081070383033,
      "f1_micro": 0.17111817903126916,
      "f1_weighted": 0.16422537902231635,
      "confusion_matrix": [
        [
          5174,
          374,
          668,
          550,
          936,
          1754,
          602,
          251,
          902
        ],
        [
          3364,
          1028,
          1021,
          765,
          1035,
          2299,
          1421,
          456,
          1303
        ],
        [
          5798,
          1538,
          2729,
          1685,
          1823,
          5791,
          3133,
          793,
          2250
        ],
        [
          5159,
          1352,
          2616,
          2318,
          1984,
          6968,
          2691,
          641,
          2364
        ],
        [
          8007,
          1538,
          2559,
          2358,
          2914,
          7259,
          3100,
          697,
          3605
        ],
        [
          8899,
          1693,
          2751,
          3066,
          2714,
          13710,
          4028,
          1350,
          3139
        ],
        [
          10229,
          1517,
          2568,
          2481,
          1937,
          8310,
          5985,
          968,
          4701
        ],
        [
          3021,
          715,
          878,
          847,
          692,
          3945,
          2381,
          444,
          2020
        ],
        [
          1516,
          291,
          302,
          415,
          459,
          934,
          723,
          144,
          1422
        ]
      ]
    }
  },
  "test_metrics": {
    "classification": {
      "labels": [
        0,
        1,
        2,
        3,
        4,
        5,
        6,
        7,
        8
      ],
      "accuracy": 0.16780668812589414,
      "balanced_accuracy": 0.17031330591972005,
      "precision_macro": 0.1530377699474497,
      "precision_micro": 0.16780668812589414,
      "precision_weighted": 0.18715583364036895,
      "recall_macro": 0.17031330591972005,
      "recall_micro": 0.16780668812589414,
      "recall_weighted": 0.16780668812589414,
      "f1_macro": 0.1376280093147008,
      "f1_micro": 0.16780668812589414,
      "f1_weighted": 0.16140677341173065,
      "confusion_matrix": [
        [
          2188,
          181,
          308,
          260,
          388,
          763,
          264,
          103,
          411
        ],
        [
          1393,
          462,
          458,
          405,
          464,
          988,
          554,
          174,
          584
        ],
        [
          2459,
          635,
          1199,
          732,
          798,
          2480,
          1399,
          356,
          983
        ],
        [
          2173,
          601,
          1177,
          1007,
          867,
          2964,
          1134,
          269,
          995
        ],
        [
          3292,
          635,
          1044,
          937,
          1214,
          3117,
          1429,
          320,
          1643
        ],
        [
          3795,
          720,
          1168,
          1285,
          1170,
          5667,
          1663,
          535,
          1363
        ],
        [
          4418,
          671,
          1129,
          1126,
          872,
          3553,
          2550,
          375,
          2064
        ],
        [
          1318,
          280,
          387,
          347,
          290,
          1767,
          998,
          187,
          919
        ],
        [
          669,
          145,
          125,
          175,
          202,
          435,
          309,
          48,
          540
        ]
      ]
    }
  },
  "run_timestamp": "20251226_195932_917836",
  "params_hash": "10bf6f9bc0e9cdc7e8a910727f402431d8a916879a1258424c86f36ecadf924d"
}