{
  "best_epoch": 0,
  "best_val_loss": null,
  "total_seconds": 2.2560537529934663,
  "epochs": [],
  "train_metrics": {
    "classification": {
      "labels": [
        0,
        1,
        2,
        3,
        4
      ],
      "accuracy": 0.2830749923359902,
      "balanced_accuracy": 0.2685127134780068,
      "precision_macro": 0.26511034800638883,
      "precision_micro": 0.2830749923359902,
      "precision_weighted": 0.29079750664445964,
      "recall_macro": 0.2685127134780068,
      "recall_micro": 0.2830749923359902,
      "recall_weighted": 0.2830749923359902,
      "f1_macro": 0.2643668773456728,
      "f1_micro": 0.2830749923359902,
      "f1_weighted": 0.2850882611565474,
      "confusion_matrix": [
        [
          3970,
          3692,
          2234,
          3649,
          4701
        ],
        [
          5597,
          10764,
          6175,
          7879,
          11011
        ],
        [
          3962,
          5384,
          7939,
          6602,
          9714
        ],
        [
          7588,
          9343,
          8750,
          14915,
          16098
        ],
        [
          6809,
          9700,
          8430,
          12353,
          21509
        ]
      ]
    }
  },
  "test_metrics": {
    "classification": {
      "labels": [
        0,
        1,
        2,
        3,
        4
      ],
      "accuracy": 0.27979703147353363,
      "balanced_accuracy": 0.26571966684415715,
      "precision_macro": 0.262325059298763,
      "precision_micro": 0.27979703147353363,
      "precision_weighted": 0.28700453976536494,
      "recall_macro": 0.26571966684415715,
      "recall_micro": 0.27979703147353363,
      "recall_weighted": 0.27979703147353363,
      "f1_macro": 0.26170832711074377,
      "f1_micro": 0.27979703147353363,
      "f1_weighted": 0.28163994364087275,
      "confusion_matrix": [
        [
          1792,
          1563,
          1025,
          1611,
          2092
        ],
        [
          2402,
          4475,
          2686,
          3446,
          4747
        ],
        [
          1703,
          2300,
          3262,
          2742,
          4157
        ],
        [
          3237,
          3997,
          3621,
          6360,
          6942
        ],
        [
          3017,
          4113,
          3678,
          5359,
          9145
        ]
      ]
    }
  },
  "run_timestamp": "20251226_201720_529727",
  "params_hash": "97cb682caa1d83858c812f3ca055a6c79455c32ceaac4c7fb9dd5503949c5b24"
}