{
  "best_epoch": 0,
  "best_val_loss": null,
  "total_seconds": 0.014775181000004523,
  "epochs": [],
  "train_metrics": {
    "classification": {
      "labels": [
        0,
        1,
        2,
        3,
        4
      ],
      "accuracy": 0.2508184523809524,
      "balanced_accuracy": 0.2413937623366383,
      "precision_macro": 0.2379972041686098,
      "precision_micro": 0.2508184523809524,
      "precision_weighted": 0.25940136690038607,
      "recall_macro": 0.2413937623366383,
      "recall_micro": 0.2508184523809524,
      "recall_weighted": 0.2508184523809524,
      "f1_macro": 0.23722564800197957,
      "f1_micro": 0.2508184523809524,
      "f1_weighted": 0.25352585181404075,
      "confusion_matrix": [
        [
          249,
          248,
          141,
          260,
          307
        ],
        [
          388,
          692,
          325,
          601,
          653
        ],
        [
          250,
          398,
          441,
          468,
          581
        ],
        [
          554,
          712,
          513,
          870,
          1005
        ],
        [
          505,
          802,
          508,
          850,
          1119
        ]
      ]
    }
  },
  "test_metrics": {
    "classification": {
      "labels": [
        0,
        1,
        2,
        3,
        4
      ],
      "accuracy": 0.25538194444444445,
      "balanced_accuracy": 0.24706515247635172,
      "precision_macro": 0.2430629991346489,
      "precision_micro": 0.25538194444444445,
      "precision_weighted": 0.2670657279566188,
      "recall_macro": 0.24706515247635172,
      "recall_micro": 0.25538194444444445,
      "recall_weighted": 0.25538194444444445,
      "f1_macro": 0.241523997415357,
      "f1_micro": 0.25538194444444445,
      "f1_weighted": 0.25924435519646594,
      "confusion_matrix": [
        [
          108,
          90,
          52,
          92,
          148
        ],
        [
          188,
          326,
          165,
          232,
          240
        ],
        [
          137,
          160,
          183,
          196,
          261
        ],
        [
          224,
          302,
          230,
          404,
          391
        ],
        [
          241,
          324,
          204,
          412,
          450
        ]
      ]
    }
  },
  "run_timestamp": "20251208_141546_030070",
  "params_hash": "44bd03f10715c9fda2b1e01cc52402bc836601c150ca3f3eecd1ef6cfd632ba8"
}