{
  "best_epoch": 0,
  "best_val_loss": null,
  "total_seconds": 0.7703428810054902,
  "epochs": [],
  "train_metrics": {
    "classification": {
      "labels": [
        0,
        1,
        2,
        3,
        4
      ],
      "accuracy": 0.29366569589209074,
      "balanced_accuracy": 0.2515023990394929,
      "precision_macro": 0.2527557882475152,
      "precision_micro": 0.29366569589209074,
      "precision_weighted": 0.2898309932322107,
      "recall_macro": 0.2515023990394929,
      "recall_micro": 0.29366569589209074,
      "recall_weighted": 0.29366569589209074,
      "f1_macro": 0.2253218361649898,
      "f1_micro": 0.29366569589209074,
      "f1_weighted": 0.27123160226088744,
      "confusion_matrix": [
        [
          6213,
          2690,
          492,
          6053,
          2412
        ],
        [
          8186,
          6784,
          1143,
          20625,
          6575
        ],
        [
          6111,
          2422,
          1230,
          14013,
          3501
        ],
        [
          14854,
          7158,
          2162,
          38734,
          9837
        ],
        [
          10414,
          5190,
          1263,
          22359,
          8347
        ]
      ]
    }
  },
  "test_metrics": {
    "classification": {
      "labels": [
        0,
        1,
        2,
        3,
        4
      ],
      "accuracy": 0.29134254291845496,
      "balanced_accuracy": 0.2500942150433093,
      "precision_macro": 0.25383130919807273,
      "precision_micro": 0.29134254291845496,
      "precision_weighted": 0.28878181940926384,
      "recall_macro": 0.2500942150433093,
      "recall_micro": 0.29134254291845496,
      "recall_weighted": 0.29134254291845496,
      "f1_macro": 0.22452164830303487,
      "f1_micro": 0.29134254291845496,
      "f1_weighted": 0.2686365194233862,
      "confusion_matrix": [
        [
          2648,
          1165,
          205,
          2718,
          1034
        ],
        [
          3394,
          3035,
          492,
          8981,
          2763
        ],
        [
          2652,
          1047,
          536,
          5910,
          1489
        ],
        [
          6235,
          3008,
          879,
          16380,
          4205
        ],
        [
          4684,
          2274,
          518,
          9752,
          3468
        ]
      ]
    }
  },
  "run_timestamp": "20251226_201422_029175",
  "params_hash": "f515360c0448c83699f95cfa2d4c90dd0fac735d6984c9f2268d0a1ec9298f19"
}