{
  "best_epoch": 0,
  "best_val_loss": null,
  "total_seconds": 0.0073721160006243736,
  "epochs": [],
  "train_metrics": {
    "classification": {
      "labels": [
        0,
        1,
        2
      ],
      "accuracy": 0.41302083333333334,
      "balanced_accuracy": 0.3910285811854332,
      "precision_macro": 0.38555388967963583,
      "precision_micro": 0.41302083333333334,
      "precision_weighted": 0.4137861867516997,
      "recall_macro": 0.3910285811854332,
      "recall_micro": 0.41302083333333334,
      "recall_weighted": 0.41302083333333334,
      "f1_macro": 0.3855823933739064,
      "f1_micro": 0.41302083333333334,
      "f1_weighted": 0.4103657662442204,
      "confusion_matrix": [
        [
          722,
          758,
          888
        ],
        [
          1098,
          1809,
          2516
        ],
        [
          878,
          1751,
          3020
        ]
      ]
    }
  },
  "test_metrics": {
    "classification": {
      "labels": [
        0,
        1,
        2
      ],
      "accuracy": 0.4157986111111111,
      "balanced_accuracy": 0.39205380345267643,
      "precision_macro": 0.3864332680513094,
      "precision_micro": 0.4157986111111111,
      "precision_weighted": 0.41987315915758705,
      "recall_macro": 0.39205380345267643,
      "recall_micro": 0.4157986111111111,
      "recall_weighted": 0.4157986111111111,
      "f1_macro": 0.3863925050924297,
      "f1_micro": 0.4157986111111111,
      "f1_weighted": 0.41481673752074055,
      "confusion_matrix": [
        [
          290,
          317,
          355
        ],
        [
          449,
          823,
          1090
        ],
        [
          406,
          748,
          1282
        ]
      ]
    }
  },
  "run_timestamp": "20251208_141539_492559",
  "params_hash": "8b400a0f01a016d5157a871d7a70831fd20951260b88719fe503dd364ca15984"
}