{
  "best_epoch": 0,
  "best_val_loss": null,
  "total_seconds": 13.596887067978969,
  "epochs": [],
  "train_metrics": {
    "classification": {
      "labels": [
        0,
        1,
        2,
        3,
        4,
        5,
        6,
        7,
        8
      ],
      "accuracy": 0.1957292305334151,
      "balanced_accuracy": 0.23301766454196748,
      "precision_macro": 0.19481602196030948,
      "precision_micro": 0.1957292305334151,
      "precision_weighted": 0.2322536250890304,
      "recall_macro": 0.23301766454196748,
      "recall_micro": 0.1957292305334151,
      "recall_weighted": 0.1957292305334151,
      "f1_macro": 0.17635847542433292,
      "f1_micro": 0.1957292305334151,
      "f1_weighted": 0.19150931397311854,
      "confusion_matrix": [
        [
          5881,
          790,
          388,
          677,
          538,
          840,
          213,
          248,
          1636
        ],
        [
          3228,
          1845,
          731,
          1384,
          645,
          1581,
          934,
          529,
          1815
        ],
        [
          5112,
          2342,
          2146,
          2998,
          1640,
          4503,
          2207,
          1135,
          3457
        ],
        [
          3818,
          1734,
          1751,
          5847,
          2386,
          4921,
          1775,
          816,
          3045
        ],
        [
          6806,
          1758,
          1343,
          3912,
          4583,
          5263,
          2068,
          742,
          5562
        ],
        [
          5781,
          2222,
          2205,
          5973,
          3118,
          11650,
          2942,
          1995,
          5464
        ],
        [
          7825,
          2188,
          1747,
          4058,
          2726,
          6565,
          4817,
          1630,
          7140
        ],
        [
          3004,
          905,
          584,
          957,
          731,
          2993,
          1794,
          952,
          3023
        ],
        [
          1151,
          235,
          63,
          366,
          238,
          374,
          422,
          216,
          3141
        ]
      ]
    }
  },
  "test_metrics": {
    "classification": {
      "labels": [
        0,
        1,
        2,
        3,
        4,
        5,
        6,
        7,
        8
      ],
      "accuracy": 0.19290951359084407,
      "balanced_accuracy": 0.22863835534362792,
      "precision_macro": 0.1949413900335171,
      "precision_micro": 0.19290951359084407,
      "precision_weighted": 0.2313673499698449,
      "recall_macro": 0.22863835534362792,
      "recall_micro": 0.19290951359084407,
      "recall_weighted": 0.19290951359084407,
      "f1_macro": 0.175525713336874,
      "f1_micro": 0.19290951359084407,
      "f1_weighted": 0.18989069188978763,
      "confusion_matrix": [
        [
          2435,
          349,
          155,
          303,
          279,
          372,
          92,
          148,
          733
        ],
        [
          1333,
          794,
          353,
          592,
          271,
          748,
          374,
          207,
          810
        ],
        [
          2210,
          1017,
          1001,
          1274,
          728,
          1921,
          879,
          498,
          1513
        ],
        [
          1650,
          781,
          783,
          2498,
          986,
          2087,
          756,
          387,
          1259
        ],
        [
          2668,
          771,
          542,
          1679,
          2016,
          2232,
          900,
          342,
          2481
        ],
        [
          2373,
          1014,
          908,
          2602,
          1400,
          4755,
          1225,
          813,
          2276
        ],
        [
          3366,
          978,
          766,
          1837,
          1252,
          2715,
          2014,
          684,
          3146
        ],
        [
          1341,
          366,
          244,
          440,
          311,
          1307,
          732,
          461,
          1291
        ],
        [
          537,
          81,
          33,
          136,
          120,
          172,
          189,
          94,
          1286
        ]
      ]
    }
  },
  "run_timestamp": "20251226_200803_597632",
  "params_hash": "e1e87da3fe088e96ea15c9a02cb2ecb3c36a6b5f77c4abe643aab4cb7c3a5e41"
}