{
  "best_epoch": 0,
  "best_val_loss": null,
  "total_seconds": 0.008513459004461765,
  "epochs": [],
  "train_metrics": {
    "classification": {
      "labels": [
        0,
        1,
        2,
        3,
        4
      ],
      "accuracy": 0.31101190476190477,
      "balanced_accuracy": 0.2490824507066789,
      "precision_macro": 0.22669279620999538,
      "precision_micro": 0.31101190476190477,
      "precision_weighted": 0.2644319738524814,
      "recall_macro": 0.2490824507066789,
      "recall_micro": 0.31101190476190477,
      "recall_weighted": 0.31101190476190477,
      "f1_macro": 0.23500260310635296,
      "f1_micro": 0.31101190476190477,
      "f1_weighted": 0.2842493331188999,
      "confusion_matrix": [
        [
          185,
          259,
          0,
          422,
          294
        ],
        [
          148,
          889,
          0,
          1245,
          518
        ],
        [
          89,
          457,
          0,
          859,
          354
        ],
        [
          197,
          1067,
          0,
          2198,
          1176
        ],
        [
          221,
          579,
          0,
          1375,
          908
        ]
      ]
    }
  },
  "test_metrics": {
    "classification": {
      "labels": [
        0,
        1,
        2,
        3,
        4
      ],
      "accuracy": 0.30069444444444443,
      "balanced_accuracy": 0.24092432540071104,
      "precision_macro": 0.21602642541798406,
      "precision_micro": 0.30069444444444443,
      "precision_weighted": 0.2565387675283414,
      "recall_macro": 0.24092432540071104,
      "recall_micro": 0.30069444444444443,
      "recall_weighted": 0.30069444444444443,
      "f1_macro": 0.22635788582325347,
      "f1_micro": 0.30069444444444443,
      "f1_weighted": 0.27584323387482956,
      "confusion_matrix": [
        [
          77,
          106,
          0,
          187,
          120
        ],
        [
          73,
          389,
          0,
          532,
          196
        ],
        [
          38,
          188,
          0,
          357,
          163
        ],
        [
          105,
          492,
          0,
          913,
          512
        ],
        [
          104,
          278,
          0,
          577,
          353
        ]
      ]
    }
  },
  "run_timestamp": "20251208_141440_247686",
  "params_hash": "b12706f66fc94f99d36a578cc702a923cd0338a20b37cca3ac375372f765ac90"
}