{
  "best_epoch": 0,
  "best_val_loss": null,
  "total_seconds": 0.398071906005498,
  "epochs": [],
  "train_metrics": {
    "classification": {
      "labels": [
        0,
        1,
        2,
        3,
        4,
        5,
        6,
        7,
        8
      ],
      "accuracy": 0.21272321428571428,
      "balanced_accuracy": 0.24625124229748283,
      "precision_macro": 0.2069636758085346,
      "precision_micro": 0.21272321428571428,
      "precision_weighted": 0.24096683730543003,
      "recall_macro": 0.24625124229748283,
      "recall_micro": 0.21272321428571428,
      "recall_weighted": 0.21272321428571428,
      "f1_macro": 0.19525656208129397,
      "f1_micro": 0.21272321428571428,
      "f1_weighted": 0.2092544212385014,
      "confusion_matrix": [
        [
          322,
          66,
          21,
          34,
          41,
          55,
          18,
          49,
          129
        ],
        [
          184,
          135,
          63,
          67,
          46,
          113,
          46,
          58,
          117
        ],
        [
          227,
          145,
          181,
          146,
          169,
          302,
          139,
          106,
          238
        ],
        [
          194,
          100,
          108,
          285,
          208,
          386,
          105,
          78,
          213
        ],
        [
          339,
          105,
          130,
          169,
          353,
          356,
          131,
          118,
          331
        ],
        [
          221,
          123,
          152,
          240,
          211,
          915,
          231,
          172,
          378
        ],
        [
          272,
          172,
          145,
          147,
          268,
          519,
          312,
          157,
          484
        ],
        [
          112,
          74,
          70,
          58,
          81,
          175,
          85,
          127,
          205
        ],
        [
          39,
          21,
          9,
          21,
          18,
          22,
          41,
          8,
          229
        ]
      ]
    }
  },
  "test_metrics": {
    "classification": {
      "labels": [
        0,
        1,
        2,
        3,
        4,
        5,
        6,
        7,
        8
      ],
      "accuracy": 0.209375,
      "balanced_accuracy": 0.23516796531714698,
      "precision_macro": 0.20799906200145601,
      "precision_micro": 0.209375,
      "precision_weighted": 0.2502738747958913,
      "recall_macro": 0.23516796531714698,
      "recall_micro": 0.209375,
      "recall_weighted": 0.209375,
      "f1_macro": 0.19149305449669396,
      "f1_micro": 0.209375,
      "f1_weighted": 0.2116948040182165,
      "confusion_matrix": [
        [
          135,
          35,
          4,
          10,
          13,
          22,
          9,
          17,
          55
        ],
        [
          72,
          66,
          21,
          29,
          19,
          55,
          18,
          27,
          34
        ],
        [
          90,
          61,
          86,
          66,
          63,
          136,
          57,
          51,
          92
        ],
        [
          81,
          35,
          43,
          115,
          89,
          169,
          54,
          35,
          102
        ],
        [
          154,
          41,
          56,
          83,
          172,
          153,
          56,
          50,
          143
        ],
        [
          105,
          68,
          67,
          109,
          89,
          367,
          92,
          87,
          153
        ],
        [
          160,
          67,
          59,
          57,
          112,
          197,
          155,
          56,
          231
        ],
        [
          51,
          29,
          20,
          21,
          28,
          73,
          42,
          39,
          90
        ],
        [
          23,
          13,
          4,
          8,
          2,
          14,
          24,
          3,
          71
        ]
      ]
    }
  },
  "run_timestamp": "20251208_105151_673110",
  "params_hash": "93d5fc5811005a29cfd54c71c04f96740d5ffbd0298e26a34076a6616d9114ce"
}