{
  "best_epoch": 0,
  "best_val_loss": null,
  "total_seconds": 3.408695413003443,
  "epochs": [],
  "train_metrics": {
    "classification": {
      "labels": [
        0,
        1,
        2,
        3,
        4
      ],
      "accuracy": 0.29304299509503373,
      "balanced_accuracy": 0.27870043808138834,
      "precision_macro": 0.27290852033415514,
      "precision_micro": 0.29304299509503373,
      "precision_weighted": 0.29849695579204577,
      "recall_macro": 0.27870043808138834,
      "recall_micro": 0.29304299509503373,
      "recall_weighted": 0.29304299509503373,
      "f1_macro": 0.27109098536721304,
      "f1_micro": 0.29304299509503373,
      "f1_weighted": 0.2916157068236288,
      "confusion_matrix": [
        [
          4499,
          3876,
          2144,
          3283,
          4444
        ],
        [
          5617,
          12913,
          4815,
          6938,
          11143
        ],
        [
          4658,
          6163,
          6486,
          6380,
          9914
        ],
        [
          7581,
          11226,
          6844,
          12946,
          18097
        ],
        [
          7065,
          9677,
          7324,
          10401,
          24334
        ]
      ]
    }
  },
  "test_metrics": {
    "classification": {
      "labels": [
        0,
        1,
        2,
        3,
        4
      ],
      "accuracy": 0.29261668454935624,
      "balanced_accuracy": 0.27708313476421453,
      "precision_macro": 0.2717720101677572,
      "precision_micro": 0.29261668454935624,
      "precision_weighted": 0.2972956055599702,
      "recall_macro": 0.27708313476421453,
      "recall_micro": 0.29261668454935624,
      "recall_weighted": 0.29261668454935624,
      "f1_macro": 0.2703423900591697,
      "f1_micro": 0.29261668454935624,
      "f1_weighted": 0.29131084969706644,
      "confusion_matrix": [
        [
          1952,
          1673,
          1013,
          1471,
          1974
        ],
        [
          2477,
          5488,
          2045,
          3024,
          4722
        ],
        [
          2018,
          2587,
          2698,
          2676,
          4185
        ],
        [
          3166,
          4803,
          2960,
          5585,
          7643
        ],
        [
          2990,
          4096,
          3163,
          4605,
          10458
        ]
      ]
    }
  },
  "run_timestamp": "20251227_011859_895706",
  "params_hash": "7d690a5a655ddf4c37ba929fb5790a8b8e51597180a53c603e9e590898b29f20"
}