{
  "best_epoch": 0,
  "best_val_loss": null,
  "total_seconds": 8.951655190991005,
  "epochs": [],
  "train_metrics": {
    "classification": {
      "labels": [
        0,
        1,
        2,
        3,
        4,
        5,
        6,
        7,
        8
      ],
      "accuracy": 0.1852343270999387,
      "balanced_accuracy": 0.21224640014502574,
      "precision_macro": 0.18714402939852393,
      "precision_micro": 0.1852343270999387,
      "precision_weighted": 0.2127482006560864,
      "recall_macro": 0.21224640014502574,
      "recall_micro": 0.1852343270999387,
      "recall_weighted": 0.1852343270999387,
      "f1_macro": 0.176460962616533,
      "f1_micro": 0.1852343270999387,
      "f1_weighted": 0.18366665995613846,
      "confusion_matrix": [
        [
          2544,
          1516,
          334,
          1063,
          863,
          860,
          776,
          585,
          2018
        ],
        [
          2097,
          3835,
          764,
          1043,
          684,
          825,
          2190,
          1048,
          1881
        ],
        [
          2954,
          2659,
          1371,
          2507,
          1648,
          2570,
          3714,
          1600,
          4271
        ],
        [
          2921,
          2892,
          1456,
          4284,
          2782,
          3970,
          2794,
          2577,
          5083
        ],
        [
          4486,
          3813,
          1193,
          3330,
          4716,
          4189,
          4236,
          2719,
          7453
        ],
        [
          2270,
          2751,
          1062,
          2311,
          1816,
          4876,
          2717,
          1598,
          3500
        ],
        [
          3668,
          4387,
          1473,
          3810,
          3330,
          4466,
          9292,
          3572,
          6461
        ],
        [
          2093,
          2150,
          830,
          1927,
          1939,
          1842,
          3857,
          3275,
          5026
        ],
        [
          567,
          508,
          237,
          722,
          792,
          684,
          672,
          695,
          4478
        ]
      ]
    }
  },
  "test_metrics": {
    "classification": {
      "labels": [
        0,
        1,
        2,
        3,
        4,
        5,
        6,
        7,
        8
      ],
      "accuracy": 0.18362169170243203,
      "balanced_accuracy": 0.2115486000478411,
      "precision_macro": 0.18666867778154844,
      "precision_micro": 0.18362169170243203,
      "precision_weighted": 0.21122997386657116,
      "recall_macro": 0.2115486000478411,
      "recall_micro": 0.18362169170243203,
      "recall_weighted": 0.18362169170243203,
      "f1_macro": 0.1753906760078007,
      "f1_micro": 0.18362169170243203,
      "f1_weighted": 0.18197996190891305,
      "confusion_matrix": [
        [
          1117,
          649,
          140,
          505,
          371,
          388,
          280,
          237,
          899
        ],
        [
          868,
          1676,
          324,
          506,
          310,
          404,
          991,
          448,
          843
        ],
        [
          1260,
          1126,
          639,
          1093,
          730,
          1105,
          1545,
          692,
          1835
        ],
        [
          1311,
          1233,
          589,
          1691,
          1147,
          1690,
          1192,
          1004,
          2159
        ],
        [
          2001,
          1592,
          475,
          1389,
          1992,
          1836,
          1732,
          1138,
          3203
        ],
        [
          968,
          1203,
          470,
          994,
          792,
          2080,
          1217,
          723,
          1505
        ],
        [
          1550,
          1945,
          592,
          1624,
          1439,
          1848,
          3934,
          1602,
          2791
        ],
        [
          913,
          933,
          380,
          842,
          877,
          785,
          1709,
          1388,
          2087
        ],
        [
          271,
          205,
          99,
          297,
          316,
          282,
          266,
          278,
          1912
        ]
      ]
    }
  },
  "run_timestamp": "20251226_201829_863171",
  "params_hash": "0cc5559d3f8bd1e3fecde465d2bd70d49fa2354ee59e14f26e8df8c471bf6325"
}