{
  "best_epoch": 0,
  "best_val_loss": null,
  "total_seconds": 0.03429282199067529,
  "epochs": [],
  "train_metrics": {
    "classification": {
      "labels": [
        0,
        1,
        2,
        3,
        4
      ],
      "accuracy": 0.33177083333333335,
      "balanced_accuracy": 0.29011005798854467,
      "precision_macro": 0.2715589560860387,
      "precision_micro": 0.33177083333333335,
      "precision_weighted": 0.3064361579165432,
      "recall_macro": 0.29011005798854467,
      "recall_micro": 0.33177083333333335,
      "recall_weighted": 0.33177083333333335,
      "f1_macro": 0.260259969737192,
      "f1_micro": 0.33177083333333335,
      "f1_weighted": 0.3042761196602831,
      "confusion_matrix": [
        [
          458,
          170,
          7,
          287,
          238
        ],
        [
          422,
          576,
          14,
          1267,
          521
        ],
        [
          210,
          239,
          11,
          915,
          384
        ],
        [
          563,
          633,
          25,
          2424,
          993
        ],
        [
          468,
          344,
          23,
          1258,
          990
        ]
      ]
    }
  },
  "test_metrics": {
    "classification": {
      "labels": [
        0,
        1,
        2,
        3,
        4
      ],
      "accuracy": 0.32395833333333335,
      "balanced_accuracy": 0.2829999986770722,
      "precision_macro": 0.24448905198956847,
      "precision_micro": 0.32395833333333335,
      "precision_weighted": 0.2878739187260023,
      "recall_macro": 0.2829999986770722,
      "recall_micro": 0.32395833333333335,
      "recall_weighted": 0.32395833333333335,
      "f1_macro": 0.25293306210116595,
      "f1_micro": 0.32395833333333335,
      "f1_weighted": 0.29802770402590895,
      "confusion_matrix": [
        [
          192,
          54,
          4,
          126,
          114
        ],
        [
          148,
          255,
          10,
          556,
          221
        ],
        [
          101,
          104,
          1,
          372,
          168
        ],
        [
          267,
          273,
          13,
          1021,
          448
        ],
        [
          211,
          166,
          8,
          530,
          397
        ]
      ]
    }
  },
  "run_timestamp": "20251208_141512_736429",
  "params_hash": "461c000eddd8d5f91ea8ba2f5b0a1c032325ac5f6717307b749197332322b6a4"
}