{
  "best_epoch": 0,
  "best_val_loss": null,
  "total_seconds": 0.25624911199702183,
  "epochs": [],
  "train_metrics": {
    "classification": {
      "labels": [
        0,
        1,
        2
      ],
      "accuracy": 0.47509994288977725,
      "balanced_accuracy": 0.40413154693433145,
      "precision_macro": 0.46867939736923114,
      "precision_micro": 0.47509994288977725,
      "precision_weighted": 0.4733504368983756,
      "recall_macro": 0.40413154693433145,
      "recall_micro": 0.47509994288977725,
      "recall_weighted": 0.47509994288977725,
      "f1_macro": 0.39599119409927946,
      "f1_micro": 0.47509994288977725,
      "f1_weighted": 0.4500873789255104,
      "confusion_matrix": [
        [
          315,
          1156,
          1600
        ],
        [
          178,
          3509,
          3590
        ],
        [
          208,
          2459,
          4495
        ]
      ]
    }
  },
  "test_metrics": {
    "classification": {
      "labels": [
        0,
        1,
        2
      ],
      "accuracy": 0.47167656464138874,
      "balanced_accuracy": 0.397240187017083,
      "precision_macro": 0.44550779803402163,
      "precision_micro": 0.47167656464138874,
      "precision_weighted": 0.4594628418398792,
      "recall_macro": 0.397240187017083,
      "recall_micro": 0.47167656464138874,
      "recall_weighted": 0.47167656464138874,
      "f1_macro": 0.3869414602815843,
      "f1_micro": 0.47167656464138874,
      "f1_weighted": 0.44499712927753965,
      "confusion_matrix": [
        [
          68,
          298,
          406
        ],
        [
          45,
          846,
          860
        ],
        [
          63,
          641,
          1151
        ]
      ]
    }
  },
  "run_timestamp": "20251223_185015_654132",
  "params_hash": "49f06c1651bf794b058fd3f74d5ccd2ad4a1c387080a369127a613d7bb45c261"
}