{
  "best_epoch": 0,
  "best_val_loss": null,
  "total_seconds": 0.010429141999338754,
  "epochs": [],
  "train_metrics": {
    "classification": {
      "labels": [
        0,
        1,
        2,
        3,
        4
      ],
      "accuracy": 0.30751488095238094,
      "balanced_accuracy": 0.2639537531456376,
      "precision_macro": 0.25635435583482186,
      "precision_micro": 0.30751488095238094,
      "precision_weighted": 0.28669836551992633,
      "recall_macro": 0.2639537531456376,
      "recall_micro": 0.30751488095238094,
      "recall_weighted": 0.30751488095238094,
      "f1_macro": 0.24818945913537355,
      "f1_micro": 0.30751488095238094,
      "f1_weighted": 0.28868101996216916,
      "confusion_matrix": [
        [
          305,
          253,
          7,
          332,
          263
        ],
        [
          175,
          829,
          16,
          1056,
          724
        ],
        [
          128,
          412,
          15,
          627,
          577
        ],
        [
          357,
          988,
          33,
          1983,
          1277
        ],
        [
          378,
          442,
          44,
          1218,
          1001
        ]
      ]
    }
  },
  "test_metrics": {
    "classification": {
      "labels": [
        0,
        1,
        2,
        3,
        4
      ],
      "accuracy": 0.29704861111111114,
      "balanced_accuracy": 0.25200006551684745,
      "precision_macro": 0.25344242547041496,
      "precision_micro": 0.29704861111111114,
      "precision_weighted": 0.2822853424761821,
      "recall_macro": 0.25200006551684745,
      "recall_micro": 0.29704861111111114,
      "recall_weighted": 0.29704861111111114,
      "f1_macro": 0.2385894691441261,
      "f1_micro": 0.29704861111111114,
      "f1_weighted": 0.27994369117049633,
      "confusion_matrix": [
        [
          112,
          101,
          6,
          145,
          126
        ],
        [
          63,
          351,
          14,
          476,
          286
        ],
        [
          68,
          168,
          10,
          269,
          231
        ],
        [
          168,
          442,
          18,
          824,
          570
        ],
        [
          139,
          202,
          12,
          545,
          414
        ]
      ]
    }
  },
  "run_timestamp": "20251208_141443_322490",
  "params_hash": "ddf6a5e924a228863ffed0bf8d28849037126f3d59c695ce67f52760fbe212a2"
}