{
  "best_epoch": 0,
  "best_val_loss": null,
  "total_seconds": 0.7633154060167726,
  "epochs": [],
  "train_metrics": {
    "classification": {
      "labels": [
        0,
        1,
        2,
        3,
        4
      ],
      "accuracy": 0.2695336450030656,
      "balanced_accuracy": 0.2562363140007181,
      "precision_macro": 0.24583040841727283,
      "precision_micro": 0.2695336450030656,
      "precision_weighted": 0.2691533005746699,
      "recall_macro": 0.2562363140007181,
      "recall_micro": 0.2695336450030656,
      "recall_weighted": 0.2695336450030656,
      "f1_macro": 0.22566246902263357,
      "f1_micro": 0.2695336450030656,
      "f1_weighted": 0.24722209756312385,
      "confusion_matrix": [
        [
          6581,
          1029,
          1517,
          2548,
          6571
        ],
        [
          9140,
          3471,
          3625,
          8691,
          16499
        ],
        [
          7076,
          2321,
          3341,
          5877,
          14986
        ],
        [
          11430,
          3664,
          3603,
          12803,
          25194
        ],
        [
          9068,
          3649,
          4759,
          11251,
          30074
        ]
      ]
    }
  },
  "test_metrics": {
    "classification": {
      "labels": [
        0,
        1,
        2,
        3,
        4
      ],
      "accuracy": 0.2724763054363376,
      "balanced_accuracy": 0.25860157684163837,
      "precision_macro": 0.24686472364701895,
      "precision_micro": 0.2724763054363376,
      "precision_weighted": 0.2700743741423736,
      "recall_macro": 0.25860157684163837,
      "recall_micro": 0.2724763054363376,
      "recall_weighted": 0.2724763054363376,
      "f1_macro": 0.22811256367941285,
      "f1_micro": 0.2724763054363376,
      "f1_weighted": 0.24979290790289005,
      "confusion_matrix": [
        [
          2991,
          465,
          688,
          1085,
          2854
        ],
        [
          3872,
          1503,
          1532,
          3746,
          7103
        ],
        [
          3072,
          1008,
          1358,
          2507,
          6219
        ],
        [
          4992,
          1554,
          1481,
          5560,
          10570
        ],
        [
          3812,
          1619,
          2082,
          4832,
          12967
        ]
      ]
    }
  },
  "run_timestamp": "20251226_201418_278700",
  "params_hash": "bb8caf1dc536e25d2679e71f3992e6fc3aa3d3521e5f12f5a2a35373faf28278"
}