{
  "best_epoch": 0,
  "best_val_loss": null,
  "total_seconds": 0.01995708400500007,
  "epochs": [],
  "train_metrics": {
    "classification": {
      "labels": [
        0,
        1,
        2,
        3,
        4,
        5,
        6,
        7,
        8
      ],
      "accuracy": 0.15870535714285713,
      "balanced_accuracy": 0.14469812476845195,
      "precision_macro": 0.12706198832037455,
      "precision_micro": 0.15870535714285713,
      "precision_weighted": 0.14876258560555528,
      "recall_macro": 0.14469812476845195,
      "recall_micro": 0.15870535714285713,
      "recall_weighted": 0.15870535714285713,
      "f1_macro": 0.12492392694832516,
      "f1_micro": 0.15870535714285713,
      "f1_weighted": 0.14398485164186853,
      "confusion_matrix": [
        [
          35,
          82,
          10,
          88,
          196,
          112,
          100,
          0,
          84
        ],
        [
          26,
          169,
          29,
          151,
          175,
          139,
          161,
          0,
          89
        ],
        [
          46,
          155,
          54,
          203,
          263,
          369,
          233,
          0,
          175
        ],
        [
          104,
          161,
          64,
          224,
          311,
          456,
          287,
          0,
          217
        ],
        [
          90,
          192,
          32,
          257,
          621,
          492,
          348,
          0,
          281
        ],
        [
          35,
          156,
          42,
          200,
          205,
          484,
          199,
          0,
          156
        ],
        [
          84,
          272,
          61,
          353,
          462,
          603,
          458,
          0,
          295
        ],
        [
          55,
          100,
          32,
          219,
          327,
          309,
          228,
          0,
          199
        ],
        [
          23,
          25,
          12,
          94,
          171,
          142,
          70,
          0,
          88
        ]
      ]
    }
  },
  "test_metrics": {
    "classification": {
      "labels": [
        0,
        1,
        2,
        3,
        4,
        5,
        6,
        7,
        8
      ],
      "accuracy": 0.15052083333333333,
      "balanced_accuracy": 0.13565186638598492,
      "precision_macro": 0.11404361709250994,
      "precision_micro": 0.15052083333333333,
      "precision_weighted": 0.1382467419817662,
      "recall_macro": 0.13565186638598492,
      "recall_micro": 0.15052083333333333,
      "recall_weighted": 0.15052083333333333,
      "f1_macro": 0.1154838938469477,
      "f1_micro": 0.15052083333333333,
      "f1_weighted": 0.13608356467833213,
      "confusion_matrix": [
        [
          8,
          25,
          5,
          26,
          76,
          46,
          39,
          0,
          43
        ],
        [
          12,
          76,
          4,
          52,
          92,
          61,
          70,
          0,
          29
        ],
        [
          27,
          74,
          15,
          117,
          119,
          148,
          85,
          0,
          62
        ],
        [
          53,
          73,
          24,
          109,
          115,
          219,
          127,
          0,
          81
        ],
        [
          45,
          88,
          24,
          118,
          262,
          221,
          141,
          0,
          103
        ],
        [
          21,
          66,
          15,
          97,
          81,
          191,
          83,
          0,
          84
        ],
        [
          35,
          116,
          33,
          141,
          259,
          245,
          178,
          0,
          125
        ],
        [
          25,
          45,
          11,
          90,
          159,
          134,
          96,
          0,
          86
        ],
        [
          7,
          8,
          7,
          30,
          66,
          48,
          36,
          0,
          28
        ]
      ]
    }
  },
  "run_timestamp": "20251208_102943_129231",
  "params_hash": "a17ca82a5c83099bdb013e984dda97c3c5af5e63ad2191b12c43f292b93b2df5"
}