{
  "best_epoch": 0,
  "best_val_loss": null,
  "total_seconds": 0.04038111800036859,
  "epochs": [],
  "train_metrics": {
    "classification": {
      "labels": [
        0,
        1,
        2,
        3,
        4,
        5,
        6,
        7,
        8
      ],
      "accuracy": 0.15543154761904762,
      "balanced_accuracy": 0.17126342531556077,
      "precision_macro": 0.15721796059085538,
      "precision_micro": 0.15543154761904762,
      "precision_weighted": 0.17956082110612204,
      "recall_macro": 0.17126342531556077,
      "recall_micro": 0.15543154761904762,
      "recall_weighted": 0.15543154761904762,
      "f1_macro": 0.1430170862370299,
      "f1_micro": 0.15543154761904762,
      "f1_weighted": 0.14972127043827396,
      "confusion_matrix": [
        [
          206,
          130,
          27,
          5,
          96,
          65,
          72,
          56,
          50
        ],
        [
          123,
          257,
          57,
          15,
          114,
          79,
          144,
          96,
          54
        ],
        [
          203,
          304,
          82,
          25,
          148,
          197,
          197,
          156,
          186
        ],
        [
          221,
          368,
          73,
          44,
          187,
          254,
          203,
          197,
          277
        ],
        [
          314,
          422,
          67,
          44,
          350,
          327,
          272,
          199,
          318
        ],
        [
          168,
          252,
          78,
          24,
          186,
          282,
          189,
          123,
          175
        ],
        [
          216,
          447,
          107,
          50,
          293,
          333,
          521,
          283,
          338
        ],
        [
          182,
          172,
          63,
          21,
          174,
          167,
          245,
          219,
          226
        ],
        [
          78,
          21,
          33,
          19,
          113,
          84,
          106,
          43,
          128
        ]
      ]
    }
  },
  "test_metrics": {
    "classification": {
      "labels": [
        0,
        1,
        2,
        3,
        4,
        5,
        6,
        7,
        8
      ],
      "accuracy": 0.1482638888888889,
      "balanced_accuracy": 0.16298951776726014,
      "precision_macro": 0.14311048441000493,
      "precision_micro": 0.1482638888888889,
      "precision_weighted": 0.16498253846610667,
      "recall_macro": 0.16298951776726014,
      "recall_micro": 0.1482638888888889,
      "recall_weighted": 0.1482638888888889,
      "f1_macro": 0.13421773900098033,
      "f1_micro": 0.1482638888888889,
      "f1_weighted": 0.1421638990294097,
      "confusion_matrix": [
        [
          55,
          50,
          11,
          1,
          53,
          39,
          18,
          25,
          16
        ],
        [
          53,
          128,
          23,
          5,
          48,
          24,
          62,
          29,
          24
        ],
        [
          89,
          128,
          33,
          23,
          60,
          82,
          90,
          56,
          86
        ],
        [
          97,
          153,
          29,
          15,
          82,
          107,
          104,
          102,
          112
        ],
        [
          130,
          184,
          36,
          20,
          156,
          132,
          132,
          91,
          121
        ],
        [
          71,
          94,
          36,
          21,
          83,
          129,
          90,
          49,
          65
        ],
        [
          90,
          205,
          48,
          23,
          174,
          145,
          204,
          102,
          141
        ],
        [
          82,
          75,
          28,
          7,
          84,
          60,
          123,
          90,
          97
        ],
        [
          26,
          12,
          12,
          6,
          40,
          42,
          31,
          17,
          44
        ]
      ]
    }
  },
  "run_timestamp": "20251208_104648_231155",
  "params_hash": "66d75cbaf6ffef5055de81d28c31a1c6fb447639d29a841d17c07e884f7a48dd"
}